VEH_NO,PER_NO,ST_CASE,P1,P2,P3,P4,P5,P6,P7,P8,P9,P10
1,1,10680,0,0,0,0,0,0,0,0,0,0
2,1,10680,0,0,0,0,0,0,0,0,0,0
1,1,10681,31,31,31,31,31,31,31,31,31,31
2,1,10681,0,0,0,0,0,0,0,0,0,0
1,1,10682,25,0,23,1,36,18,0,23,21,16
1,1,10683,0,0,0,0,0,0,0,0,0,0
1,1,10684,0,0,0,0,0,0,0,0,0,0
2,1,10684,0,4,0,0,0,0,0,0,0,0
0,1,10685,0,0,0,0,0,0,0,0,0,0
1,1,10685,19,0,8,3,25,0,11,3,0,0
1,1,10686,0,0,0,0,0,0,0,0,0,0
2,1,10686,0,0,0,0,0,0,0,0,0,0
1,1,10687,0,0,0,0,0,0,0,0,0,0
2,1,10687,0,0,0,0,0,0,0,0,0,0
1,1,10688,0,0,0,0,0,2,0,0,0,0
2,1,10688,0,0,0,0,0,0,0,0,0,0
1,1,10689,0,0,0,0,0,0,0,0,0,0
2,1,10689,0,0,0,0,0,0,0,0,0,0
1,1,10690,8,0,0,0,0,3,0,9,10,8
1,1,10691,22,22,22,22,22,22,22,22,22,22
1,1,10692,6,6,6,6,6,6,6,6,6,6
1,1,10693,0,0,0,0,0,0,0,0,0,0
1,1,10694,21,4,24,7,14,6,19,25,24,13
2,1,10694,36,36,36,36,36,36,36,36,36,36
1,1,10695,0,0,0,11,0,0,0,35,0,0
2,1,10695,0,0,0,0,0,0,0,0,0,0
0,1,10696,0,0,0,0,0,0,0,0,0,0
1,1,10696,0,0,0,0,0,0,0,0,0,0
1,1,10697,0,0,0,0,0,0,0,0,0,0
1,1,10698,0,0,0,0,0,0,0,0,0,0
2,1,10698,0,0,0,0,0,0,0,0,0,0
3,1,10698,0,0,0,0,0,0,0,0,0,0
1,1,10699,28,28,28,28,28,28,28,28,28,28
1,1,10700,11,11,20,12,8,15,15,3,4,11
2,1,10700,0,0,0,0,0,0,0,0,0,0
3,1,10700,0,0,0,0,0,0,0,0,0,0
1,1,10701,7,7,7,7,7,7,7,7,7,7
1,1,10702,0,0,0,0,0,0,0,0,0,0
2,1,10702,0,0,0,0,0,0,0,0,0,0
1,1,10703,0,0,0,0,0,0,0,0,0,0
1,1,10704,14,14,14,14,14,14,14,14,14,14
1,1,10705,22,22,22,22,22,22,22,22,22,22
0,1,10706,0,27,0,0,14,0,0,0,0,0
1,1,10706,0,0,0,0,0,0,0,0,0,0
1,1,10707,4,21,0,22,20,0,12,0,3,0
1,1,10708,0,0,0,0,0,0,0,0,0,0
2,1,10708,0,0,0,0,0,0,0,0,0,0
1,1,10709,0,0,15,0,0,15,0,0,8,0
2,1,10709,0,0,0,0,0,0,0,0,0,0
1,1,10710,0,0,0,0,0,0,0,0,0,0
2,1,10710,0,0,0,0,0,0,0,0,0,0
1,1,10711,0,0,0,0,0,20,0,0,0,14
0,1,10712,15,0,20,0,24,16,12,0,0,0
1,1,10712,19,0,5,0,0,0,0,0,0,0
1,1,10713,0,0,0,0,0,0,0,0,0,0
2,1,10713,0,0,0,0,0,0,0,0,0,0
1,1,10714,0,0,0,0,0,0,0,0,11,0
1,1,10715,0,0,0,0,0,0,0,0,0,0
2,1,10715,0,0,0,0,0,0,0,0,0,0
1,1,10716,15,15,15,15,15,15,15,15,15,15
1,1,10717,10,0,0,0,0,0,0,0,0,0
1,1,10718,0,0,0,0,0,0,0,0,0,0
1,1,10719,0,0,0,0,0,0,0,0,0,0
2,1,10719,0,0,0,0,0,0,0,0,0,0
1,1,10720,0,0,0,0,0,0,0,0,0,0
2,1,10720,0,0,0,0,0,0,0,0,0,0
1,1,10721,0,9,17,5,0,0,0,0,0,0
1,1,10722,0,0,0,0,0,0,0,0,0,0
2,1,10722,0,0,0,0,0,0,0,0,0,0
1,1,10723,0,0,0,0,0,0,0,0,0,0
1,1,10724,0,0,0,0,0,0,0,0,0,0
2,1,10724,0,0,0,0,0,0,0,0,0,0
1,1,10725,0,27,12,25,0,23,0,13,0,11
2,1,10725,0,0,7,0,0,0,19,10,0,0
1,1,10726,0,0,18,0,0,0,0,0,0,2
1,1,10727,0,0,0,0,0,0,0,0,0,0
2,1,10727,0,0,0,0,0,0,0,0,0,0
1,1,10728,0,0,0,0,0,0,0,0,0,0
2,1,10728,21,0,0,0,0,0,0,10,0,0
1,1,10729,0,0,0,0,0,0,0,0,0,0
2,1,10729,0,0,0,0,0,0,0,0,0,0
3,1,10729,0,0,0,0,0,0,0,0,0,0
0,1,10730,0,0,0,0,0,0,0,0,0,0
1,1,10730,0,0,0,0,0,0,0,0,0,0
1,1,10731,0,0,0,0,0,0,0,0,0,0
2,1,10731,0,0,0,0,0,0,0,0,0,0
1,1,10732,0,0,0,0,0,0,0,0,0,0
1,1,10733,0,0,0,0,0,0,0,0,0,0
2,1,10733,0,0,0,0,0,0,0,0,0,0
1,1,10734,24,0,0,0,13,0,0,0,25,0
1,1,10735,0,0,0,0,0,0,0,0,0,0
2,1,10735,0,0,0,0,0,0,0,0,0,0
1,1,10736,0,0,0,0,0,0,0,0,0,0
2,1,10736,0,0,0,0,0,0,0,0,0,0
1,1,10737,1,1,1,1,1,1,1,1,1,1
1,1,10738,12,12,12,12,12,12,12,12,12,12
1,1,10739,0,15,0,0,0,0,0,20,0,0
1,1,10740,0,0,0,0,0,0,0,0,0,0
1,1,10741,0,0,0,0,0,0,0,0,0,0
2,1,10741,0,4,0,0,0,0,0,0,0,0
3,1,10741,0,0,0,0,0,0,0,0,0,0
1,1,10742,3,3,3,3,3,3,3,3,3,3
1,1,10743,0,0,0,0,35,0,24,0,0,0
1,1,10744,25,16,8,0,0,28,15,15,22,13
1,1,10745,0,0,0,0,0,0,0,0,0,0
2,1,10745,0,0,0,0,0,0,0,0,0,0
1,1,10746,0,0,0,0,0,0,0,0,5,0
1,1,10747,0,0,0,0,0,0,0,0,0,0
1,1,10748,0,7,0,12,13,11,5,16,10,10
1,1,10749,0,0,0,0,0,0,0,0,0,0
2,1,10749,0,0,0,0,0,0,0,11,0,0
1,1,10750,25,25,25,25,25,25,25,25,25,25
2,1,10750,0,0,0,0,0,0,0,0,0,0
1,1,10751,0,0,0,0,0,0,0,0,0,0
2,1,10751,0,0,0,0,0,0,0,0,0,0
0,1,10752,12,0,0,0,46,5,5,0,0,0
1,1,10752,0,0,0,0,0,0,0,0,5,0
1,1,10753,30,30,30,30,30,30,30,30,30,30
2,1,10753,0,0,0,0,0,0,0,0,0,0
1,1,10754,0,0,0,0,0,0,0,0,0,0
1,1,10755,0,0,14,0,16,0,0,0,0,0
2,1,10755,8,0,0,0,0,0,0,0,0,0
1,1,10756,0,0,0,0,0,0,0,0,0,0
2,1,10756,0,0,0,0,0,0,0,3,0,0
1,1,10757,23,22,16,32,20,25,31,10,7,28
0,1,10758,0,0,0,29,0,0,0,0,14,0
1,1,10758,0,0,0,0,0,0,0,0,0,0
1,1,10759,0,0,0,0,0,0,0,0,0,0
1,1,10760,25,25,25,25,25,25,25,25,25,25
1,1,10761,0,0,0,0,0,0,0,0,0,0
1,1,10762,30,0,32,13,0,10,26,24,32,0
1,1,10763,0,0,0,0,0,0,0,0,0,0
2,1,10763,18,0,0,0,0,0,0,0,0,0
1,1,10764,0,0,0,0,0,11,0,0,0,0
2,1,10764,0,0,0,0,0,0,0,0,0,0
1,1,10765,0,0,0,0,0,0,0,0,0,0
1,1,10766,0,0,12,0,0,0,18,0,0,8
1,1,10767,0,0,0,0,0,0,0,0,0,0
2,1,10767,0,0,0,5,0,0,0,0,0,0
0,1,10768,0,0,24,24,21,0,18,5,0,19
1,1,10768,0,19,0,0,0,0,0,0,0,0
0,1,10769,11,15,16,16,27,23,20,29,27,18
1,1,10769,0,0,20,0,0,6,0,0,0,9
1,1,10770,0,0,12,0,0,0,0,0,0,0
2,1,10770,0,0,0,0,0,0,0,0,0,0
3,1,10770,0,0,0,0,0,0,0,0,0,0
1,1,10771,0,0,0,0,0,0,0,0,0,0
1,1,10772,0,19,8,15,0,0,13,25,0,0
0,1,10773,0,0,0,0,10,0,26,11,17,0
1,1,10773,0,0,0,0,0,0,0,0,0,0
1,1,10774,0,0,0,0,0,0,0,0,0,0
2,1,10774,0,0,0,0,0,0,0,0,0,0
1,1,10775,0,0,0,0,0,0,0,0,0,0
2,1,10775,0,0,0,0,0,0,0,0,0,0
3,1,10775,0,0,0,0,0,0,0,0,0,0
1,1,10776,0,0,0,0,0,0,0,0,0,10
2,1,10776,0,0,0,0,21,0,0,0,0,0
1,1,20001,0,0,0,0,0,0,0,0,0,0
2,1,20001,1,1,1,1,1,1,1,1,1,1
1,1,20002,0,0,0,0,0,0,0,0,0,0
2,1,20002,0,0,0,0,0,0,0,0,0,0
1,1,20003,0,0,0,0,0,0,0,0,0,0
2,1,20003,0,0,0,0,0,0,0,0,0,0
0,1,20004,28,28,28,28,28,28,28,28,28,28
1,1,20004,0,0,0,0,0,0,0,0,0,0
1,1,20005,0,0,0,0,0,0,0,0,0,0
2,1,20005,0,0,0,0,0,0,0,0,0,0
1,1,20006,0,0,0,0,0,0,0,0,0,0
2,1,20006,0,20,0,0,0,0,0,0,0,0
1,1,20007,17,17,17,17,17,17,17,17,17,17
1,1,20008,5,5,5,5,5,5,5,5,5,5
1,1,20009,11,11,11,11,11,11,11,11,11,11
1,1,20010,18,18,18,18,18,18,18,18,18,18
0,1,20011,0,0,0,0,0,0,0,0,0,0
1,1,20011,0,0,0,0,0,0,0,0,0,0
1,1,20012,0,0,0,0,0,0,0,0,0,0
1,1,20013,0,0,0,0,0,0,0,0,0,0
2,1,20013,0,0,0,0,0,0,0,0,0,0
3,1,20013,0,0,4,0,0,11,0,0,0,0
1,1,20014,0,0,0,0,0,0,0,0,0,0
2,1,20014,0,0,0,0,0,0,0,0,0,0
1,1,20015,18,18,18,18,18,18,18,18,18,18
1,1,20016,0,0,0,0,0,0,0,0,0,0
1,1,20017,16,16,16,16,16,16,16,16,16,16
1,1,20018,9,21,16,15,4,28,13,21,11,12
1,1,20019,0,0,0,0,0,0,0,0,0,0
2,1,20019,0,0,0,0,0,0,0,0,0,0
0,1,20020,1,1,1,1,1,1,1,1,1,1
1,1,20020,0,0,0,0,0,0,0,0,0,0
0,1,20021,0,0,0,0,0,0,0,0,0,0
1,1,20021,0,0,0,0,0,0,0,0,0,0
1,1,20022,0,0,0,0,0,0,0,0,0,0
2,1,20022,0,0,0,0,0,0,0,0,0,0
1,1,20023,24,24,24,24,24,24,24,24,24,24
1,1,20024,0,0,0,0,0,0,0,0,0,0
2,1,20024,0,0,0,0,0,0,0,0,0,0
0,1,20025,0,0,0,0,0,0,0,0,0,0
1,1,20025,0,0,0,0,0,0,0,0,0,0
1,1,20026,0,0,0,0,0,0,0,0,0,0
2,1,20026,0,0,0,0,0,0,0,0,0,0
1,1,20027,31,31,31,31,31,31,31,31,31,31
2,1,20027,0,0,0,0,0,0,0,0,0,0
1,1,20028,0,0,0,0,0,0,0,0,0,0
2,1,20028,0,0,0,0,0,0,0,0,0,0
3,1,20028,0,0,0,0,0,0,0,0,0,0
4,1,20028,0,0,0,0,0,0,0,0,0,0
1,1,20029,0,0,0,0,0,0,0,0,0,0
2,1,20029,0,0,0,0,0,0,0,0,0,0
1,1,20030,0,0,0,0,0,0,0,0,0,0
1,1,20031,0,0,0,0,0,0,0,0,0,0
1,1,20032,24,24,24,24,24,24,24,24,24,24
1,1,20033,0,0,0,0,0,0,0,0,0,0
2,1,20033,0,0,0,0,0,0,12,0,0,0
1,1,20034,1,1,1,1,1,1,1,1,1,1
0,1,20035,0,0,0,0,0,0,0,0,0,0
1,1,20035,0,0,0,0,0,0,0,0,0,0
1,1,20036,0,0,0,0,0,0,0,0,0,0
2,1,20036,4,4,4,4,4,4,4,4,4,4
1,1,20037,26,26,26,26,26,26,26,26,26,26
1,1,20038,0,0,16,0,28,0,0,0,0,0
1,1,20039,0,0,0,0,0,0,0,0,0,0
2,1,20039,0,0,0,0,0,0,0,0,0,0
3,1,20039,0,0,0,0,0,0,0,0,0,0
4,1,20039,0,0,0,0,16,0,0,0,0,0
0,1,20040,37,37,37,37,37,37,37,37,37,37
1,1,20040,0,0,0,0,0,0,0,0,0,0
1,1,20041,0,0,0,0,0,0,0,0,0,0
2,1,20041,0,0,0,0,0,0,0,0,0,0
1,1,20042,0,0,0,0,0,0,0,0,0,0
1,1,20043,0,0,0,0,0,0,0,0,0,0
2,1,20043,0,0,0,0,0,0,0,0,0,0
3,1,20043,0,0,0,0,0,0,0,0,0,0
0,1,20044,31,31,31,31,31,31,31,31,31,31
1,1,20044,0,0,0,0,0,0,0,0,0,0
0,1,20045,0,0,0,0,0,0,0,0,0,0
1,1,20045,0,0,0,0,0,0,0,0,0,0
1,1,20046,15,15,15,15,15,15,15,15,15,15
2,1,20046,0,0,0,0,0,0,0,0,0,0
1,1,20047,19,19,19,19,19,19,19,19,19,19
1,1,20048,32,32,32,32,32,32,32,32,32,32
2,1,20048,0,0,0,0,0,0,0,0,0,0
1,1,20049,0,0,0,0,0,0,0,0,0,0
0,1,20050,28,28,28,28,28,28,28,28,28,28
0,2,20050,41,41,41,41,41,41,41,41,41,41
1,1,20050,0,0,0,0,0,0,0,0,0,0
1,1,20051,0,0,0,0,0,0,0,0,0,0
0,1,20052,0,0,0,0,0,0,0,0,0,0
1,1,20052,0,0,0,0,0,0,0,0,0,0
1,1,20053,33,33,33,33,33,33,33,33,33,33
1,1,20054,26,26,26,26,26,26,26,26,26,26
1,1,20055,0,0,0,0,0,0,0,0,0,0
2,1,20055,0,0,0,0,0,0,0,0,0,0
3,1,20055,0,0,0,0,0,0,0,0,0,0
1,1,20056,0,0,0,0,0,0,0,0,0,0
1,1,20057,14,14,14,14,14,14,14,14,14,14
1,1,20058,0,0,0,0,0,0,0,0,0,0
2,1,20058,0,0,0,0,0,0,0,0,0,0
0,1,20059,24,24,24,24,24,24,24,24,24,24
1,1,20059,14,14,14,14,14,14,14,14,14,14
0,1,40001,21,21,21,21,21,21,21,21,21,21
1,1,40001,0,0,13,0,0,2,0,0,0,6
1,1,40002,0,0,0,0,0,0,0,0,0,0
1,1,40003,0,0,0,0,0,0,0,0,0,0
1,1,40004,0,0,0,0,0,0,5,0,0,0
1,1,40005,0,0,17,0,18,11,24,0,26,0
2,1,40005,0,14,0,0,0,0,19,0,17,0
1,1,40006,0,0,0,0,0,0,0,0,0,0
2,1,40006,0,0,0,0,0,0,0,0,0,0
1,1,40007,0,0,0,0,0,0,0,0,0,0
2,1,40007,0,0,0,0,0,0,0,0,0,0
1,1,40008,3,3,3,3,3,3,3,3,3,3
1,1,40009,0,0,0,0,0,0,0,0,0,0
1,1,40010,0,0,0,0,13,0,0,7,0,7
1,1,40011,0,0,0,0,0,0,0,0,0,0
2,1,40011,0,0,0,0,0,0,0,0,0,0
1,1,40012,1,1,1,1,1,1,1,1,1,1
1,1,40013,0,0,0,0,0,0,0,0,0,0
2,1,40013,0,0,0,0,0,0,0,0,0,0
1,1,40014,0,0,0,0,0,0,0,0,0,0
2,1,40014,6,6,6,6,6,6,6,6,6,6
0,1,40015,0,0,0,0,0,0,0,0,0,0
1,1,40015,0,0,0,0,0,0,0,0,0,0
1,1,40016,0,0,0,2,0,0,0,0,0,0
1,1,40017,0,0,0,0,0,0,0,0,0,6
2,1,40017,0,0,0,0,0,0,0,0,0,0
1,1,40018,0,0,0,0,0,0,0,0,0,0
2,1,40018,0,0,0,0,0,0,0,0,0,0
1,1,40019,0,0,0,0,0,0,0,0,0,0
2,1,40019,0,0,0,0,0,0,0,0,0,0
1,1,40020,0,0,0,0,0,0,0,0,0,0
0,1,40021,18,18,18,18,18,18,18,18,18,18
1,1,40021,0,0,0,0,0,0,0,0,0,0
1,1,40022,0,0,0,0,0,0,0,0,0,0
2,1,40022,0,0,0,0,0,0,0,0,0,0
1,1,40023,0,0,0,4,6,0,0,0,0,0
1,1,40024,0,0,0,0,0,0,0,0,0,0
1,1,40025,0,0,0,0,0,0,0,0,0,0
0,1,40026,24,24,24,24,24,24,24,24,24,24
1,1,40026,0,0,0,0,0,0,0,0,0,0
1,1,40027,0,0,0,0,0,17,0,0,0,0
2,1,40027,0,0,0,0,0,0,0,0,0,0
0,1,40028,23,23,23,23,23,23,23,23,23,23
1,1,40028,0,0,0,0,0,19,14,0,0,8
1,1,40029,0,0,0,0,0,0,0,0,0,0
1,1,40030,0,0,0,0,0,0,0,0,0,0
2,1,40030,0,0,0,0,3,0,2,0,0,0
3,1,40030,0,0,0,0,0,0,0,0,0,0
1,1,40031,0,0,0,0,0,0,0,0,0,0
2,1,40031,0,0,0,0,0,0,0,0,0,0
3,1,40031,0,0,0,0,0,0,0,0,0,0
0,1,40032,15,15,15,15,15,15,15,15,15,15
1,1,40032,0,0,0,0,0,0,0,0,0,0
1,1,40033,25,14,34,13,25,8,14,30,24,10
1,1,40034,14,10,16,7,25,15,4,10,24,15
0,1,40035,0,0,0,0,0,0,0,0,0,0
1,1,40035,0,0,0,0,0,0,0,0,0,0
1,1,40036,20,20,20,20,20,20,20,20,20,20
1,1,40037,0,0,0,0,0,0,0,0,0,0
2,1,40037,0,0,0,0,0,0,0,0,0,0
1,1,40038,0,0,0,0,0,0,0,0,0,0
2,1,40038,0,0,0,0,0,8,0,0,0,0
1,1,40039,13,13,13,13,13,13,13,13,13,13
1,1,40040,0,0,0,0,0,0,0,0,0,0
1,1,40041,0,0,0,0,0,0,0,0,0,0
1,1,40042,0,0,0,0,0,0,0,0,0,0
1,1,40043,0,0,0,0,0,0,0,0,0,0
2,1,40043,3,3,3,3,3,3,3,3,3,3
1,1,40044,0,0,0,0,0,0,0,0,0,0
1,1,40045,23,23,23,23,23,23,23,23,23,23
1,1,40046,9,9,9,9,9,9,9,9,9,9
1,1,40047,0,0,0,0,0,0,0,0,0,0
2,1,40047,0,0,0,0,0,0,0,0,0,0
1,1,40048,7,7,7,7,7,7,7,7,7,7
1,1,40049,0,0,0,0,0,0,0,0,0,0
2,1,40049,0,0,0,0,0,0,0,0,0,0
1,1,40050,0,0,0,0,0,0,0,0,0,0
2,1,40050,0,0,0,0,0,0,0,0,0,0
1,1,40051,0,0,0,0,0,0,0,12,16,0
1,1,40052,17,17,17,17,17,17,17,17,17,17
1,1,40053,0,0,0,11,0,0,0,0,0,0
2,1,40053,0,0,0,0,0,0,0,0,0,0
1,1,40054,18,18,18,18,18,18,18,18,18,18
2,1,40054,0,11,0,0,24,0,0,14,0,0
1,1,40055,0,0,0,0,0,0,0,0,0,0
1,1,40056,0,0,0,0,0,0,0,0,0,0
1,1,40057,13,13,13,13,13,13,13,13,13,13
1,1,40058,0,0,0,0,0,0,0,0,0,0
1,1,40059,0,0,0,0,0,0,0,0,0,0
2,1,40059,0,0,0,0,0,0,0,0,0,0
1,1,40060,0,0,0,0,0,0,0,0,0,0
1,1,40061,0,0,0,0,0,0,0,0,0,0
2,1,40061,0,0,0,0,0,0,0,0,0,0
1,1,40062,0,0,0,0,0,0,0,17,14,0
1,1,40063,0,0,0,0,0,0,0,0,0,0
2,1,40063,0,0,0,0,0,0,0,0,0,0
1,1,40064,13,13,13,13,13,13,13,13,13,13
1,1,40065,14,14,14,14,14,14,14,14,14,14
2,1,40065,11,14,11,16,19,0,7,18,27,9
1,1,40066,11,11,11,11,11,11,11,11,11,11
2,1,40066,12,0,0,0,0,0,0,0,0,0
3,1,40066,0,0,0,0,0,0,0,0,0,0
1,1,40067,0,0,0,0,0,0,0,0,0,0
2,1,40067,0,0,0,0,0,0,0,0,0,0
3,1,40067,0,0,0,3,0,0,1,0,0,10
1,1,40068,20,20,20,20,20,20,20,20,20,20
1,1,40069,0,0,0,0,0,0,0,0,0,0
0,1,40070,0,0,0,0,0,0,0,0,0,0
1,1,40070,10,10,10,10,10,10,10,10,10,10
1,1,40071,0,0,0,0,0,0,0,0,0,0
1,1,40072,0,0,0,0,0,0,0,0,0,0
1,1,40073,20,16,5,10,16,7,23,12,6,8
2,1,40073,0,0,0,0,0,0,0,0,0,0
2,1,40074,16,16,16,16,16,16,16,16,16,16
4,1,40074,0,0,0,0,0,0,0,0,0,0
1,1,40075,0,0,0,0,0,0,0,0,0,0
2,1,40075,0,0,0,0,8,0,0,0,0,0
0,1,40076,0,0,0,0,0,0,0,0,0,0
1,1,40076,0,0,0,0,0,0,0,0,0,0
2,1,40076,0,0,0,5,0,0,0,0,0,0
1,1,40077,0,0,0,0,0,0,0,0,0,0
0,1,40079,15,15,15,15,15,15,15,15,15,15
1,1,40079,0,0,0,0,0,0,0,0,0,0
1,1,40080,0,0,0,7,0,0,0,0,0,0
2,1,40080,0,0,0,0,0,0,0,0,0,0
0,1,40082,0,0,0,0,0,0,0,0,0,0
1,1,40082,0,0,0,0,0,0,0,0,0,0
1,1,40083,0,0,0,0,0,0,0,0,0,0
1,1,40084,22,22,22,22,22,22,22,22,22,22
1,1,40085,13,23,17,8,14,20,18,6,8,10
0,1,40086,0,0,0,0,0,0,0,0,0,0
1,1,40086,0,0,0,0,0,0,0,0,0,0
1,1,40087,23,23,23,23,23,23,23,23,23,23
2,1,40087,0,0,0,0,0,0,0,0,0,0
1,1,40088,0,0,0,0,0,0,0,0,0,0
1,1,40089,0,0,0,0,0,0,0,0,0,0
2,1,40089,0,7,0,0,10,0,0,0,0,0
1,1,40090,0,0,0,0,0,0,0,0,0,0
2,1,40090,0,0,0,0,0,0,0,0,0,0
1,1,40091,22,22,22,22,22,22,22,22,22,22
1,1,40093,0,0,0,0,0,0,0,0,0,0
1,1,40094,0,0,0,0,0,0,0,0,0,0
2,1,40094,0,0,0,0,0,0,0,0,0,0
1,1,40095,0,0,0,0,0,0,0,0,0,0
2,1,40095,0,0,0,0,0,0,0,0,0,0
1,1,40096,0,0,0,0,0,0,0,0,0,0
1,1,40097,26,26,26,26,26,26,26,26,26,26
1,1,40098,0,18,0,0,12,0,0,0,0,0
2,1,40098,5,0,0,0,6,0,0,0,0,11
1,1,40099,0,0,0,0,0,14,0,0,0,9
2,1,40099,0,0,0,0,0,0,0,0,0,0
1,1,40100,31,31,31,31,31,31,31,31,31,31
1,1,40101,0,0,0,0,0,0,0,0,0,0
2,1,40101,0,0,0,0,0,0,0,0,0,0
1,1,40102,19,19,19,19,19,19,19,19,19,19
0,1,40103,0,0,0,0,0,0,0,0,0,0
0,2,40103,0,0,0,0,0,0,0,0,0,0
1,1,40103,0,0,0,0,0,0,0,0,0,30
1,1,40104,0,0,0,0,0,0,0,0,0,0
0,1,40105,0,0,0,0,0,0,0,0,0,0
1,1,40105,0,0,0,0,0,0,0,0,0,0
1,1,40106,0,0,0,0,0,0,0,0,0,0
1,1,40107,17,17,17,17,17,17,17,17,17,17
1,1,40108,0,0,0,0,0,0,0,0,0,0
2,1,40108,0,0,0,0,0,0,0,0,0,0
1,1,40109,0,0,0,0,0,0,0,0,0,0
1,1,40110,0,0,0,0,0,0,0,0,0,0
1,1,40111,27,27,27,27,27,27,27,27,27,27
1,1,40112,26,26,26,26,26,26,26,26,26,26
2,1,40112,0,0,0,0,0,0,0,0,0,0
1,1,40113,0,0,0,0,0,0,0,0,0,0
0,1,40114,0,0,0,0,0,0,0,0,0,0
1,1,40114,0,0,0,0,0,0,7,0,0,0
1,1,40115,0,0,0,0,0,0,0,0,0,0
1,1,40116,0,0,0,0,0,0,0,0,0,0
1,1,40117,0,0,0,0,0,0,0,0,0,0
1,1,40118,6,6,6,6,6,6,6,6,6,6
0,1,40119,16,21,24,17,0,17,16,12,14,0
1,1,40119,0,0,0,0,0,0,0,0,0,0
1,1,40120,0,0,0,0,0,0,0,0,0,0
1,1,40121,0,0,0,0,0,0,0,0,0,0
2,1,40121,21,21,21,21,21,21,21,21,21,21
1,1,40122,0,0,0,0,0,0,0,0,0,0
1,1,40123,7,7,7,7,7,7,7,7,7,7
0,1,40124,52,52,52,52,52,52,52,52,52,52
1,1,40124,0,0,0,0,0,0,22,9,26,0
1,1,40125,11,11,11,11,11,11,11,11,11,11
2,1,40125,0,0,0,0,0,0,0,0,0,0
1,1,40126,0,0,0,0,0,0,0,0,0,0
0,1,40127,26,26,26,26,26,26,26,26,26,26
1,1,40127,0,0,0,0,0,0,0,0,0,0
1,1,40128,0,0,0,0,0,0,0,0,0,0
1,1,40129,0,0,13,0,0,0,0,0,0,0
2,1,40129,0,0,0,0,0,19,0,0,6,0
1,1,40130,0,0,0,0,0,0,0,0,0,0
2,1,40130,0,0,0,9,0,0,9,0,0,0
1,1,40131,0,0,0,0,0,0,0,0,0,0
2,1,40131,0,0,0,0,0,0,0,0,0,0
1,1,40132,0,0,0,0,0,0,0,0,0,0
2,1,40132,7,0,0,0,0,0,0,0,0,0
1,1,40133,0,0,0,15,0,0,0,0,0,0
1,1,40134,0,0,0,0,0,0,0,0,0,0
2,1,40134,0,0,0,0,0,0,0,0,0,0
1,1,40135,17,17,17,17,17,17,17,17,17,17
1,1,40136,0,0,0,0,0,0,0,0,0,0
2,1,40136,0,0,0,0,0,0,0,0,0,0
1,1,40137,0,0,0,0,0,0,0,0,0,0
2,1,40137,0,0,0,0,0,0,0,0,0,0
1,1,40138,18,18,18,18,18,18,18,18,18,18
1,1,40139,13,13,13,13,13,13,13,13,13,13
2,1,40139,0,0,0,0,0,0,0,0,0,0
1,1,40140,0,30,0,0,20,0,0,7,0,0
0,1,40141,0,0,0,0,0,0,0,0,0,0
1,1,40141,0,0,0,0,0,0,0,0,0,0
1,1,40142,0,0,0,0,0,0,0,0,0,0
2,1,40142,0,0,0,0,0,0,0,0,0,0
1,1,40143,0,0,0,0,0,0,0,0,0,0
2,1,40143,0,0,14,0,0,0,0,0,0,0
2,1,40144,28,0,16,9,5,4,3,3,0,7
1,1,40145,0,10,9,32,4,21,5,9,0,0
0,1,40146,0,0,0,0,0,0,0,0,0,0
1,1,40146,0,0,0,0,0,0,0,0,0,0
1,1,40147,0,0,0,0,0,0,0,0,0,0
2,1,40147,0,0,0,0,0,0,0,0,0,0
1,1,40148,16,16,16,16,16,16,16,16,16,16
2,1,40148,0,0,0,0,0,0,0,0,0,0
1,1,40151,0,0,0,0,0,0,0,0,0,0
2,1,40151,0,0,0,0,0,0,0,0,0,0
3,1,40151,0,0,0,0,0,0,8,0,0,0
4,1,40151,0,0,0,0,0,0,0,0,0,0
5,1,40151,0,0,0,0,0,0,0,0,0,0
1,1,40152,0,0,0,0,0,0,0,0,0,0
2,1,40152,0,0,0,0,0,0,0,0,0,0
3,1,40152,22,0,0,0,0,0,0,0,0,0
0,1,40153,25,25,25,25,25,25,25,25,25,25
1,1,40153,0,0,0,0,0,0,0,0,0,0
0,1,40154,19,19,19,19,19,19,19,19,19,19
1,1,40154,5,4,0,5,23,8,14,0,0,0
1,1,40155,0,0,0,0,0,0,0,0,0,15
2,1,40155,0,0,0,0,0,0,0,0,0,0
3,1,40155,0,0,0,0,0,0,0,0,0,0
1,1,40156,12,12,12,12,12,12,12,12,12,12
2,1,40156,0,0,0,0,0,0,0,0,0,0
1,1,40157,18,18,18,18,18,18,18,18,18,18
0,1,40158,0,0,0,0,0,0,0,0,0,0
1,1,40158,4,4,15,9,24,8,7,14,0,8
1,1,40159,0,0,0,0,0,0,0,0,0,0
1,1,40160,0,0,0,0,0,0,0,0,0,0
0,1,40161,17,17,17,17,17,17,17,17,17,17
1,1,40161,0,0,0,0,0,0,0,0,0,0
1,1,40162,1,1,1,1,1,1,1,1,1,1
1,1,40163,11,11,11,11,11,11,11,11,11,11
2,1,40163,0,0,0,0,0,0,0,0,0,0
0,1,40164,0,0,0,0,0,0,0,0,0,0
1,1,40164,0,0,0,0,0,0,0,0,0,0
0,1,40165,0,0,0,0,0,0,0,0,0,0
1,1,40165,0,0,0,0,0,0,0,0,0,0
0,1,40166,0,0,0,0,0,0,0,0,0,0
1,1,40166,0,0,0,0,0,0,0,0,0,0
1,1,40167,14,14,14,14,14,14,14,14,14,14
1,1,40168,0,0,0,0,0,0,0,0,0,0
1,1,40169,20,20,20,20,20,20,20,20,20,20
2,1,40169,0,0,0,0,0,0,0,0,0,0
1,1,40170,11,11,11,11,11,11,11,11,11,11
2,1,40170,7,7,7,7,7,7,7,7,7,7
1,1,40171,0,0,0,0,0,3,0,0,0,0
1,1,40172,0,0,0,0,0,0,0,0,0,0
1,1,40173,0,0,0,0,0,0,0,0,0,0
2,1,40173,0,0,0,0,0,0,0,0,0,0
3,1,40173,0,0,0,0,0,0,0,0,0,0
4,1,40173,0,0,0,0,0,0,0,0,0,0
1,1,40174,47,47,47,47,47,47,47,47,47,47