VEH_NO,PER_NO,ST_CASE,P1,P2,P3,P4,P5,P6,P7,P8,P9,P10
0,1,40510,0,0,0,0,0,0,0,0,0,0
1,1,40510,0,0,0,0,0,0,0,0,0,0
1,1,40511,19,19,19,19,19,19,19,19,19,19
0,1,40512,0,0,0,0,0,0,0,0,0,0
1,1,40512,0,13,0,0,0,9,0,0,0,0
0,1,40513,0,0,0,0,0,0,0,0,0,0
1,1,40513,0,0,0,0,0,0,0,0,0,0
0,1,40514,28,18,28,13,25,16,18,25,49,30
1,1,40514,7,0,0,0,0,0,0,0,0,0
1,1,40515,0,0,0,0,15,0,0,0,23,0
1,1,40516,0,0,0,0,0,0,0,0,0,0
2,1,40516,0,0,0,0,0,0,0,0,0,0
1,1,40517,0,0,0,0,0,0,0,0,0,0
1,1,40518,0,0,0,0,0,31,22,0,31,33
1,2,40520,15,15,6,0,0,0,11,0,0,0
1,1,40521,0,0,0,0,0,0,0,0,0,0
2,1,40521,0,0,0,0,0,0,0,0,0,0
0,1,40522,0,0,0,0,0,0,0,7,0,0
1,1,40522,11,8,8,7,5,0,0,15,0,0
1,1,40523,14,0,17,0,0,0,2,0,0,6
1,2,40524,21,8,9,10,10,8,24,31,3,10
1,1,40526,0,0,0,0,0,0,0,0,0,0
2,1,40526,0,0,0,0,0,0,0,0,0,0
0,1,40527,0,0,9,28,18,25,37,0,0,0
1,1,40527,0,0,0,0,0,0,0,0,0,0
0,1,40528,11,0,13,0,0,0,0,0,20,0
1,1,40528,18,0,15,9,16,0,0,0,0,4
2,1,40529,0,0,0,0,11,0,0,0,0,0
1,1,40530,22,0,32,18,21,27,0,0,0,0
1,2,40531,24,18,11,12,25,11,18,16,21,23
1,2,40533,0,18,0,34,13,22,0,37,14,0
1,1,40534,22,22,22,22,22,22,22,22,22,22
1,1,40535,0,0,0,0,0,0,0,0,0,0
1,1,40536,0,0,0,0,0,0,0,0,0,0
1,1,40537,2,2,2,2,2,2,2,2,2,2
1,1,40538,0,0,0,0,0,0,0,0,0,0
2,1,40538,0,0,0,0,0,0,0,0,0,0
1,1,40539,0,0,0,0,0,0,0,0,0,0
2,1,40539,0,0,0,0,0,0,0,0,0,0
3,1,40539,0,0,0,24,0,0,0,0,0,0
1,1,40540,0,0,0,0,0,0,0,0,0,0
1,1,40541,0,0,0,0,0,0,0,0,0,0
1,1,40542,26,26,26,26,26,26,26,26,26,26
1,1,40543,0,0,0,0,0,0,0,0,0,0
2,1,40543,0,0,0,0,0,0,27,0,0,0
0,1,40544,0,0,0,0,0,0,0,0,0,0
1,1,40544,0,0,0,0,0,0,0,0,0,0
1,1,40545,0,0,5,0,0,0,0,0,31,9
0,1,40546,23,23,23,23,23,23,23,23,23,23
1,1,40546,0,0,0,0,0,0,0,0,0,0
1,1,40547,13,13,13,13,13,13,13,13,13,13
2,1,40547,0,0,0,0,0,0,0,0,0,0
1,1,40548,0,0,0,0,0,0,0,0,0,0
2,1,40548,0,0,0,0,0,0,0,0,0,0
0,1,40549,0,22,20,25,19,28,33,0,0,16
1,1,40549,15,0,16,0,0,0,0,0,0,0
0,1,40550,43,43,43,43,43,43,43,43,43,43
1,1,40550,0,0,0,0,0,0,0,0,0,0
1,1,40551,0,0,0,0,0,0,0,0,0,0
2,1,40551,0,0,0,0,0,0,0,0,0,0
1,1,40552,0,10,0,13,2,2,9,12,0,7
0,1,40553,0,0,0,0,0,0,0,0,0,0
1,1,40553,0,0,0,0,0,0,0,0,0,0
1,1,40554,12,12,12,12,12,12,12,12,12,12
1,1,40555,0,0,0,0,0,0,0,0,0,0
2,1,40555,0,0,0,0,0,0,0,0,0,0
3,1,40555,0,0,0,0,0,0,0,0,0,0
0,1,40556,0,0,0,31,40,21,0,22,27,0
1,1,40556,0,0,9,0,4,0,0,0,0,0
0,1,40557,0,0,0,0,0,0,0,0,0,0
1,1,40557,0,0,0,0,0,0,0,0,0,0
1,1,40558,15,15,15,15,15,15,15,15,15,15
0,1,40559,25,25,25,25,25,25,25,25,25,25
1,1,40559,18,18,18,18,18,18,18,18,18,18
1,1,40560,0,0,0,0,0,0,0,0,0,0
2,1,40560,10,10,10,10,10,10,10,10,10,10
3,1,40560,14,0,0,0,12,0,0,0,0,24
0,1,40561,26,26,26,26,26,26,26,26,26,26
0,2,40561,38,0,0,13,15,2,0,8,8,60
0,3,40561,15,11,14,0,0,0,32,27,8,19
1,1,40561,5,5,5,5,5,5,5,5,5,5
0,1,40562,0,0,0,0,0,0,0,0,0,0
1,1,40562,0,0,0,0,0,0,0,0,0,0
0,1,40563,17,31,0,25,24,0,17,14,0,17
1,1,40563,0,0,0,0,0,0,0,0,0,0
1,1,40564,0,0,0,0,0,0,0,0,0,0
2,1,40564,0,0,0,0,0,0,0,0,0,0
0,1,40565,0,0,0,0,0,0,0,0,0,0
0,2,40565,0,0,0,0,0,0,0,0,8,0
1,1,40565,0,0,0,0,0,0,0,0,0,0
1,1,40566,0,0,0,0,0,0,0,0,0,0
2,1,40566,0,0,0,0,0,0,0,0,0,0
3,1,40566,0,0,0,0,0,0,0,0,0,0
1,1,40567,0,0,0,0,0,0,0,0,0,0
2,1,40567,0,0,0,0,0,0,0,0,0,0
1,1,40568,0,0,0,0,0,0,0,0,0,0
2,1,40568,0,0,0,0,0,0,0,0,0,0
0,1,40569,0,27,33,15,24,14,22,20,14,38
1,1,40569,0,0,5,0,0,0,0,0,0,0
1,1,40570,25,25,25,25,25,25,25,25,25,25
0,1,40571,3,0,0,0,0,0,0,0,18,0
1,1,40571,0,0,0,0,0,0,0,0,0,0
1,1,40572,0,0,0,0,0,0,0,0,0,0
2,1,40572,0,0,0,0,0,0,0,0,0,0
1,1,40573,6,6,6,6,6,6,6,6,6,6
2,1,40573,0,0,0,0,0,0,0,0,0,0
0,1,40574,24,24,24,24,24,24,24,24,24,24
1,1,40574,0,0,0,0,0,0,0,0,0,0
1,1,40575,0,3,0,0,23,27,5,15,10,7
1,1,40576,7,7,7,7,7,7,7,7,7,7
1,1,40577,0,0,0,0,0,0,0,0,0,0
1,1,40578,0,0,0,0,0,0,0,0,0,0
1,1,40579,0,0,0,0,6,0,0,0,0,0
2,1,40579,0,0,0,11,0,0,0,0,0,0
1,1,40580,0,0,0,0,0,0,0,0,0,0
2,1,40580,0,0,0,0,0,0,0,0,0,0
3,1,40580,0,0,0,0,0,0,0,0,0,0
1,1,40581,0,0,0,0,0,0,0,0,0,0
1,1,40582,17,12,16,10,15,0,0,23,3,1
2,1,40582,0,0,7,0,0,0,0,0,0,0
1,1,40583,10,5,0,18,16,19,32,4,15,0
0,1,40584,0,0,0,0,0,0,0,0,0,0
1,1,40584,0,0,0,0,0,0,0,0,0,0
0,1,40585,0,0,0,0,0,0,0,0,0,0
1,1,40585,0,0,0,0,0,0,0,0,0,0
0,1,40586,0,0,0,0,0,0,0,0,0,0
1,1,40586,10,0,0,0,0,0,17,0,0,8
0,1,40587,0,0,0,0,0,0,0,0,0,0
0,2,40587,0,0,0,0,0,0,0,0,0,0
0,3,40587,0,0,0,0,0,0,0,0,0,0
0,4,40587,0,0,0,0,0,0,0,0,0,0
0,5,40587,0,0,0,0,0,0,0,0,0,0
1,1,40587,0,0,0,0,0,0,0,0,0,0
1,1,40588,0,0,0,0,0,0,0,0,0,3
2,1,40588,0,0,0,0,0,0,0,0,0,0
1,1,40589,18,18,18,18,18,18,18,18,18,18
0,1,40590,17,17,17,17,17,17,17,17,17,17
1,1,40590,0,0,0,0,0,0,0,0,0,0
1,1,40591,0,0,0,0,0,0,0,0,0,0
1,1,40592,0,0,0,0,0,0,0,0,0,0
1,1,40593,0,0,0,0,0,0,0,0,0,0
0,1,40594,22,0,22,26,30,34,7,13,21,23
1,1,40594,0,0,0,0,12,0,0,0,0,0
0,1,40595,23,23,23,23,23,23,23,23,23,23
1,1,40595,0,0,0,0,0,0,0,0,0,0
1,1,40596,0,0,0,0,0,0,0,0,0,0
2,1,40596,0,0,0,0,0,0,0,0,0,0
1,1,40597,0,0,0,0,0,0,0,8,0,0
1,1,40598,0,0,0,0,0,0,0,0,0,0
2,1,40598,0,0,0,0,0,0,0,0,0,0
1,1,40599,22,22,22,22,22,22,22,22,22,22
1,1,40600,19,19,19,19,19,19,19,19,19,19
0,1,40601,41,41,41,41,41,41,41,41,41,41
1,1,40601,0,0,0,0,0,0,0,0,0,0
1,1,40602,10,10,10,10,10,10,10,10,10,10
0,1,40603,9,9,9,9,9,9,9,9,9,9
1,1,40603,3,7,0,0,0,21,0,0,0,0
0,1,40604,0,0,0,0,0,0,0,0,0,0
1,1,40604,0,0,0,0,5,0,0,0,0,0
1,1,40605,0,0,0,0,0,0,0,0,0,0
1,1,40606,0,0,0,0,0,0,0,0,0,0
2,1,40606,0,0,0,0,0,0,0,0,0,0
1,1,40607,0,0,0,0,0,0,0,0,0,0
1,1,40608,0,0,0,0,0,0,0,0,0,0
2,1,40608,0,0,0,0,0,0,0,0,0,0
1,1,40609,0,0,0,0,0,0,0,0,0,0
2,1,40609,0,0,0,0,0,0,0,0,0,0
1,1,40610,0,0,0,0,0,0,0,0,0,0
2,1,40610,0,0,0,0,0,0,0,0,0,0
0,1,40611,23,23,23,23,23,23,23,23,23,23
1,1,40611,0,0,0,0,0,0,0,0,0,0
1,1,40612,0,0,0,0,0,0,0,0,0,0
1,1,40613,0,0,0,0,0,0,0,0,0,0
2,1,40613,0,0,0,0,0,0,0,0,0,0
1,1,40614,0,0,0,0,0,0,0,0,0,0
2,1,40614,0,0,0,0,0,15,0,0,0,7
1,1,40615,12,16,18,33,12,0,10,23,21,8
1,1,40616,0,0,0,0,0,0,0,0,0,0
1,1,40617,37,37,37,37,37,37,37,37,37,37
1,1,40618,0,0,0,0,0,0,0,0,0,0
1,1,40619,0,18,18,9,0,29,0,14,0,19
0,1,40620,0,0,0,0,0,0,0,0,0,0
1,1,40620,0,0,0,0,0,0,0,0,0,0
1,1,40621,0,0,0,0,0,0,0,0,0,0
1,1,40622,12,12,12,12,12,12,12,12,12,12
1,1,40623,0,0,0,0,0,0,0,0,0,0
0,1,40624,15,15,15,15,15,15,15,15,15,15
1,1,40624,0,0,0,0,0,0,0,0,0,0
1,1,40625,21,21,21,21,21,21,21,21,21,21
1,1,40626,0,0,0,0,0,0,0,0,0,0
2,1,40626,0,14,0,0,0,0,0,0,0,0
1,1,40627,0,0,0,0,0,10,0,9,0,6
0,1,40628,0,0,0,0,0,0,0,0,0,0
0,2,40628,0,0,0,0,0,0,0,0,0,0
0,3,40628,0,0,0,0,0,0,0,0,0,0
0,4,40628,0,0,0,0,0,0,0,0,0,0
1,1,40628,0,13,10,0,0,12,16,14,0,0
1,1,40629,0,0,0,0,0,0,0,0,0,0
2,1,40629,0,0,0,0,0,0,0,0,0,0
0,1,40630,35,35,35,35,35,35,35,35,35,35
1,1,40630,0,0,0,0,0,0,0,0,0,0
1,1,40631,7,0,0,0,6,13,0,7,16,24
1,1,40632,0,0,0,0,0,0,0,0,0,0
2,1,40632,0,0,0,0,0,0,0,0,0,0
1,1,40633,0,0,0,0,6,0,0,0,0,0
2,1,40633,0,0,0,0,0,0,0,0,0,0
1,1,40634,0,0,3,13,15,49,6,0,9,0
1,2,40635,0,0,0,0,0,20,0,16,0,11
1,1,40636,22,22,22,22,22,22,22,22,22,22
2,1,40636,0,0,0,0,0,0,0,0,0,0
0,1,40637,19,19,19,19,19,19,19,19,19,19
1,1,40637,3,3,3,3,3,3,3,3,3,3
1,1,40638,8,0,0,20,21,0,3,8,0,0
0,1,40639,0,0,0,0,0,0,0,0,0,0
0,2,40639,0,0,0,0,0,0,0,0,0,0
1,1,40639,0,0,15,14,2,24,9,9,3,0
0,1,40640,0,0,0,0,0,0,0,0,0,0
1,1,40640,0,0,0,0,0,0,10,0,0,0
2,1,40640,0,0,0,0,0,0,0,0,0,0
1,1,40641,0,0,0,0,0,0,0,0,0,0
2,1,40641,0,0,0,0,0,0,0,0,0,0
1,1,40642,0,0,0,0,0,0,0,0,0,0
2,1,40642,0,0,0,0,0,0,0,0,0,0
1,1,40643,9,9,9,9,9,9,9,9,9,9
1,1,40644,15,15,15,15,15,15,15,15,15,15
1,1,40645,0,0,8,0,0,0,0,0,0,0
2,1,40645,0,0,0,0,0,0,0,0,0,0
1,1,40646,19,0,0,0,0,19,5,0,15,0
2,1,40646,0,12,0,4,0,0,0,0,0,32
0,1,40647,32,32,32,32,32,32,32,32,32,32
1,1,40647,0,0,0,0,0,0,0,0,0,0
1,1,40648,16,16,16,16,16,16,16,16,16,16
1,1,40649,0,0,0,0,0,0,0,0,0,0
1,1,40650,12,12,12,12,12,12,12,12,12,12
0,1,40651,0,0,0,0,0,0,0,0,0,0
1,1,40651,0,0,0,0,0,0,0,0,0,0
0,1,40652,28,28,28,28,28,28,28,28,28,28
1,1,40652,0,0,0,0,0,0,0,0,0,0
1,1,40653,0,0,0,0,0,0,0,0,0,0
1,1,40654,14,14,14,14,14,14,14,14,14,14
0,1,40655,26,26,26,26,26,26,26,26,26,26
1,1,40655,0,0,0,0,0,0,0,0,0,0
1,1,40656,0,0,0,0,0,0,0,0,0,0
0,1,40657,0,0,0,0,0,0,0,0,0,0
1,1,40657,0,0,0,0,0,0,0,0,0,0
1,1,40658,0,0,0,0,0,0,0,0,0,0
1,1,40659,0,0,0,0,0,0,0,0,0,0
2,1,40659,0,0,0,0,0,0,0,0,0,0
1,1,40660,0,0,0,0,0,0,0,0,0,0
1,1,40661,0,0,0,0,0,0,0,0,0,0
1,1,40662,0,0,0,0,0,3,0,0,0,0
2,1,40662,0,0,0,0,0,0,0,0,0,0
3,1,40662,0,0,0,0,0,0,0,0,0,0
4,1,40662,0,0,0,0,0,0,0,0,0,0
5,1,40662,0,0,0,0,0,0,0,0,0,0
6,1,40662,0,6,0,0,0,0,0,0,0,0
7,1,40662,0,0,0,0,0,0,0,0,0,0
8,1,40662,0,0,0,0,0,0,0,0,0,0
9,1,40662,0,0,0,0,0,0,0,0,0,0
10,1,40662,0,0,0,0,0,0,0,0,0,0
11,1,40662,0,0,0,0,0,0,0,0,0,0
12,1,40662,0,0,0,0,0,0,0,0,0,0
13,1,40662,0,0,0,0,0,0,0,0,0,0
1,1,40663,0,0,0,0,0,0,0,0,0,0
1,1,40664,23,23,23,23,23,23,23,23,23,23
1,1,40665,0,0,0,0,0,0,0,0,0,0
1,1,40666,0,0,0,0,0,0,0,0,0,0
2,1,40666,0,0,0,0,0,0,0,0,0,0
0,1,40667,0,21,0,0,0,0,0,0,0,0
1,1,40667,0,0,0,0,0,0,0,0,0,0
1,1,40668,0,0,0,0,0,0,0,0,0,0
2,1,40668,0,0,0,0,0,0,0,0,0,0
1,1,40669,0,0,0,0,0,0,0,0,0,0
1,1,40670,12,12,12,12,12,12,12,12,12,12
2,1,40670,0,0,0,0,0,0,0,0,0,0
0,1,40671,0,0,0,0,0,0,0,0,0,0
1,1,40671,0,0,0,0,0,0,0,0,0,0
1,1,40672,30,30,30,30,30,30,30,30,30,30
0,1,40673,0,0,0,0,0,0,0,0,0,0
1,1,40673,28,0,0,0,12,7,0,0,0,11
0,1,40674,0,0,0,0,0,0,0,0,0,0
1,1,40674,14,14,14,14,14,14,14,14,14,14
0,1,40675,0,13,0,9,0,0,0,12,15,0
1,1,40675,13,0,0,0,4,4,0,0,0,3
0,1,40676,0,0,0,0,0,19,0,20,0,7
1,1,40676,0,15,14,0,14,18,0,0,0,0
1,1,40677,0,0,0,0,0,0,0,0,0,0
2,1,40677,0,0,0,0,0,0,0,0,0,0
1,1,40678,15,15,15,15,15,15,15,15,15,15
1,2,40679,25,0,17,0,0,0,9,0,0,0
1,1,40680,15,15,15,15,15,15,15,15,15,15
1,1,40681,5,5,5,5,5,5,5,5,5,5
2,1,40681,0,0,0,0,0,0,0,0,0,0
1,1,40682,0,0,0,0,0,0,0,0,0,0
2,1,40682,0,0,0,0,0,0,0,0,0,0
3,1,40682,0,0,0,0,0,0,0,0,0,0
1,1,40683,19,5,22,15,8,29,12,17,27,15
0,1,40684,21,21,21,21,21,21,21,21,21,21
1,1,40684,0,0,0,0,0,0,0,0,0,0
1,1,40685,9,17,13,15,6,20,26,15,30,9
1,1,40686,11,17,14,16,5,15,18,6,7,23
1,1,40687,23,23,23,23,23,23,23,23,23,23
2,1,40687,0,0,0,0,0,0,0,0,0,0
1,1,40688,0,0,0,0,0,0,0,0,0,0
2,1,40688,0,0,0,0,0,0,0,0,0,0
0,1,40689,0,0,0,0,0,0,0,0,0,0
1,1,40689,0,0,0,0,0,0,0,0,0,0
1,1,40690,13,13,13,13,13,13,13,13,13,13
0,1,40691,0,0,0,0,0,0,0,0,0,0
1,1,40691,8,8,8,8,8,8,8,8,8,8
1,1,40692,0,0,0,0,0,0,0,0,0,0
2,1,40692,0,0,0,0,0,0,0,0,0,0
0,1,40693,0,0,0,0,0,0,0,0,0,0
1,1,40693,5,18,16,0,0,0,0,0,0,5
1,1,40694,0,0,0,0,0,0,0,0,0,0
2,1,40694,18,18,18,18,18,18,18,18,18,18
1,2,40695,0,3,0,0,15,12,0,0,21,0
0,1,40696,4,4,4,4,4,4,4,4,4,4
1,1,40696,0,0,0,0,0,0,0,0,0,0
0,1,40697,18,18,18,18,18,18,18,18,18,18
1,1,40697,0,0,0,0,0,0,0,0,0,0
1,1,40698,0,0,0,0,0,0,0,0,0,0
2,1,40698,0,0,0,0,0,0,0,0,0,0
3,1,40698,0,0,0,0,0,0,0,0,0,0
1,1,40699,0,0,0,0,0,0,0,0,0,0
2,1,40699,0,0,0,0,0,0,0,0,0,0
1,1,40701,22,22,22,22,22,22,22,22,22,22
0,1,40702,0,0,0,0,0,0,15,0,0,0
1,1,40702,0,0,0,0,0,0,0,0,0,0
0,1,40703,26,26,26,26,26,26,26,26,26,26
1,1,40703,0,0,0,0,0,0,0,0,0,0
2,1,40703,0,0,0,0,0,0,0,0,0,0
0,1,40704,16,16,16,16,16,16,16,16,16,16
1,1,40704,0,0,0,0,0,0,0,0,0,0
1,1,40705,10,10,10,10,10,10,10,10,10,10
2,1,40705,0,0,0,0,0,0,0,0,0,0
1,1,40707,0,0,6,3,11,10,2,0,0,0
1,2,40708,14,15,20,30,0,9,0,15,9,16
0,1,40709,0,0,0,0,0,0,0,0,11,0
1,1,40709,15,0,13,0,0,0,0,0,0,0
1,1,40710,0,0,0,0,0,0,0,0,0,0
1,2,40711,0,0,20,0,0,33,9,0,0,0
0,1,40712,0,0,0,0,0,0,0,0,0,0
1,1,40712,0,6,17,0,11,5,6,2,0,13
1,2,40713,0,0,0,0,0,0,0,0,0,0
1,2,40714,0,15,0,8,0,0,0,5,0,21
1,1,40715,13,13,13,13,13,13,13,13,13,13
1,1,40716,0,0,0,0,0,0,0,0,0,0
1,2,40717,0,0,28,0,0,25,31,0,0,0
1,2,40718,0,0,16,9,34,0,0,0,0,0
1,2,40719,9,0,8,0,0,17,19,0,0,0
1,1,40720,0,0,0,0,0,0,0,0,7,0
2,1,40720,0,0,0,0,0,0,0,0,0,0
1,1,40721,16,0,0,17,0,0,0,0,0,0
1,1,40722,0,0,0,0,0,0,0,0,0,0
2,1,40722,0,0,0,0,0,0,0,0,0,0
1,1,40723,0,0,0,0,0,0,0,0,0,0
1,1,40724,0,0,9,0,0,0,0,0,5,24
1,2,40725,0,0,15,0,17,20,13,0,0,14
1,1,50001,21,21,21,21,21,21,21,21,21,21
1,1,50002,20,20,20,20,20,20,20,20,20,20
1,1,50003,0,0,0,0,0,0,0,0,0,0
1,1,50004,0,0,0,0,0,0,0,0,0,0
2,1,50004,0,0,0,0,0,0,0,0,0,0
1,1,50005,0,0,0,12,9,0,0,0,7,0
1,1,50006,0,0,0,0,0,0,0,0,0,0
2,1,50006,0,0,0,0,0,0,0,0,0,0
1,1,50007,0,0,0,0,0,0,0,0,0,0
0,1,50008,8,0,0,0,0,0,0,0,0,0
1,1,50008,0,0,0,0,0,0,0,0,0,0
2,1,50008,0,0,0,0,0,0,0,0,0,0
3,1,50008,0,0,0,0,0,0,0,0,0,0
4,1,50008,0,0,0,0,0,0,0,0,0,0
6,1,50008,0,0,0,0,0,0,0,0,0,0
7,1,50008,12,0,0,0,0,0,0,0,0,0
1,1,50009,0,0,0,0,0,0,0,0,0,0
1,1,50010,0,0,0,0,0,0,0,0,0,0
1,1,50011,0,0,0,0,0,0,0,0,0,0
2,1,50011,0,0,0,0,0,0,0,0,0,0
1,1,50012,21,21,21,21,21,21,21,21,21,21
2,1,50012,0,0,0,0,0,0,0,0,0,0
0,1,50013,0,0,0,0,0,0,0,0,0,0
1,1,50013,0,0,0,0,0,0,0,0,0,0
1,1,50014,24,24,24,24,24,24,24,24,24,24
1,1,50015,28,28,28,28,28,28,28,28,28,28
1,1,50016,0,0,0,0,0,0,0,0,0,0
2,1,50016,0,0,0,0,0,0,0,0,0,0
3,1,50016,0,0,0,0,0,0,0,0,0,0
1,1,50017,21,21,21,21,21,21,21,21,21,21
1,1,50018,14,14,14,14,14,14,14,14,14,14
0,1,50019,0,0,0,0,0,0,0,0,0,0
1,1,50019,0,0,0,0,0,0,0,0,0,0
1,1,50020,0,0,0,0,0,0,0,0,0,0
2,1,50020,0,0,0,0,0,0,0,0,0,0
3,1,50020,0,0,0,0,0,0,0,0,0,0
1,1,50021,0,0,0,0,0,0,36,0,33,0
1,1,50022,0,0,0,0,0,0,0,0,0,0
2,1,50022,0,0,0,0,0,0,0,0,0,0
1,1,50023,27,27,27,27,27,27,27,27,27,27
0,1,50024,7,7,7,7,7,7,7,7,7,7
1,1,50024,0,0,0,0,0,0,9,0,0,0
1,1,50025,0,0,0,0,0,0,0,0,0,0
2,1,50025,0,0,0,0,0,0,0,0,0,0
3,1,50025,0,0,0,0,0,0,0,0,0,0
1,1,50026,0,0,0,0,0,0,0,0,0,0
1,1,50027,0,0,0,0,0,0,0,0,0,0
2,1,50027,0,0,0,0,0,0,0,0,0,0
1,1,50028,12,12,12,12,12,12,12,12,12,12
2,1,50028,0,0,0,0,0,0,0,0,0,0
1,1,50029,8,8,8,8,8,8,8,8,8,8
1,1,50030,0,0,0,0,0,0,0,0,0,0
1,2,50031,0,10,21,0,0,4,21,13,0,0
1,1,50032,0,0,0,0,0,0,0,0,0,0
2,1,50032,0,0,0,0,0,0,0,0,0,0
3,1,50032,0,0,0,0,0,0,0,0,0,0
1,1,50033,0,0,0,0,0,0,0,0,0,0
1,1,50034,0,0,0,0,4,0,0,0,0,0
0,1,50035,0,0,0,0,0,0,0,0,0,0
1,1,50035,8,8,8,8,8,8,8,8,8,8
1,1,50036,24,24,24,24,24,24,24,24,24,24
2,1,50036,0,0,0,0,0,0,0,0,0,0
1,1,50037,0,0,0,0,0,0,0,0,0,0
1,1,50038,8,8,8,8,8,8,8,8,8,8
1,1,50039,0,0,0,0,0,0,0,0,0,0
1,1,50040,0,0,0,0,0,0,0,0,0,0
2,1,50040,0,0,0,0,0,0,0,0,0,0
3,1,50040,0,0,0,0,0,0,0,0,0,0
1,1,50041,0,0,0,0,0,0,0,0,0,0
2,1,50041,0,0,0,0,0,0,0,0,0,0
1,1,50042,0,0,0,0,0,0,0,0,0,0
1,1,50043,0,0,0,0,0,0,0,0,0,0
2,1,50043,0,0,0,0,0,0,0,0,0,0
0,1,50044,0,0,0,0,0,0,0,0,0,0
1,1,50044,0,0,0,0,0,0,0,0,0,0
1,1,50045,0,0,0,0,0,0,0,0,0,0
2,1,50045,0,0,0,0,0,0,0,0,0,0
3,1,50045,0,0,0,0,0,0,0,0,0,0
1,1,50046,0,0,0,0,0,0,0,0,0,0
1,1,50047,0,0,0,0,0,0,0,0,0,0
0,1,50048,0,0,0,0,0,0,0,0,0,0
1,1,50048,0,0,0,0,0,0,0,0,0,0
1,1,50049,0,0,0,0,0,0,0,0,0,0
2,1,50049,0,0,0,0,0,0,0,0,0,0
1,1,50050,1,1,1,1,1,1,1,1,1,1
1,1,50051,0,0,0,0,0,0,0,0,0,0
1,1,50052,0,0,0,0,0,0,0,0,0,0
2,1,50052,0,0,0,0,0,0,0,0,0,0
1,1,50053,0,0,0,0,0,0,0,0,0,0
2,1,50053,0,0,0,0,0,0,0,0,0,0
1,1,50054,0,0,0,0,0,0,0,0,0,0
0,1,50055,0,0,0,0,0,0,0,0,0,0
1,1,50055,0,0,0,0,0,0,0,0,0,0
2,1,50055,0,0,0,0,0,0,0,0,0,0
1,1,50056,0,0,0,0,0,0,0,0,0,0
2,1,50056,0,0,0,0,0,0,0,0,0,0
1,1,50057,0,0,0,0,0,0,0,0,0,0
2,1,50057,3,3,3,3,3,3,3,3,3,3
1,1,50058,0,23,0,0,0,20,0,33,0,13
1,1,50059,0,0,0,0,0,0,0,0,0,0
1,1,50060,0,0,0,0,0,0,0,0,0,0
2,1,50060,0,0,0,0,0,0,0,0,0,0
1,1,50061,0,0,0,0,0,0,0,0,0,0
2,1,50061,0,0,0,0,0,0,0,0,0,0
1,1,50062,0,0,0,0,10,0,8,0,18,0
1,1,50063,0,0,0,0,0,0,0,0,0,0
1,1,50064,28,28,28,28,28,28,28,28,28,28
1,1,50065,0,0,0,0,0,0,0,0,0,0
2,1,50065,0,0,0,0,0,0,0,0,0,0
1,1,50066,0,0,0,0,0,0,0,0,0,0
2,1,50066,0,0,0,0,0,0,0,0,0,0
1,1,50067,0,0,0,0,0,0,0,0,0,0
2,1,50067,0,0,0,0,0,0,0,0,0,0
1,1,50068,0,0,0,0,0,0,0,0,0,0
2,1,50068,0,0,0,0,0,0,0,0,0,15
1,1,50069,0,0,0,0,0,0,0,0,0,0
2,1,50069,0,0,0,0,0,0,0,0,0,0
3,1,50069,0,0,0,0,0,0,0,0,0,0
1,1,50070,0,0,0,0,0,0,0,0,0,0
2,1,50070,0,0,0,0,0,0,9,0,0,0
0,1,50071,0,0,31,0,13,0,0,0,0,13
2,1,50071,0,0,0,0,0,0,0,0,0,0
1,1,50072,0,0,0,0,0,0,0,0,0,0
1,1,50073,26,26,26,26,26,26,26,26,26,26
1,1,50074,0,0,0,0,0,0,0,0,0,0
2,1,50074,0,0,0,0,0,0,0,0,0,0
1,1,50075,0,0,0,0,0,0,0,0,0,0
2,1,50075,0,0,0,0,0,0,0,0,0,0
1,1,50076,0,0,0,0,0,0,0,0,0,0
2,1,50076,22,22,22,22,22,22,22,22,22,22
1,1,50077,0,0,0,0,0,0,0,0,0,0
1,1,50078,9,9,9,9,9,9,9,9,9,9
1,1,50079,21,21,21,21,21,21,21,21,21,21
2,1,50079,0,0,0,0,0,0,0,0,0,0
1,1,50080,0,0,0,0,0,0,0,0,0,0
2,1,50080,0,0,0,0,0,0,0,0,0,0
1,1,50081,13,13,13,13,13,13,13,13,13,13
1,1,50082,0,0,0,0,0,0,0,0,0,0
2,1,50082,0,0,0,0,0,0,0,0,0,0
3,1,50082,0,0,0,0,0,0,0,0,0,0
1,1,50083,0,0,0,0,0,0,0,0,0,3
1,1,50084,9,9,9,9,9,9,9,9,9,9
1,1,50085,18,18,18,18,18,18,18,18,18,18
1,1,50086,0,9,15,0,18,11,0,0,0,5
1,1,50087,0,0,0,0,0,0,0,12,0,0
1,1,50088,16,0,28,0,0,14,12,0,14,0
2,1,50088,4,4,4,4,4,4,4,4,4,4
3,1,50088,0,0,0,0,0,0,0,0,0,0
1,1,50089,13,13,13,13,13,13,13,13,13,13
1,1,50090,0,0,0,0,0,0,0,0,0,0
0,1,50091,4,29,0,18,16,19,0,9,0,16
1,1,50091,0,0,0,0,0,0,0,0,0,0
1,1,50092,0,0,0,0,0,0,0,0,0,0
2,1,50092,0,0,0,0,0,0,0,0,0,0
0,1,50093,0,0,0,0,0,0,0,0,19,0
1,1,50093,0,0,0,0,0,0,0,0,0,0
1,1,50094,18,18,18,18,18,18,18,18,18,18
1,1,50095,0,0,0,0,0,0,0,0,0,0
1,1,50096,0,0,0,0,0,0,0,0,0,0
1,1,50097,18,18,18,18,18,18,18,18,18,18
1,1,50098,0,0,0,0,0,0,0,0,0,0
1,1,50099,21,21,21,21,21,21,21,21,21,21
1,1,50100,0,0,0,0,0,0,0,0,0,0
2,1,50100,0,0,0,0,0,0,0,0,0,0
1,1,50101,0,0,0,0,0,0,0,0,0,0
2,1,50101,0,0,0,0,0,0,0,0,0,0
3,1,50101,0,0,0,0,0,0,0,0,0,0
4,1,50101,0,0,0,0,0,0,0,0,0,0
0,1,50102,0,0,0,0,0,0,0,0,0,0
1,1,50102,0,0,0,0,0,0,0,0,0,0
1,1,50103,0,0,0,0,0,0,0,0,0,0
2,1,50103,13,0,0,0,0,0,0,0,0,0
1,1,50104,19,0,15,15,0,0,0,0,0,0