VEH_NO,PER_NO,ST_CASE,P1,P2,P3,P4,P5,P6,P7,P8,P9,P10
1,1,50105,20,19,0,20,15,37,10,19,13,15
1,1,50106,15,15,15,15,15,15,15,15,15,15
1,1,50107,0,0,0,0,0,0,0,0,0,0
2,1,50107,23,23,23,23,23,23,23,23,23,23
1,1,50108,0,0,0,0,0,0,0,0,0,0
2,1,50108,0,0,0,0,0,0,0,0,0,0
1,1,50109,22,22,22,22,22,22,22,22,22,22
2,1,50109,0,0,0,0,0,0,0,0,0,0
1,1,50110,28,0,0,0,0,0,0,21,0,19
1,1,50111,9,9,9,9,9,9,9,9,9,9
1,1,50112,29,0,0,0,13,0,8,0,0,0
2,1,50112,0,0,0,0,0,0,0,0,0,0
1,1,50113,0,0,0,0,0,0,0,0,0,0
2,1,50113,0,0,0,0,0,0,0,0,0,0
1,1,50114,0,0,0,0,0,0,0,0,0,0
1,1,50115,15,15,15,15,15,15,15,15,15,15
1,1,50116,0,0,0,0,0,0,0,0,0,0
2,1,50116,0,0,0,0,0,0,0,0,0,0
1,1,50117,16,16,16,16,16,16,16,16,16,16
1,1,50118,18,18,18,18,18,18,18,18,18,18
2,1,50118,0,0,0,0,0,0,0,0,0,0
3,1,50118,0,0,0,0,0,0,0,0,18,0
1,1,50119,0,0,0,0,0,0,0,0,0,0
1,1,50120,0,0,0,0,0,0,0,0,0,0
1,1,50121,0,0,0,0,0,0,0,0,0,0
2,1,50121,0,0,0,0,0,0,0,0,0,0
1,1,50123,43,43,43,43,43,43,43,43,43,43
1,1,50124,0,0,0,0,0,0,0,0,0,0
1,1,50125,31,31,31,31,31,31,31,31,31,31
1,1,50126,1,1,1,1,1,1,1,1,1,1
1,1,50127,21,21,21,21,21,21,21,21,21,21
2,1,50127,0,0,0,7,0,0,0,0,0,5
1,1,50129,0,0,0,0,0,0,0,0,0,0
2,1,50129,0,0,0,0,0,0,0,0,0,0
3,1,50129,0,0,0,0,0,0,0,0,0,0
4,1,50129,0,0,0,0,0,0,0,0,0,0
1,1,50130,0,0,0,0,0,0,0,0,0,0
0,1,50131,0,0,0,0,0,0,0,0,0,0
1,1,50131,0,0,0,0,0,0,0,0,0,0
1,1,50132,0,0,0,0,0,0,0,0,0,0
1,1,50133,0,0,0,0,0,0,0,0,0,0
2,1,50133,0,0,0,0,0,0,0,0,0,0
1,1,50134,0,0,0,0,0,0,0,0,0,0
1,1,50135,0,0,0,0,0,0,0,0,0,0
2,1,50135,0,0,0,0,0,0,0,0,0,0
3,1,50135,15,15,15,15,15,15,15,15,15,15
1,1,50136,0,0,0,0,0,0,0,0,0,0
2,1,50136,0,0,0,0,0,0,0,0,0,0
1,1,50137,0,0,0,0,0,0,0,0,0,12
2,1,50137,0,1,0,0,0,0,0,0,0,0
3,1,50137,0,0,0,0,0,0,0,0,0,0
4,1,50137,0,0,0,0,0,0,0,11,0,0
5,1,50137,0,0,0,0,0,0,0,0,0,6
6,1,50137,0,0,0,0,0,0,0,0,0,0
7,1,50137,0,0,0,0,0,0,0,0,0,0
8,1,50137,0,0,0,0,0,0,0,0,0,0
9,1,50137,0,0,0,0,0,0,0,0,0,0
1,1,50138,0,0,0,0,0,0,0,0,0,0
2,1,50138,0,0,0,0,0,0,0,0,0,0
1,1,50139,20,0,23,0,0,0,20,19,14,15
1,1,50140,0,0,0,0,0,0,0,0,0,0
1,1,50141,19,19,19,19,19,19,19,19,19,19
1,1,50142,0,0,0,0,0,0,0,0,0,0
2,1,50142,0,0,0,0,0,0,0,0,0,0
1,1,50143,0,0,0,0,0,0,0,0,0,0
2,1,50143,0,0,0,0,0,0,0,0,0,0
1,1,50144,0,0,0,0,0,0,0,0,0,0
1,1,50145,0,0,0,0,0,0,0,0,0,0
1,1,50146,0,0,0,0,0,0,0,0,0,0
0,1,50147,0,0,0,0,0,0,0,0,0,0
1,1,50147,0,0,0,0,0,0,0,0,0,0
1,1,50148,0,0,0,0,0,0,0,0,0,0
1,1,50149,0,0,0,0,0,0,0,0,0,0
2,1,50149,0,0,0,0,0,0,0,0,0,0
1,1,50150,0,0,0,0,0,0,0,0,0,0
2,1,50150,0,0,0,0,0,0,0,0,0,0
1,1,50151,0,0,0,0,0,0,0,0,0,0
2,1,50151,0,0,0,0,0,0,0,0,0,0
1,1,50152,0,0,0,0,0,0,0,0,0,0
1,1,50153,0,0,0,0,0,0,0,0,0,0
2,1,50153,0,0,0,0,0,0,0,0,0,0
1,1,50154,27,27,27,27,27,27,27,27,27,27
1,1,50155,22,22,22,22,22,22,22,22,22,22
1,1,50156,0,0,0,0,0,0,0,0,0,0
1,1,50157,0,0,0,0,0,0,0,0,0,0
1,1,50158,0,0,0,0,0,0,0,0,0,0
2,1,50158,0,0,0,0,0,0,0,0,0,0
1,1,50159,14,0,0,0,12,0,13,0,13,29
1,1,50160,0,0,0,0,0,0,0,0,0,0
2,1,50160,0,0,0,0,0,0,0,0,0,0
1,1,50161,14,14,14,14,14,14,14,14,14,14
1,1,50162,0,0,0,0,0,0,0,0,0,0
2,1,50162,0,0,0,0,0,0,0,0,0,0
1,1,50163,18,18,18,18,18,18,18,18,18,18
2,1,50163,0,0,0,0,0,0,7,0,0,4
1,1,50164,0,0,0,0,0,0,0,0,0,0
2,1,50164,0,0,0,0,0,0,0,0,0,0
1,1,50165,0,0,0,0,0,0,0,0,0,0
2,1,50165,0,0,0,0,0,0,0,0,0,0
1,1,50166,27,27,27,27,27,27,27,27,27,27
1,1,50167,0,0,0,0,0,0,0,0,0,0
1,1,50168,22,11,9,0,10,17,22,13,16,0
2,1,50168,0,0,0,0,0,0,0,0,0,0
1,1,50169,0,0,0,0,0,0,0,0,0,0
2,1,50169,0,0,0,0,0,0,0,0,0,0
1,1,50170,0,0,0,0,0,0,0,0,0,0
1,1,50171,0,0,0,0,0,0,0,0,0,0
2,1,50171,0,0,0,0,0,0,0,0,0,0
1,1,50172,0,0,0,0,0,0,0,0,0,0
2,1,50172,0,0,0,0,0,0,0,0,0,0
1,1,50173,0,0,0,0,0,0,0,0,0,0
2,1,50173,5,5,5,5,5,5,5,5,5,5
1,1,50174,14,14,14,14,14,14,14,14,14,14
1,1,50175,0,0,0,0,0,0,0,0,0,0
2,1,50175,0,0,0,0,0,0,0,0,0,0
3,1,50175,11,0,0,0,0,0,0,0,0,0
1,1,50176,0,0,0,0,0,0,0,0,0,0
2,1,50176,0,0,0,0,0,0,0,0,0,0
1,1,50177,24,24,24,24,24,24,24,24,24,24
1,1,50178,28,28,28,28,28,28,28,28,28,28
1,1,50179,0,0,0,0,0,0,0,0,0,0
2,1,50179,0,0,0,0,0,0,0,0,0,0
1,1,50180,0,0,0,0,0,0,0,0,0,0
1,1,50181,0,0,0,0,0,0,0,0,0,0
2,1,50181,0,0,0,0,0,0,0,0,0,0
1,1,50182,17,17,17,17,17,17,17,17,17,17
1,1,50183,0,0,0,0,0,0,0,0,0,0
1,1,50184,0,0,0,0,0,0,0,0,0,0
2,1,50184,0,0,0,0,0,0,0,0,0,0
3,1,50184,0,0,0,0,0,0,0,0,0,0
1,1,50185,12,12,12,12,12,12,12,12,12,12
2,1,50185,0,0,0,0,0,0,0,0,0,0
1,1,50186,0,0,0,0,0,0,0,0,0,0
2,1,50186,0,0,0,0,0,0,0,0,0,0
1,1,50187,0,0,0,0,0,0,0,0,0,0
2,1,50187,0,0,0,0,0,0,0,0,0,0
1,1,50188,0,0,0,0,0,0,0,0,0,0
2,1,50188,0,0,0,0,0,0,0,0,0,0
1,1,50189,0,0,0,0,0,0,0,0,0,0
1,1,50190,0,0,0,0,0,0,0,0,0,0
2,1,50190,0,0,0,0,0,0,0,0,0,0
1,1,50191,0,0,0,0,0,0,0,0,0,0
2,1,50191,2,2,2,2,2,2,2,2,2,2
0,1,50192,0,0,0,0,0,0,0,0,0,0
1,1,50192,0,0,0,0,0,0,0,0,0,0
2,1,50192,0,0,0,0,0,0,0,0,0,0
1,1,50193,15,10,8,10,19,15,7,32,15,13
2,1,50193,0,0,0,0,0,0,0,0,0,0
1,1,50194,23,23,23,23,23,23,23,23,23,23
1,1,50195,0,0,0,0,0,0,0,0,0,0
0,1,50196,0,0,0,0,0,0,0,0,0,0
1,1,50196,0,0,0,4,0,0,0,0,8,0
1,1,50197,0,0,0,0,0,0,0,0,0,0
2,1,50197,0,0,0,0,0,0,0,0,0,0
1,1,50198,0,0,0,13,0,20,0,0,0,0
1,1,50199,0,0,0,0,0,0,0,0,0,0
1,1,50200,0,0,0,0,0,0,0,0,0,0
2,1,50200,0,0,0,0,0,0,0,0,0,0
0,1,50201,0,0,0,0,0,0,0,0,0,0
1,1,50201,0,0,0,0,0,0,0,0,0,0
1,1,50202,0,0,0,0,0,0,0,0,0,0
1,1,50203,0,0,0,0,0,0,0,0,0,0
2,1,50203,0,0,0,0,0,0,0,0,0,0
1,1,50204,0,0,0,0,0,0,0,0,0,0
1,1,50205,0,0,0,0,0,0,0,0,0,0
1,1,50206,0,0,0,0,0,0,0,0,0,0
1,1,50207,0,0,0,0,0,0,0,0,0,0
2,1,50207,0,0,0,0,0,0,0,0,0,0
1,1,50208,0,0,0,0,0,0,0,0,0,0
1,1,50209,0,0,0,0,0,0,0,0,0,0
2,1,50209,0,0,0,0,0,0,0,0,0,0
1,1,50210,0,0,0,0,0,0,0,0,0,0
2,1,50210,0,0,0,0,0,0,0,0,0,0
1,1,50211,0,0,0,0,0,0,0,0,0,0
2,1,50211,0,0,0,0,0,0,0,0,0,0
1,1,50212,0,0,0,0,0,0,0,0,0,0
1,1,50213,0,0,0,0,0,0,0,0,0,0
2,1,50213,0,0,0,0,0,0,0,0,0,0
1,1,50214,18,18,18,18,18,18,18,18,18,18
1,1,50215,19,19,19,19,19,19,19,19,19,19
2,1,50215,0,0,0,0,0,0,0,0,0,0
1,1,50216,6,6,6,6,6,6,6,6,6,6
1,1,50217,1,1,1,1,1,1,1,1,1,1
2,1,50217,0,0,0,0,0,0,0,0,0,0
1,1,50218,32,32,32,32,32,32,32,32,32,32
1,1,50219,0,0,0,18,0,4,10,17,0,0
1,1,50220,0,0,0,0,0,0,0,0,0,0
2,1,50220,0,0,0,0,0,0,0,0,0,0
1,1,50221,2,2,2,2,2,2,2,2,2,2
1,1,50222,0,0,0,0,0,0,0,0,0,0
2,1,50222,0,0,0,0,0,0,0,0,0,0
1,1,50223,2,2,2,2,2,2,2,2,2,2
1,1,50224,0,0,0,0,0,0,0,0,0,0
2,1,50224,0,0,0,0,0,0,0,0,0,0
1,1,50225,0,0,0,0,0,0,0,0,0,0
2,1,50225,0,0,0,0,0,0,0,0,0,0
1,1,50226,0,0,0,0,0,0,0,0,0,0
1,1,50227,9,9,9,9,9,9,9,9,9,9
1,1,50228,19,19,19,19,19,19,19,19,19,19
1,1,50229,5,5,5,5,5,5,5,5,5,5
1,1,50230,0,0,0,0,0,0,0,0,0,0
1,1,50231,0,0,0,0,0,0,0,0,0,0
2,1,50231,2,2,2,2,2,2,2,2,2,2
1,1,50232,0,0,0,0,2,0,0,0,0,0
2,1,50232,0,0,0,0,0,0,0,0,0,0
1,1,50233,0,0,0,0,0,0,0,0,0,0
1,1,50234,1,1,1,1,1,1,1,1,1,1
1,1,50235,0,0,0,0,0,0,0,0,0,0
2,1,50235,0,0,0,0,0,0,0,0,0,0
1,1,50236,20,20,20,20,20,20,20,20,20,20
1,1,50237,0,0,0,0,0,0,0,0,0,0
2,1,50237,7,7,7,7,7,7,7,7,7,7
1,1,50238,0,0,0,0,0,0,0,0,0,0
2,1,50238,0,0,0,0,0,0,0,0,0,0
1,1,50239,7,7,7,7,7,7,7,7,7,7
1,1,50240,14,14,14,14,14,14,14,14,14,14
1,1,50241,31,31,31,31,31,31,31,31,31,31
2,1,50241,0,0,0,0,0,0,0,0,0,0
1,1,50242,20,20,20,20,20,20,20,20,20,20
2,1,50242,0,0,0,0,0,0,0,0,0,0
1,1,50243,17,17,17,17,17,17,17,17,17,17
1,1,50244,8,8,8,8,8,8,8,8,8,8
1,1,50245,4,4,4,4,4,4,4,4,4,4
1,1,50246,0,0,0,0,0,0,0,0,0,0
2,1,50246,0,0,0,0,0,0,0,0,0,0
1,1,50247,19,19,19,19,19,19,19,19,19,19
1,1,50248,0,0,0,0,0,0,0,0,0,0
1,1,50249,0,0,0,0,0,0,0,0,0,0
2,1,50249,1,1,1,1,1,1,1,1,1,1
1,1,50250,0,0,0,0,0,0,0,0,0,0
1,1,50251,23,23,23,23,23,23,23,23,23,23
1,1,50252,24,24,24,24,24,24,24,24,24,24
1,1,50253,0,0,0,0,0,0,0,0,0,0
2,1,50253,0,0,0,0,0,0,0,0,0,0
1,1,50254,0,0,0,0,0,0,0,0,0,0
1,1,50255,0,0,0,0,0,0,0,0,0,0
2,1,50255,0,0,0,0,0,0,0,0,0,0
0,1,50256,0,18,0,0,18,0,0,0,0,0
1,1,50256,0,7,0,0,0,0,0,0,0,0
2,1,50256,23,23,23,23,23,23,23,23,23,23
1,1,50257,0,15,20,12,17,8,0,0,0,20
1,1,50258,3,3,3,3,3,3,3,3,3,3
1,1,50259,19,19,19,19,19,19,19,19,19,19
1,1,50260,0,0,0,0,0,0,0,0,0,0
1,1,50261,26,26,26,26,26,26,26,26,26,26
1,1,50262,0,0,0,0,0,0,0,0,0,0
1,1,50263,11,11,11,11,11,11,11,11,11,11
1,1,50264,0,0,0,0,0,0,0,0,0,0
1,1,50265,0,0,0,0,0,0,0,0,0,3
1,1,50266,11,0,0,0,0,0,0,11,0,0
2,1,50266,0,0,0,0,0,0,0,0,0,0
1,1,50267,1,1,1,1,1,1,1,1,1,1
1,1,50268,23,23,23,23,23,23,23,23,23,23
1,1,50269,0,0,0,0,0,0,0,0,0,0
1,1,50270,13,13,13,13,13,13,13,13,13,13
0,1,50271,10,10,10,10,10,10,10,10,10,10
1,1,50271,0,0,0,0,0,0,0,0,0,0
1,1,50272,0,0,23,0,6,17,0,0,23,14
1,1,50273,0,0,0,0,0,0,0,0,0,0
2,1,50273,0,0,0,0,0,0,0,0,0,0
1,1,50274,0,0,0,0,0,0,0,0,0,0
2,1,50274,0,0,0,0,0,0,0,0,0,0
1,1,50275,20,20,20,20,20,20,20,20,20,20
1,1,50276,0,0,0,0,0,0,0,0,0,0
1,1,50277,0,0,0,0,0,0,0,0,0,0
1,1,50278,0,0,0,0,6,0,0,12,0,0
2,1,50278,16,16,16,16,16,16,16,16,16,16
1,1,50279,0,11,0,0,0,0,0,0,0,0
1,1,50280,0,0,0,0,0,0,0,0,0,0
2,1,50280,0,0,0,0,0,0,0,0,0,0
0,1,50281,0,0,0,0,0,0,0,0,0,0
0,2,50281,0,0,0,0,0,0,0,0,0,0
1,1,50281,29,11,0,11,15,17,8,0,15,16
1,1,50282,0,0,0,0,0,0,0,0,0,0
2,1,50282,15,15,15,15,15,15,15,15,15,15
1,1,50283,8,8,8,8,8,8,8,8,8,8
1,1,50284,10,10,10,10,10,10,10,10,10,10
1,1,50285,25,25,25,25,25,25,25,25,25,25
2,1,50285,0,0,0,0,0,0,0,0,0,0
1,1,50286,0,0,0,0,0,0,0,0,0,0
2,1,50286,0,0,0,0,0,0,0,0,0,0
1,1,50287,0,0,0,0,0,0,0,0,0,0
1,1,50288,0,0,0,0,0,0,0,0,0,0
2,1,50288,0,0,0,0,0,0,0,0,0,0
1,1,50289,0,0,0,0,0,0,0,0,0,0
1,1,50290,0,0,0,0,0,0,0,0,0,0
2,1,50290,0,0,0,0,0,0,0,0,0,0
1,1,50291,0,0,0,0,0,0,0,0,0,0
2,1,50291,0,0,0,0,0,0,0,0,0,0
1,1,50292,0,0,0,0,0,11,21,0,0,0
2,1,50292,0,0,0,0,0,0,0,0,0,0
1,1,50293,0,0,0,0,0,0,0,0,0,0
2,1,50293,0,0,0,0,0,0,0,0,0,0
1,1,50294,11,11,11,11,11,11,11,11,11,11
1,1,50295,0,0,0,0,0,0,0,0,0,0
2,1,50295,4,4,4,4,4,4,4,4,4,4
1,1,50296,16,16,16,16,16,16,16,16,16,16
0,1,50297,15,15,15,15,15,15,15,15,15,15
1,1,50297,0,0,0,0,0,0,0,0,0,0
1,1,50298,17,17,17,17,17,17,17,17,17,17
2,1,50298,0,0,0,0,0,0,0,0,0,0
1,1,50299,0,0,0,0,0,0,0,0,0,0
1,1,50300,0,0,0,0,0,0,0,0,0,0
2,1,50300,0,0,0,0,0,0,0,0,0,0
1,1,50301,0,0,0,0,0,0,0,0,0,0
2,1,50301,0,0,0,0,0,0,0,0,0,0
3,1,50301,0,0,0,0,0,0,0,0,0,0
1,1,50302,0,0,0,0,0,0,0,0,0,0
2,1,50302,0,0,0,0,0,0,0,0,0,0
1,1,50303,0,0,0,0,0,0,0,0,0,0
2,1,50303,0,0,0,0,0,0,0,0,0,0
1,1,50304,13,13,13,13,13,13,13,13,13,13
0,1,50305,27,27,27,27,27,27,27,27,27,27
1,1,50305,0,0,0,0,0,0,0,0,0,0
1,1,50306,10,10,10,10,10,10,10,10,10,10
1,1,50307,10,10,10,10,10,10,10,10,10,10
1,1,50308,4,4,4,4,4,4,4,4,4,4
1,1,50309,0,0,0,0,0,0,0,0,0,0
2,1,50309,0,0,0,0,0,0,0,0,0,0
1,1,50310,21,21,21,21,21,21,21,21,21,21
1,1,50311,0,0,0,0,0,0,0,0,0,0
2,1,50311,0,0,0,0,0,0,0,0,0,0
1,1,50312,9,10,0,17,0,20,0,0,15,0
1,1,50313,0,0,0,0,0,0,0,0,0,0
1,1,50314,20,20,20,20,20,20,20,20,20,20
1,1,50315,0,0,0,0,0,0,0,0,0,0
2,1,50315,0,0,0,0,0,0,0,0,0,0
1,1,50316,25,25,25,25,25,25,25,25,25,25
1,1,50317,0,0,7,0,0,0,0,0,0,0
1,1,50318,0,0,0,0,0,0,0,0,0,0
2,1,50318,0,0,0,0,0,0,0,0,0,0
1,1,50319,0,0,0,0,0,0,0,0,0,0
2,1,50319,0,0,0,0,0,0,0,0,0,0
1,1,50320,23,23,23,23,23,23,23,23,23,23
1,1,50321,0,0,0,0,0,0,0,0,0,0
1,1,50322,0,0,0,0,0,0,0,0,0,0
2,1,50322,0,0,0,0,0,0,0,0,0,0
1,1,50323,0,0,0,0,0,0,0,0,0,0
1,1,50324,10,10,10,10,10,10,10,10,10,10
2,1,50324,0,0,0,0,0,0,0,0,0,0
1,1,50325,0,0,0,0,0,0,0,0,0,0
1,1,50326,17,17,17,17,17,17,17,17,17,17
1,1,50327,7,7,7,7,7,7,7,7,7,7
1,1,50328,0,0,0,0,0,0,0,0,0,0
1,1,50329,13,13,13,13,13,13,13,13,13,13
1,1,50330,0,0,0,0,0,0,0,0,0,0
2,1,50330,0,0,0,0,0,0,0,0,0,0
1,1,50331,0,0,0,0,0,0,0,0,0,0
1,1,50332,0,0,0,0,0,0,0,0,0,0
1,1,50333,0,0,0,0,0,0,0,0,0,0
1,1,50334,1,1,1,1,1,1,1,1,1,1
1,1,50335,0,0,0,0,0,0,0,0,0,0
1,1,50336,0,0,0,0,0,0,0,0,0,0
1,1,50337,0,0,0,0,0,0,0,0,0,0
2,1,50337,0,0,0,0,0,0,0,0,0,0
1,1,50338,28,28,28,28,28,28,28,28,28,28
1,1,50339,3,0,0,0,0,0,15,0,0,0
1,1,50340,0,0,0,0,0,0,0,0,0,0
1,1,50341,0,0,0,0,0,0,0,0,0,0
1,1,50342,0,0,0,7,0,0,0,0,0,0
2,1,50342,20,13,0,0,6,15,0,0,0,0
1,1,50343,0,0,0,0,0,0,0,0,0,0
2,1,50343,0,0,0,0,0,0,0,0,0,0
1,1,50344,0,0,0,0,0,0,0,0,0,0
1,1,50345,9,0,0,0,0,0,24,24,16,6
1,1,50346,0,0,0,0,0,0,0,0,0,0
1,1,50347,8,8,8,8,8,8,8,8,8,8
2,1,50347,0,0,0,0,0,0,0,0,0,0
1,1,50348,20,20,20,20,20,20,20,20,20,20
1,1,50349,19,0,0,0,0,0,0,0,0,0
1,1,50350,0,0,0,0,0,0,0,0,0,0
2,1,50350,0,0,0,0,0,0,0,7,0,0
3,1,50350,0,0,0,0,0,0,0,0,0,0
0,1,50351,2,2,2,2,2,2,2,2,2,2
1,1,50351,11,3,0,0,16,0,4,0,3,0
0,1,50352,0,0,0,0,0,0,0,0,0,0
1,1,50352,0,0,0,0,0,0,0,0,0,0
1,1,50353,0,0,0,0,0,0,0,0,0,0
2,1,50353,0,0,0,0,0,0,0,0,0,0
1,1,50354,19,19,19,19,19,19,19,19,19,19
1,1,50355,1,1,1,1,1,1,1,1,1,1
1,1,50356,16,16,16,16,16,16,16,16,16,16
1,1,50357,0,0,0,0,0,14,0,0,0,0
1,1,50358,0,0,0,0,0,0,0,0,0,0
1,1,50359,0,0,0,0,0,0,0,0,0,0
1,1,50360,0,0,0,0,0,0,0,0,0,0
2,1,50360,0,0,0,0,0,0,0,0,0,0
1,1,50361,0,0,0,0,0,0,0,0,0,0
1,1,50362,10,10,10,10,10,10,10,10,10,10
1,1,50363,0,3,0,0,0,0,0,9,0,0
1,1,50364,0,0,0,0,0,0,0,0,0,0
1,1,50365,0,0,0,0,0,0,0,0,0,0
2,1,50365,0,0,0,0,0,0,0,0,0,0
1,1,50366,0,0,0,0,0,0,0,0,0,0
1,1,50367,0,0,0,0,0,0,0,0,0,0
1,1,50368,0,0,0,0,0,0,0,0,0,0
1,1,50369,0,0,0,0,0,0,0,0,0,0
1,1,50370,0,0,0,0,0,0,0,0,0,0
1,1,50371,4,4,4,4,4,4,4,4,4,4
1,1,50372,0,0,0,0,0,0,0,0,0,0
1,1,50373,0,0,0,0,0,33,0,0,0,0
0,1,50374,0,39,19,0,17,0,26,0,11,17
2,1,50374,0,0,0,0,0,0,0,0,0,0
3,1,50374,12,10,15,20,33,23,2,16,9,13
1,1,50375,28,0,0,15,0,30,16,0,0,0
2,1,50375,0,0,0,0,0,0,0,0,0,0
1,1,50376,0,0,0,0,0,0,0,0,0,0
1,1,50377,0,0,0,0,0,0,0,0,0,0
1,1,50378,0,0,0,0,0,0,0,0,0,0
1,1,50379,30,30,30,30,30,30,30,30,30,30
1,1,50380,24,24,24,24,24,24,24,24,24,24
1,1,50381,32,32,32,32,32,32,32,32,32,32
1,1,50382,0,0,0,0,0,0,0,0,0,0
2,1,50382,0,0,0,0,0,0,0,0,0,0
1,1,50383,0,0,0,0,0,0,0,0,0,0
2,1,50383,0,0,0,0,0,0,0,0,0,0
1,1,50384,0,0,0,0,0,0,0,0,0,0
2,1,50384,0,0,0,0,0,0,0,0,0,0
1,1,50385,0,0,0,0,0,0,0,0,0,0
1,1,50386,0,0,0,0,0,0,0,0,11,0
1,1,50387,0,0,0,0,0,0,0,0,0,0
2,1,50387,0,0,0,0,0,0,0,0,0,0
1,1,50388,0,0,0,0,0,0,0,0,0,0
1,1,50389,0,0,0,0,0,0,0,0,0,0
2,1,50389,0,0,0,0,0,0,0,0,0,0
1,1,50390,20,20,20,20,20,20,20,20,20,20
1,1,50391,0,0,0,0,0,0,0,0,0,0
2,1,50391,0,0,0,0,0,0,0,0,0,0
3,1,50391,0,0,0,0,0,0,0,0,0,0
4,1,50391,0,0,0,0,0,0,0,0,0,0
1,1,50392,31,31,31,31,31,31,31,31,31,31
1,1,50393,19,30,10,24,27,0,15,0,16,20
0,1,50394,0,0,0,0,0,0,0,0,0,0
1,1,50394,0,0,0,0,0,0,0,0,0,0
1,1,50395,13,13,13,13,13,13,13,13,13,13
1,1,50396,0,0,0,0,0,0,0,0,0,0
2,1,50396,0,0,0,0,0,0,0,0,0,0
0,1,50397,0,0,0,0,0,0,0,0,0,0
1,1,50397,0,0,0,0,0,0,0,0,0,0
1,1,50398,34,34,34,34,34,34,34,34,34,34
1,1,50399,0,0,0,0,0,0,0,0,0,0
1,1,50400,27,27,27,27,27,27,27,27,27,27
1,1,50402,0,0,0,0,0,0,0,0,0,0
2,1,50402,0,0,0,0,0,0,0,0,0,0
1,1,50403,0,0,0,0,0,0,0,0,0,0
2,1,50403,0,0,0,0,0,0,0,0,0,0
0,1,50404,32,32,32,32,32,32,32,32,32,32
1,1,50404,25,0,15,0,0,10,0,0,0,10
1,1,50405,0,0,0,0,0,0,0,0,0,0
2,1,50405,0,0,0,0,0,0,0,0,0,0
0,1,50406,0,0,0,0,0,0,0,0,0,0
1,1,50406,0,0,0,0,12,0,0,0,0,0
1,1,50407,20,20,20,20,20,20,20,20,20,20
1,1,50408,20,20,20,20,20,20,20,20,20,20
1,1,50409,0,0,0,0,0,0,0,0,0,0
2,1,50409,0,0,0,0,0,0,0,0,0,0
0,1,50410,9,9,9,9,9,9,9,9,9,9
1,1,50410,0,0,0,0,0,0,0,0,0,0
1,1,50411,0,0,0,0,0,0,0,0,0,0
0,1,50412,31,31,31,31,31,31,31,31,31,31
1,1,50412,0,0,0,0,0,0,0,0,0,0
1,1,50413,29,29,29,29,29,29,29,29,29,29
1,1,50414,29,29,29,29,29,29,29,29,29,29
1,1,50415,16,16,16,16,16,16,16,16,16,16
1,1,50416,9,9,9,9,9,9,9,9,9,9
1,1,50417,0,0,0,0,0,0,0,0,0,0
2,1,50417,0,0,0,0,0,0,0,0,0,0
1,1,50418,0,0,0,0,0,0,0,0,0,0
1,1,50419,0,0,0,0,0,0,0,0,0,0
2,1,50419,0,0,0,0,0,0,0,0,0,0
1,1,50420,0,0,0,0,0,0,0,0,0,0
2,1,50420,0,0,0,0,0,0,0,0,0,0
1,1,50421,0,0,0,0,0,0,0,0,0,0
1,1,50422,0,0,0,0,0,0,0,0,0,0
2,1,50422,0,0,0,0,0,0,0,0,0,0
3,1,50422,1,1,1,1,1,1,1,1,1,1
1,1,50423,0,0,0,0,0,0,0,0,0,0
2,1,50423,0,0,0,0,0,0,0,0,0,0
1,1,50424,0,0,0,0,0,0,0,0,0,0
2,1,50424,0,0,0,0,0,17,14,0,0,0
1,1,50425,2,2,2,2,2,2,2,2,2,2
2,1,50425,0,0,0,0,0,0,0,0,0,0
1,1,50426,12,12,12,12,12,12,12,12,12,12
0,1,50427,28,28,28,28,28,28,28,28,28,28
1,1,50427,0,0,0,0,0,0,0,0,0,0
1,1,50428,0,0,0,0,0,0,0,0,0,0
1,1,50429,0,0,0,0,0,0,0,0,0,0
1,1,50430,0,0,0,0,0,0,0,0,0,0
2,1,50430,0,0,0,0,0,0,0,0,0,0
1,1,50431,0,0,0,0,0,0,0,0,0,0
2,1,50431,0,0,0,0,0,0,0,0,0,0
1,1,50432,0,0,0,0,0,0,0,0,0,0
1,1,50433,5,5,5,5,5,5,5,5,5,5
1,1,50434,0,0,0,0,0,0,0,0,0,0
2,1,50434,0,0,0,0,0,0,0,0,0,0
3,1,50434,0,0,0,0,0,0,0,0,0,0
1,1,50435,0,0,0,0,0,0,0,0,0,0
1,1,50436,0,0,0,0,0,0,0,0,0,0
2,1,50436,0,0,0,0,0,0,0,0,0,0
1,1,50437,0,0,0,0,0,0,0,0,0,0
0,1,50438,4,4,4,4,4,4,4,4,4,4
1,1,50438,0,0,0,0,0,0,0,0,0,0
1,1,50439,0,0,0,0,0,0,0,0,0,0
2,1,50439,18,18,18,18,18,18,18,18,18,18
1,1,50440,16,16,16,16,16,16,16,16,16,16
1,1,50441,0,0,0,0,0,0,0,0,0,0
2,1,50441,0,0,0,0,0,0,0,0,0,0
0,1,50442,14,14,14,14,14,14,14,14,14,14
1,1,50442,0,0,8,0,0,0,17,9,0,0
1,1,50443,24,24,24,24,24,24,24,24,24,24
2,1,50443,0,0,0,0,0,0,0,0,0,0
1,1,50444,24,24,24,24,24,24,24,24,24,24
2,1,50444,0,0,0,0,0,0,0,0,0,0
1,1,50445,23,23,23,23,23,23,23,23,23,23
1,1,50446,0,0,0,0,0,0,0,0,0,0
1,1,50447,0,0,0,0,0,0,0,4,0,0
2,1,50447,0,0,0,0,0,0,0,0,0,0
3,1,50447,0,0,0,0,0,0,0,0,0,0
1,1,50448,0,0,0,0,0,0,0,0,0,0
2,1,50448,0,0,0,0,0,0,0,0,0,0
1,1,50449,0,0,0,0,0,0,0,0,0,0
1,1,50450,22,22,22,22,22,22,22,22,22,22
2,1,50450,0,0,0,0,0,0,0,0,0,0
3,1,50450,0,0,0,0,0,0,0,0,0,0
0,1,50451,38,38,38,38,38,38,38,38,38,38
1,1,50451,0,0,0,0,0,0,0,0,0,0
1,1,50452,0,0,0,0,0,0,0,0,0,0
2,1,50452,0,0,0,0,0,0,0,0,0,0
1,1,50453,3,3,3,3,3,3,3,3,3,3
1,1,50454,0,0,0,0,0,0,0,0,0,0
2,1,50454,0,0,0,0,0,0,0,0,0,0