VEH_NO,PER_NO,ST_CASE,P1,P2,P3,P4,P5,P6,P7,P8,P9,P10
1,1,120706,0,0,0,0,0,0,0,0,0,0
2,1,120706,0,0,0,0,6,0,0,0,27,0
3,1,120706,0,0,0,0,0,0,0,0,0,0
4,1,120706,0,0,0,0,0,0,0,0,0,0
5,1,120706,0,0,0,0,0,0,0,0,0,0
6,1,120706,0,0,0,0,0,0,0,0,0,0
1,1,120707,0,0,0,0,0,0,0,0,0,0
1,1,120708,26,26,26,26,26,26,26,26,26,26
2,1,120708,0,0,0,0,0,0,0,0,0,0
3,1,120708,0,0,0,0,0,0,0,0,0,0
1,1,120709,0,0,0,0,0,0,0,0,0,0
2,1,120709,0,0,0,0,0,0,0,0,0,0
1,1,120710,0,0,0,0,0,0,0,0,0,0
2,1,120710,0,0,0,0,0,0,0,0,0,0
0,1,120711,0,0,0,0,0,0,0,0,0,0
1,1,120711,0,0,0,0,0,0,0,0,0,0
1,1,120712,0,0,0,0,0,0,0,0,0,0
2,1,120712,0,0,0,0,0,0,0,0,0,0
1,1,120713,0,0,0,0,0,0,24,0,0,0
2,1,120713,0,10,5,0,0,3,4,14,0,4
1,1,120714,12,0,0,0,0,8,0,12,7,10
1,1,120715,0,0,0,0,0,0,0,0,0,0
2,1,120715,0,0,0,0,0,0,0,0,26,0
0,1,120716,0,0,0,0,7,0,0,0,0,0
1,1,120716,0,0,6,0,0,0,0,0,0,0
1,1,120717,0,0,0,0,0,0,0,0,0,0
2,1,120717,0,0,0,0,0,0,0,0,0,0
1,1,120718,4,0,21,12,0,0,6,0,0,0
1,1,120719,0,0,0,0,0,0,0,0,0,0
2,1,120719,0,0,0,0,0,0,0,0,0,0
1,1,120720,0,0,0,0,0,0,0,0,0,0
2,1,120720,0,0,0,0,0,0,0,0,0,0
1,1,120721,16,16,16,16,16,16,16,16,16,16
2,1,120721,12,12,12,12,12,12,12,12,12,12
1,1,120722,0,0,0,0,0,0,0,0,0,0
1,1,120723,16,16,16,16,16,16,16,16,16,16
1,1,120724,0,0,0,0,0,0,0,0,0,0
2,1,120724,0,0,0,0,0,0,0,0,0,0
1,1,120725,0,0,0,0,0,0,0,0,0,0
2,1,120725,0,0,0,0,0,0,0,0,0,0
1,1,120726,0,0,0,0,0,0,0,0,0,0
2,1,120726,0,0,0,0,0,0,0,0,0,0
3,1,120726,0,0,0,0,0,0,0,0,0,0
1,1,120727,0,5,0,0,0,0,0,0,0,0
2,1,120727,0,0,0,0,0,0,0,0,0,0
0,1,120728,2,2,2,2,2,2,2,2,2,2
1,1,120728,0,0,0,0,0,0,0,0,0,0
1,1,120729,0,0,0,0,0,0,0,0,0,0
2,1,120729,0,0,0,0,0,0,0,0,0,0
0,1,120730,0,0,0,0,0,0,0,0,0,0
1,1,120730,21,0,0,0,0,0,0,0,0,0
0,1,120731,0,13,21,38,21,15,13,0,19,18
1,1,120731,0,0,0,0,0,0,0,0,0,0
1,1,120732,33,33,33,33,33,33,33,33,33,33
1,1,120734,22,22,22,22,22,22,22,22,22,22
2,1,120734,0,0,0,0,0,0,0,0,0,0
0,1,120735,0,0,0,0,0,0,0,0,0,0
1,1,120735,0,0,0,0,0,12,0,0,0,0
1,1,120736,0,0,0,0,0,0,0,0,0,0
2,1,120736,0,0,0,0,0,0,0,0,2,5
0,1,120737,0,0,0,0,0,0,0,0,0,0
1,1,120737,0,0,0,0,0,0,0,0,0,0
1,1,120738,0,0,0,0,0,0,0,0,0,0
2,1,120738,0,0,0,0,0,0,0,0,0,0
1,1,120739,0,0,0,0,0,0,0,0,0,0
1,1,120740,15,15,15,15,15,15,15,15,15,15
2,1,120740,0,0,0,0,0,0,0,0,0,5
0,1,120741,19,19,19,19,19,19,19,19,19,19
1,1,120741,0,0,0,0,0,0,0,0,0,0
0,1,120742,5,0,0,0,46,25,0,0,6,0
1,1,120742,0,0,0,0,0,0,0,0,0,0
1,1,120743,0,0,0,0,0,0,0,0,0,0
2,1,120743,0,0,0,0,0,0,0,0,0,0
3,1,120743,0,0,0,0,0,0,0,0,0,0
0,1,120744,36,36,36,36,36,36,36,36,36,36
1,1,120744,0,0,0,0,0,0,0,0,0,0
0,1,120745,24,0,0,25,0,15,18,0,47,16
1,1,120745,0,9,0,0,0,0,7,0,0,0
0,1,120746,28,28,28,28,28,28,28,28,28,28
1,1,120746,15,8,21,9,4,7,7,11,12,0
1,1,120747,0,0,14,0,0,0,12,8,0,0
2,1,120747,0,0,0,0,12,0,0,0,0,0
1,1,120748,37,24,21,42,33,14,13,15,25,29
0,1,120749,9,9,9,9,9,9,9,9,9,9
1,1,120749,0,0,0,0,0,0,0,0,0,0
1,1,120750,30,30,30,30,30,30,30,30,30,30
2,1,120750,2,2,2,2,2,2,2,2,2,2
0,1,120751,0,0,0,0,0,0,0,0,0,0
1,1,120751,13,0,0,8,0,10,0,0,9,5
0,1,120752,0,0,0,0,0,0,0,0,0,0
1,1,120752,0,0,0,0,0,0,0,0,0,0
1,1,120753,0,0,0,0,0,0,0,0,0,0
2,1,120753,0,0,0,0,0,0,0,0,0,0
1,1,120754,0,0,0,0,0,0,0,0,0,0
2,1,120754,0,0,0,0,0,0,0,0,0,0
0,1,120755,0,0,0,0,0,0,0,0,0,0
1,1,120755,0,0,0,0,0,0,0,0,0,0
1,1,120756,24,0,34,30,0,11,0,0,24,0
1,1,120757,10,10,10,10,10,10,10,10,10,10
1,1,120758,0,0,0,0,0,0,0,0,0,0
1,1,120759,0,0,0,0,0,0,0,0,0,0
1,1,120760,0,0,0,0,0,0,0,0,0,0
2,1,120760,0,0,0,0,0,0,0,0,0,0
1,1,120761,25,25,25,25,25,25,25,25,25,25
0,1,120762,0,0,0,0,0,0,0,0,0,0
1,1,120762,0,0,0,0,0,0,0,0,0,0
1,1,120763,0,0,0,0,0,0,0,0,0,0
2,1,120763,13,13,13,13,13,13,13,13,13,13
0,1,120764,0,0,0,0,0,0,0,0,0,0
1,1,120764,0,0,0,0,0,0,0,0,0,0
1,1,120765,17,17,17,17,17,17,17,17,17,17
1,1,120766,0,0,0,0,0,0,0,0,0,0
2,1,120766,0,0,0,0,0,0,0,0,0,0
1,1,120767,0,0,0,0,0,0,0,0,0,0
2,1,120767,0,0,0,0,0,0,0,0,0,0
0,1,120768,0,0,0,0,0,0,0,0,0,0
1,1,120768,6,0,9,0,0,5,12,15,0,0
1,1,120769,0,0,0,0,0,0,0,0,0,0
1,1,120770,20,20,20,20,20,20,20,20,20,20
1,1,120771,37,37,37,37,37,37,37,37,37,37
2,1,120771,0,0,0,0,0,0,0,0,0,0
0,1,120772,0,0,0,0,0,0,0,0,0,0
1,1,120772,0,0,0,0,0,0,0,0,0,0
1,1,120773,16,16,16,16,16,16,16,16,16,16
1,1,120774,0,0,0,0,0,0,0,0,0,0
1,1,120775,0,0,0,0,0,0,0,0,0,0
0,1,120776,22,22,22,22,22,22,22,22,22,22
1,1,120776,10,10,10,10,10,10,10,10,10,10
1,1,120777,0,0,0,0,0,0,0,0,0,0
2,1,120777,0,0,0,0,0,0,0,0,0,0
1,1,120778,0,0,0,0,0,0,0,0,0,0
2,1,120778,0,0,0,0,0,0,0,0,0,0
1,1,120779,0,0,0,0,0,0,0,15,0,0
2,1,120779,0,0,0,0,0,0,0,0,0,0
3,1,120779,0,0,0,0,0,0,0,0,0,0
4,1,120779,0,0,0,0,0,0,0,0,0,0
0,1,120780,9,9,9,9,9,9,9,9,9,9
1,1,120780,0,0,14,0,0,0,0,0,0,0
0,1,120781,0,0,0,0,0,42,0,0,0,14
1,1,120781,0,0,0,0,0,0,0,0,0,0
1,1,120782,0,0,0,0,0,0,0,0,0,0
1,1,120783,0,19,0,0,0,0,0,0,0,0
2,1,120783,0,0,0,0,0,0,0,0,0,0
3,1,120783,0,0,0,0,0,0,0,0,0,0
1,1,120784,0,0,0,0,0,0,0,0,0,0
2,1,120784,0,0,0,0,0,0,0,0,0,0
1,1,120785,0,0,11,0,0,0,0,0,0,0
1,1,120786,0,0,0,0,0,0,0,0,0,0
2,1,120786,16,16,16,16,16,16,16,16,16,16
1,1,120787,13,13,13,13,13,13,13,13,13,13
1,1,120788,21,21,21,21,21,21,21,21,21,21
1,1,120789,0,0,0,0,0,0,0,0,0,0
1,1,120790,14,14,14,14,14,14,14,14,14,14
1,1,120791,30,26,0,0,0,15,10,16,18,0
1,1,120792,0,0,0,0,0,0,0,0,0,0
2,1,120792,0,0,0,0,0,0,0,0,0,0
1,1,120793,7,7,7,7,7,7,7,7,7,7
2,1,120793,0,0,0,0,0,0,0,0,0,0
1,1,120794,0,0,9,0,0,0,0,0,0,0
1,1,120795,17,17,17,17,17,17,17,17,17,17
1,1,120796,0,11,19,0,0,0,15,0,0,8
2,1,120796,12,2,0,0,0,0,0,0,0,0
3,1,120796,0,0,0,0,0,0,0,0,0,0
4,1,120796,0,0,0,0,0,0,0,0,0,0
5,1,120796,0,0,0,0,0,0,0,0,0,0
1,1,120797,11,11,11,11,11,11,11,11,11,11
1,1,120798,0,0,0,0,0,0,0,0,0,0
2,1,120798,0,0,0,0,0,0,0,0,0,0
1,1,120799,0,0,0,0,11,0,0,0,0,0
2,1,120799,0,0,0,0,0,0,0,0,0,0
1,1,120800,18,18,18,18,18,18,18,18,18,18
2,1,120800,0,0,0,0,0,0,0,0,0,0
1,1,120801,0,0,0,0,0,0,0,0,0,0
2,1,120801,0,0,0,0,0,0,0,0,0,0
1,1,120802,0,0,0,0,0,0,0,0,0,0
2,1,120802,0,0,0,0,0,0,0,0,0,0
3,1,120802,0,0,0,0,0,0,6,0,0,0
1,1,120803,0,0,0,0,0,0,0,0,0,0
2,1,120803,0,0,0,0,0,0,0,0,0,0
1,1,120804,0,0,0,0,0,0,0,0,0,0
2,1,120804,0,0,0,0,0,0,0,0,0,0
1,1,120805,0,0,0,0,0,0,0,0,0,0
2,1,120805,0,0,0,0,0,0,0,0,10,0
0,1,120806,24,24,24,24,24,24,24,24,24,24
1,1,120806,0,6,12,0,0,0,0,0,0,0
1,1,120807,0,0,0,0,0,0,0,0,0,0
0,1,120808,0,0,0,0,0,0,0,0,0,0
1,1,120808,0,0,0,0,0,0,0,0,0,0
1,1,120809,19,19,19,19,19,19,19,19,19,19
2,1,120809,0,0,0,0,0,0,0,0,0,0
1,1,120810,0,0,0,0,4,0,0,12,0,0
2,1,120810,0,0,0,0,0,0,0,0,0,0
1,1,120811,17,17,17,17,17,17,17,17,17,17
2,1,120811,13,13,13,13,13,13,13,13,13,13
1,1,120812,0,0,0,0,0,0,0,0,0,0
0,1,120813,26,26,26,26,26,26,26,26,26,26
1,1,120813,14,7,0,0,0,0,0,0,0,0
1,1,120815,0,0,0,0,0,0,0,0,0,0
2,1,120815,0,0,0,0,0,0,0,0,0,0
1,1,120816,0,0,0,0,0,0,0,0,0,0
2,1,120816,0,0,0,0,0,0,0,0,0,0
1,1,120817,0,0,0,8,0,0,9,8,13,0
1,1,120818,0,0,0,0,0,0,0,0,0,0
2,1,120818,2,2,2,2,2,2,2,2,2,2
0,1,120819,0,0,0,0,0,0,0,0,0,0
0,2,120819,0,0,0,0,0,0,0,0,0,0
1,1,120819,0,0,0,0,0,0,0,0,0,0
1,1,120820,0,0,0,0,0,0,0,0,0,0
2,1,120820,0,0,0,9,0,0,0,0,0,0
3,1,120820,0,0,0,0,0,0,0,0,0,0
4,1,120820,0,0,0,0,0,0,0,0,0,0
0,1,120821,0,0,0,0,0,0,0,0,0,0
2,1,120821,0,0,0,0,0,0,0,0,0,0
0,1,120822,0,0,0,0,0,0,0,0,0,0
1,1,120822,0,0,0,0,0,0,0,0,0,0
0,1,120823,19,19,19,19,19,19,19,19,19,19
1,1,120823,0,0,3,0,0,0,10,0,0,15
1,1,120824,0,0,0,0,0,0,0,0,0,0
2,1,120824,0,0,0,0,0,0,0,0,0,0
1,1,120825,0,0,0,0,0,0,0,0,0,0
2,1,120825,0,0,0,0,0,0,0,0,0,0
1,1,120826,23,23,23,23,23,23,23,23,23,23
2,1,120826,0,0,0,0,0,0,0,0,0,0
1,1,120827,0,0,0,0,0,0,0,0,0,0
1,1,120828,0,0,0,0,0,0,0,0,0,0
2,1,120828,0,0,0,0,0,0,0,0,0,0
1,1,120829,0,0,0,0,0,0,0,0,0,0
2,1,120829,0,0,0,0,0,0,0,0,0,0
1,1,120831,0,0,0,0,0,0,0,0,0,0
2,1,120831,0,0,0,0,0,0,0,0,0,0
1,1,120832,0,0,0,0,0,0,0,0,0,0
2,1,120832,0,0,0,0,0,0,0,0,0,0
1,1,120833,0,0,0,0,0,0,0,0,0,0
2,1,120833,0,0,0,0,0,0,0,0,0,0
1,1,120834,19,19,19,19,19,19,19,19,19,19
1,1,120835,0,0,0,0,0,0,0,10,0,0
2,1,120835,0,0,0,0,0,0,0,0,0,0
1,1,120836,21,21,21,21,21,21,21,21,21,21
1,1,120837,22,22,22,22,22,22,22,22,22,22
2,1,120837,13,21,15,6,0,0,0,0,0,0
1,1,120838,23,23,23,23,23,23,23,23,23,23
1,1,120839,0,0,0,0,0,0,0,0,0,0
1,1,120840,9,9,9,9,9,9,9,9,9,9
1,1,120841,0,0,0,0,0,0,0,0,0,0
2,1,120841,0,0,0,0,0,0,0,0,0,0
3,1,120841,0,0,0,0,0,0,0,0,0,0
1,1,120842,19,19,19,19,19,19,19,19,19,19
0,1,120843,0,0,0,0,0,0,0,0,0,0
1,1,120843,0,0,0,0,0,0,0,0,0,0
1,1,120844,20,20,20,20,20,20,20,20,20,20
1,1,120845,0,0,0,0,0,0,0,0,0,0
1,1,120846,0,0,0,0,0,0,0,0,0,0
1,1,120847,0,0,0,0,0,0,0,0,0,0
2,1,120847,0,0,0,0,0,0,0,0,0,0
3,1,120847,0,0,0,0,0,0,0,0,0,9
1,1,120848,0,0,0,0,0,0,0,0,0,0
1,1,120849,13,13,13,13,13,13,13,13,13,13
1,1,120850,0,0,0,0,0,0,0,0,0,0
2,1,120850,0,0,0,0,0,0,0,0,0,0
1,1,120851,14,14,14,14,14,14,14,14,14,14
2,1,120851,0,0,0,0,0,0,0,0,0,0
1,1,120852,0,0,0,0,0,0,0,0,0,0
1,1,120853,19,19,19,19,19,19,19,19,19,19
2,1,120853,6,6,6,6,6,6,6,6,6,6
1,1,120854,0,0,0,0,0,0,0,0,0,0
2,1,120854,0,0,0,0,0,0,0,0,0,0
1,1,120855,0,0,0,0,0,0,0,0,0,0
2,1,120855,0,0,0,0,0,0,0,0,0,0
1,1,120856,0,0,0,0,0,0,0,0,0,0
2,1,120856,0,0,0,0,0,0,0,0,0,0
1,1,120857,0,0,0,0,0,0,0,0,0,0
0,1,120858,0,0,0,0,0,0,0,0,0,0
1,1,120858,25,25,25,25,25,25,25,25,25,25
1,1,120859,0,0,0,0,0,0,0,0,0,0
0,1,120860,0,0,0,0,0,0,0,0,0,0
1,1,120860,0,0,0,0,0,5,0,0,0,0
0,1,120862,0,0,0,0,0,0,0,0,0,0
1,1,120862,0,0,0,0,0,0,0,0,0,0
1,1,120863,0,3,0,0,17,0,0,0,0,0
2,1,120863,10,10,23,11,0,0,5,0,0,7
1,1,120864,0,0,0,0,0,0,0,0,0,0
2,1,120864,0,0,0,0,0,0,0,0,0,0
1,1,120865,20,0,0,0,0,0,11,0,0,0
2,1,120865,0,0,0,0,0,0,0,0,0,6
1,1,120866,0,0,0,0,0,0,0,0,0,0
0,1,120867,17,17,11,17,0,5,0,0,0,0
1,1,120867,0,0,11,0,6,0,0,0,6,9
0,1,120868,20,20,20,20,20,20,20,20,20,20
1,1,120868,0,0,0,0,0,0,0,0,0,0
1,1,120869,0,0,0,0,0,0,0,0,0,0
2,1,120869,19,19,19,19,19,19,19,19,19,19
0,1,120870,0,0,0,0,0,0,0,0,0,0
1,1,120870,0,0,0,0,0,0,0,0,0,0
0,1,120871,0,0,0,0,0,0,0,0,0,0
1,1,120871,0,0,0,0,0,0,0,0,0,0
0,1,120872,0,0,0,0,0,0,0,0,0,0
1,1,120872,0,0,0,0,0,0,0,0,0,0
2,1,120872,0,0,0,0,0,0,0,0,0,0
1,1,120873,0,0,0,0,6,0,0,0,0,0
1,1,120874,0,0,0,0,0,0,0,0,0,0
2,1,120874,0,0,0,0,0,0,0,0,0,0
1,1,120875,8,0,0,10,21,0,0,24,12,0
0,1,120876,0,0,0,0,0,0,0,0,0,0
1,1,120876,0,0,0,0,0,0,0,0,0,0
1,1,120877,0,0,0,0,0,0,0,0,0,0
2,1,120877,0,0,0,0,0,0,0,0,0,0
3,1,120877,0,0,0,0,0,0,0,0,0,0
4,1,120877,0,0,0,0,0,0,0,0,0,0
1,1,120878,0,10,0,0,0,16,0,0,0,0
1,1,120879,17,17,17,17,17,17,17,17,17,17
0,1,120880,21,21,21,21,21,21,21,21,21,21
1,1,120880,0,0,0,0,0,0,0,0,0,0
2,1,120880,0,0,7,0,0,0,2,4,0,0
3,1,120880,0,0,0,16,0,0,0,0,0,0
4,1,120880,0,0,0,0,0,0,0,0,0,0
5,1,120880,0,0,0,0,0,0,0,0,0,0
1,1,120881,7,7,7,7,7,7,7,7,7,7
2,1,120881,0,0,0,0,0,0,0,0,0,0
1,1,120882,17,17,17,17,17,17,17,17,17,17
1,1,120883,0,0,9,0,0,0,0,14,0,0
1,1,120884,0,0,0,0,0,0,0,0,0,0
2,1,120884,0,0,0,0,0,0,0,0,0,0
3,1,120884,0,0,0,0,0,0,10,0,0,0
1,1,120888,16,16,16,16,16,16,16,16,16,16
1,1,120889,17,17,17,17,17,17,17,17,17,17
1,1,120890,0,0,0,0,0,0,0,0,0,6
2,1,120890,0,0,0,0,0,0,0,0,0,0
1,1,120891,0,0,0,0,11,0,0,0,0,0
2,1,120891,10,0,6,0,0,0,0,0,0,12
1,1,120892,0,0,0,0,0,0,0,0,0,0
1,1,120893,0,0,0,0,0,0,0,0,0,0
2,1,120893,0,0,0,0,0,0,0,0,0,0
1,1,120894,0,0,0,33,17,0,0,0,0,0
2,1,120894,0,0,0,0,0,0,0,0,0,0
1,1,120895,0,0,0,0,0,0,0,0,0,0
2,1,120895,0,0,0,0,0,0,0,0,0,0
0,1,120896,20,20,20,20,20,20,20,20,20,20
1,1,120896,0,13,0,0,0,0,0,0,0,0
1,1,120897,18,18,18,18,18,18,18,18,18,18
2,1,120897,0,0,0,0,0,0,0,0,0,0
1,1,120898,11,11,11,11,11,11,11,11,11,11
1,1,120899,0,0,0,0,0,0,0,0,0,0
2,1,120899,0,0,0,0,0,0,0,0,0,0
1,1,120900,0,0,0,0,0,0,0,0,0,0
1,1,120901,0,0,0,0,0,0,0,0,0,0
1,1,120902,18,18,18,18,18,18,18,18,18,18
2,1,120902,0,0,0,0,0,0,0,0,0,0
1,1,120903,20,20,20,20,20,20,20,20,20,20
1,1,120904,0,0,0,0,0,0,0,0,0,0
1,1,120905,0,0,0,0,0,0,0,0,0,0
1,1,120906,0,0,0,0,0,0,0,0,0,0
1,1,120907,16,16,16,16,16,16,16,16,16,16
1,1,120908,6,6,6,6,6,6,6,6,6,6
1,1,120909,4,4,4,4,4,4,4,4,4,4
1,1,120910,8,8,8,8,8,8,8,8,8,8
2,1,120910,0,0,0,0,0,0,0,0,0,0
1,1,120911,0,0,0,0,0,0,0,0,0,0
1,1,120912,0,0,0,0,0,0,0,0,0,0
2,1,120912,0,0,0,0,0,0,0,0,0,0
3,1,120912,0,0,0,0,0,0,0,0,0,0
1,1,120913,5,5,5,5,5,5,5,5,5,5
2,1,120913,0,0,0,0,0,0,0,0,0,0
0,1,120914,0,0,0,0,0,0,0,0,0,0
1,1,120914,0,0,0,0,0,0,0,0,0,0
1,1,120915,0,0,0,0,0,0,0,0,0,0
2,1,120915,0,0,0,0,0,0,0,0,0,0
1,1,120916,0,0,0,0,0,0,0,0,0,0
2,1,120916,0,0,0,0,0,0,0,0,0,0
1,1,120918,0,18,0,0,14,10,0,0,7,10
1,1,120920,0,0,0,0,0,0,0,0,0,0
0,1,120921,0,0,0,0,0,0,0,0,0,0
1,1,120921,5,0,0,0,0,0,0,0,0,0
1,1,120922,0,0,0,0,0,0,0,0,0,0
2,1,120922,0,0,0,0,0,0,0,0,0,0
1,1,120924,29,29,29,29,29,29,29,29,29,29
2,1,120924,0,0,0,0,0,0,0,0,0,0
1,1,120925,0,0,0,0,0,0,0,0,0,0
2,1,120925,0,0,0,0,0,0,0,0,0,0
1,1,120926,0,0,0,0,0,0,0,0,0,0
2,1,120926,6,0,0,0,0,0,0,0,0,0
0,1,120928,28,28,28,28,28,28,28,28,28,28
1,1,120928,0,0,0,0,0,0,0,0,0,0
1,1,120929,0,19,7,5,12,0,0,3,0,14
1,1,120930,0,0,0,0,0,0,0,0,0,0
1,1,120931,10,10,10,10,10,10,10,10,10,10
1,1,120932,17,17,17,17,17,17,17,17,17,17
1,1,120933,0,0,0,0,0,0,0,0,0,0
0,1,120934,0,0,0,21,0,0,0,0,0,0
1,1,120934,0,0,0,0,0,0,0,13,0,0
1,1,120935,0,0,0,0,0,0,0,0,0,0
1,1,120936,0,0,0,0,0,0,0,0,0,0
1,1,120937,28,28,28,28,28,28,28,28,28,28
1,1,120938,30,30,30,30,30,30,30,30,30,30
1,1,120939,0,0,0,0,0,0,0,0,0,0
1,1,120940,0,0,0,0,0,0,0,0,0,0
2,1,120940,0,0,0,0,0,0,0,0,0,0
3,1,120940,0,0,0,0,0,0,0,0,0,0
4,1,120940,0,0,0,0,0,0,0,0,0,0
5,1,120940,0,0,0,0,0,0,0,0,0,0
6,1,120940,0,0,0,0,0,0,0,0,0,0
7,1,120940,0,0,0,0,0,0,0,0,0,0
8,1,120940,0,0,0,0,0,0,0,0,0,0
1,1,120941,0,0,0,0,0,0,0,0,0,0
0,1,120942,0,0,0,0,0,0,0,0,0,0
1,1,120942,0,0,0,0,0,0,0,0,0,0
1,1,120943,23,23,23,23,23,23,23,23,23,23
2,1,120943,0,0,0,0,0,0,0,0,0,0
1,1,120944,0,0,0,0,0,0,0,0,0,0
1,1,120945,19,19,19,19,19,19,19,19,19,19
2,1,120945,0,0,0,26,4,0,0,8,0,0
3,1,120945,0,0,0,0,0,0,0,0,0,0
1,1,120946,28,0,0,25,0,21,0,23,25,14
2,1,120946,0,0,0,0,0,0,4,0,0,0
1,1,120947,0,0,0,0,0,0,0,0,0,0
2,1,120947,0,7,0,0,0,0,0,0,0,0
3,1,120947,0,0,0,0,0,0,0,0,0,0
1,1,120948,0,0,0,0,0,0,0,0,0,0
1,1,120949,0,0,0,0,0,0,0,0,0,0
2,1,120949,13,13,13,13,13,13,13,13,13,13
1,1,120950,0,0,0,0,0,0,0,0,0,0
0,1,120951,0,0,0,0,0,0,0,0,0,0
1,1,120951,0,0,0,0,0,0,0,0,0,0
1,1,120952,0,0,0,0,0,0,0,0,0,0
2,1,120952,0,0,0,0,0,0,0,0,0,0
1,1,120953,0,0,0,0,0,0,0,0,0,0
2,1,120953,0,0,0,0,0,0,0,0,0,0
1,1,120955,0,0,0,0,0,0,0,0,0,0
1,1,120956,0,0,0,0,0,0,0,0,0,0
2,1,120956,0,0,0,0,0,0,0,0,0,0
3,1,120956,0,0,0,0,0,0,0,0,0,0
4,1,120956,0,0,0,0,0,0,0,0,0,0
1,1,120957,15,15,15,15,15,15,15,15,15,15
1,1,120958,0,0,0,0,14,20,0,0,19,18
1,1,120959,0,0,0,0,0,0,0,0,0,0
1,1,120960,0,0,3,5,0,7,3,18,6,0
1,1,120961,0,0,0,0,0,0,0,6,8,0
1,1,120962,14,14,14,14,14,14,14,14,14,14
1,1,120963,19,19,19,19,19,19,19,19,19,19
0,1,120964,19,11,0,0,31,29,19,0,0,14
1,1,120964,0,0,0,0,0,0,0,0,0,16
0,1,120965,0,0,0,0,0,0,0,0,0,0
1,1,120965,0,0,0,0,0,0,0,0,0,0
1,1,120966,0,0,0,0,0,0,0,0,0,0
2,1,120966,0,0,0,0,0,0,0,0,0,0
1,1,120967,0,0,0,0,4,0,0,0,0,18
2,1,120967,0,0,0,0,16,9,0,0,0,0
1,1,120968,0,0,0,0,0,0,0,0,0,0
2,1,120968,0,0,0,0,0,0,0,0,0,0
1,1,120969,0,0,0,0,0,0,0,0,0,0
2,1,120969,0,0,0,0,0,0,0,8,0,0
0,1,120970,0,0,0,0,0,0,0,10,0,0
1,1,120970,0,0,0,0,0,0,0,0,0,0
1,1,120971,0,0,0,0,0,0,0,26,0,0
2,1,120971,0,0,0,0,0,0,0,0,0,0
1,1,120972,0,0,0,0,0,0,0,0,0,0
2,1,120972,0,0,0,0,0,0,0,0,0,0
1,1,120973,0,0,0,0,0,0,0,0,0,0
2,1,120973,0,0,0,0,0,0,0,0,0,0
1,1,120974,0,16,0,0,0,0,0,0,0,0
2,1,120974,18,0,0,0,0,0,0,0,0,0
1,1,120975,0,30,0,10,0,0,0,0,0,28
2,1,120975,0,0,0,0,0,0,0,0,18,0
1,1,120976,0,0,0,0,0,0,0,0,0,0
1,1,120977,0,0,0,0,0,0,0,0,0,0
2,1,120977,0,0,0,0,0,0,0,0,0,0
1,1,120978,0,0,0,0,14,0,0,0,0,0
2,1,120978,0,0,0,0,0,0,0,0,0,0
1,1,120979,0,0,0,0,0,0,0,0,0,0
1,1,120980,13,13,13,13,13,13,13,13,13,13
1,1,120981,0,0,0,0,0,0,0,0,0,0
1,1,120982,0,0,0,0,0,0,0,0,0,0
2,1,120982,0,0,0,0,0,0,0,0,0,0
1,1,120983,32,32,32,32,32,32,32,32,32,32
1,1,120984,0,0,0,0,0,0,0,0,0,0
2,1,120984,0,13,0,0,0,0,0,0,0,0
3,1,120984,0,0,0,0,0,0,0,0,0,0
0,1,120985,0,0,0,0,0,0,0,0,0,0
1,1,120985,0,0,0,0,0,0,0,0,0,0
1,1,120986,10,10,10,10,10,10,10,10,10,10
2,1,120986,0,0,0,0,0,15,0,0,0,0
1,1,120987,0,0,0,0,0,0,0,0,0,0
2,1,120987,0,0,0,0,0,0,0,0,0,0
1,1,120989,0,0,0,0,0,0,0,0,0,0
1,1,120990,0,0,0,0,0,0,0,0,0,0
1,1,120991,0,0,0,0,0,0,0,0,0,0
0,1,120992,18,18,18,18,18,18,18,18,18,18
1,1,120992,16,0,0,0,0,0,0,0,11,0
1,1,120993,15,15,15,15,15,15,15,15,15,15
2,1,120993,0,5,0,0,0,0,0,0,0,12
1,1,120994,21,21,21,21,21,21,21,21,21,21
1,1,120995,0,0,0,0,0,0,0,0,0,0
1,1,120996,0,0,0,0,0,11,0,0,0,0
2,1,120996,0,0,0,0,0,0,0,0,0,0
0,1,120997,23,23,23,23,23,23,23,23,23,23
1,1,120997,0,0,7,0,0,0,0,0,0,0
0,1,120998,0,30,13,23,6,0,33,15,20,13
1,1,120998,0,0,0,0,0,0,0,0,0,0
1,1,120999,0,0,0,0,0,0,0,0,0,0
1,1,121000,0,0,0,0,0,0,0,0,0,0
1,1,121001,0,0,0,0,0,0,0,0,0,0
2,1,121001,0,0,0,0,0,0,0,0,0,0
1,1,121002,0,0,0,0,0,0,0,0,0,0
2,1,121002,0,0,0,0,0,0,0,0,0,0
1,1,121003,0,0,0,0,0,0,0,0,0,0
1,1,121004,0,0,0,9,0,0,0,0,0,0
0,1,121005,18,18,18,18,18,18,18,18,18,18
1,1,121005,2,2,2,2,2,2,2,2,2,2
0,1,121006,19,19,19,19,19,19,19,19,19,19
1,1,121006,0,0,0,0,0,0,0,0,0,0
1,1,121007,0,0,0,0,0,0,0,0,0,0
2,1,121007,0,0,0,0,0,0,0,0,0,0
1,1,121008,0,0,0,0,0,0,0,0,0,0
1,1,121009,0,0,0,0,0,0,0,0,0,0
0,1,121010,0,0,0,0,0,0,0,0,0,0
1,1,121010,0,0,0,13,0,0,0,0,0,0
1,1,121011,0,0,0,0,0,0,0,0,0,0