VEH_NO,PER_NO,ST_CASE,P1,P2,P3,P4,P5,P6,P7,P8,P9,P10
1,1,160060,24,24,24,24,24,24,24,24,24,24
2,1,160060,8,8,8,8,8,8,8,8,8,8
1,1,160061,0,0,0,0,0,0,0,0,0,0
1,1,160062,15,15,15,15,15,15,15,15,15,15
1,1,160063,18,18,18,18,18,18,18,18,18,18
0,1,160064,38,38,38,38,38,38,38,38,38,38
1,1,160064,0,0,0,0,0,0,0,0,0,0
1,1,160065,0,0,0,0,0,0,0,0,0,0
1,1,160066,10,10,10,10,10,10,10,10,10,10
1,1,160067,0,0,0,0,0,0,0,0,0,0
2,1,160067,0,0,0,0,0,0,0,0,0,0
1,1,160068,22,22,22,22,22,22,22,22,22,22
1,1,160069,0,0,0,0,0,0,0,0,0,0
1,1,160070,10,10,10,10,10,10,10,10,10,10
1,1,160071,0,0,0,0,0,0,0,0,0,0
2,1,160071,0,0,0,0,0,0,0,0,0,0
1,1,160072,0,0,0,0,0,0,0,0,0,0
1,1,160073,0,0,11,0,0,0,0,0,19,0
1,1,160074,17,17,17,17,17,17,17,17,17,17
1,1,160075,0,0,0,0,0,0,0,0,0,0
0,1,160076,0,0,0,0,0,0,0,0,0,0
1,1,160076,0,0,0,0,0,0,0,0,0,0
0,1,160077,0,0,0,0,0,0,0,0,0,0
1,1,160077,8,8,8,8,8,8,8,8,8,8
1,1,160078,0,0,0,0,0,0,0,0,0,0
2,1,160078,0,0,0,0,0,0,0,0,0,0
3,1,160078,0,0,0,0,0,0,0,0,0,0
1,1,160079,0,0,0,0,0,0,0,0,11,0
0,1,160080,25,25,25,25,25,25,25,25,25,25
1,1,160080,0,0,0,0,0,0,0,0,0,0
1,1,160081,0,0,0,0,0,0,0,0,0,0
2,1,160081,0,0,0,0,0,0,0,0,0,0
1,1,160082,0,0,0,0,0,0,0,0,0,0
2,1,160082,0,0,0,0,0,0,0,0,0,0
3,1,160082,0,0,0,0,0,0,0,0,0,0
4,1,160082,0,0,0,0,0,0,0,0,0,0
1,1,160083,0,0,0,0,0,0,0,0,0,0
1,1,160084,22,22,22,22,22,22,22,22,22,22
1,1,160085,11,11,11,11,11,11,11,11,11,11
2,1,160085,12,12,12,12,12,12,12,12,12,12
1,1,160086,0,0,0,0,0,0,0,0,0,0
1,1,160087,22,22,22,22,22,22,22,22,22,22
2,1,160087,0,0,0,0,0,0,0,0,0,0
1,1,160088,22,22,22,22,22,22,22,22,22,22
1,1,160089,0,0,0,0,0,0,0,0,0,0
1,1,160090,17,17,17,17,17,17,17,17,17,17
1,1,160091,0,0,0,3,0,22,0,0,0,0
2,1,160091,0,0,0,0,0,0,0,0,0,0
1,1,160092,0,0,0,0,0,0,0,0,0,0
2,1,160092,0,0,0,0,0,0,0,0,0,0
1,1,160093,0,0,0,0,0,0,0,0,0,0
2,1,160093,0,0,0,0,0,0,0,0,0,0
3,1,160093,0,0,0,0,0,0,0,0,0,0
1,1,160094,0,0,0,0,0,0,0,0,0,0
1,1,160095,16,16,16,16,16,16,16,16,16,16
0,1,160096,0,0,0,0,0,0,0,0,0,0
1,1,160096,0,0,0,0,0,0,0,0,0,0
1,1,160097,0,0,0,0,0,0,0,0,0,0
1,1,160098,0,0,0,0,0,0,0,0,0,0
2,1,160098,0,0,0,0,0,0,0,0,0,0
1,1,160099,0,0,0,0,0,0,0,11,0,0
0,1,160100,0,0,0,0,0,0,0,0,0,0
1,1,160100,0,0,0,0,0,0,0,0,0,0
1,1,160101,0,0,0,0,0,0,0,0,0,0
1,1,160102,17,17,17,17,17,17,17,17,17,17
1,1,160103,0,0,0,0,0,0,0,0,0,0
1,1,160104,0,0,0,0,0,0,0,0,0,0
2,1,160104,0,0,0,0,0,0,0,0,0,0
1,1,160105,0,0,0,0,0,0,0,0,0,0
1,1,160106,0,0,0,0,0,0,0,0,0,0
2,1,160106,0,0,0,0,0,0,0,0,0,0
1,1,160107,6,6,6,6,6,6,6,6,6,6
1,1,160108,36,36,36,36,36,36,36,36,36,36
1,1,160109,0,0,0,0,0,0,0,0,0,0
1,1,160110,29,29,29,29,29,29,29,29,29,29
1,1,160111,0,0,0,0,0,0,0,0,0,0
2,1,160111,0,0,0,0,0,0,0,0,0,0
0,1,160112,0,0,0,0,0,0,0,0,0,0
1,1,160112,0,0,0,0,0,0,0,0,0,0
1,1,160113,18,18,18,18,18,18,18,18,18,18
0,1,160114,0,0,0,0,0,0,0,0,0,0
0,2,160114,0,0,0,0,0,0,0,0,0,0
1,1,160114,0,0,0,0,0,0,0,0,0,0
1,1,160115,19,19,19,19,19,19,19,19,19,19
2,1,160115,0,0,0,0,0,0,0,0,0,0
1,1,160116,0,42,0,0,13,35,0,25,12,0
1,1,160117,0,0,0,0,0,0,0,0,0,0
2,1,160117,0,0,0,0,3,0,0,0,0,0
1,1,160118,11,11,11,11,11,11,11,11,11,11
1,1,160119,28,28,28,28,28,28,28,28,28,28
1,1,160120,0,0,0,0,0,0,0,0,0,0
1,1,160121,0,0,0,0,0,0,0,0,0,0
1,1,160122,0,0,0,0,0,0,0,0,0,0
2,1,160122,0,0,0,0,0,0,0,0,0,0
1,1,160123,0,0,0,0,0,0,0,0,0,0
1,1,160124,18,18,18,18,18,18,18,18,18,18
1,1,160125,0,0,0,0,0,0,0,0,0,0
2,1,160125,0,0,0,0,0,0,0,0,0,0
1,1,160126,0,0,0,0,0,0,0,0,0,0
2,1,160126,0,0,0,0,0,0,0,0,0,0
1,1,160127,0,0,0,0,0,0,0,9,0,0
1,1,160128,0,0,0,0,0,0,0,0,0,0
2,1,160128,0,0,0,0,0,0,0,0,0,0
1,1,160129,13,13,13,13,13,13,13,13,13,13
2,1,160129,0,0,0,0,0,0,0,0,0,0
1,1,160130,0,0,0,0,0,0,0,0,0,0
2,1,160130,0,0,0,0,0,0,0,0,0,0
3,1,160130,0,0,0,0,0,0,0,0,0,0
1,1,160131,0,9,26,0,0,12,0,6,0,0
1,1,160132,0,0,0,0,0,0,0,0,0,0
2,1,160132,0,0,0,0,0,0,0,0,0,0
1,1,160133,0,0,0,0,0,0,0,0,0,0
1,1,160134,19,19,19,19,19,19,19,19,19,19
1,1,160135,0,0,0,0,0,0,0,0,0,8
1,1,160136,0,0,0,0,0,0,0,0,0,0
1,1,160137,21,21,21,21,21,21,21,21,21,21
1,1,160138,0,0,0,0,0,0,0,0,0,0
1,1,160139,0,0,0,0,0,0,0,0,0,0
2,1,160139,0,0,0,0,0,0,0,0,0,0
3,1,160139,0,0,0,8,0,0,0,0,0,0
1,1,160140,0,0,0,0,0,0,0,0,0,0
1,1,160141,0,0,0,0,0,0,0,0,0,0
2,1,160141,0,0,0,0,0,0,0,0,0,0
1,1,160142,0,0,0,0,0,0,0,0,0,0
1,1,160143,0,0,0,0,0,0,0,0,0,0
2,1,160143,0,0,0,0,0,0,0,0,0,0
0,1,160144,3,3,3,3,3,3,3,3,3,3
1,1,160144,0,0,11,0,3,12,0,14,16,24
1,1,160145,11,13,15,15,15,9,0,13,0,15
1,1,160146,0,0,0,0,0,0,0,0,0,0
2,1,160146,0,0,0,0,0,0,0,0,0,0
1,1,160147,0,0,0,0,0,0,0,0,0,0
2,1,160147,0,0,0,0,0,0,0,0,0,0
1,1,160148,9,9,9,9,9,9,9,9,9,9
1,1,160149,1,1,1,1,1,1,1,1,1,1
2,1,160149,0,0,0,0,0,0,0,0,0,0
1,1,160150,0,0,0,0,0,0,0,0,0,0
1,1,160151,0,0,0,0,0,0,0,0,0,0
2,1,160151,0,0,0,0,0,0,0,0,0,0
1,1,160152,0,0,0,0,0,0,0,0,0,0
1,1,160153,0,0,0,0,0,0,0,0,0,0
1,1,160154,0,0,0,0,0,0,0,10,0,0
2,1,160154,0,0,0,0,0,0,0,0,0,0
1,1,160155,3,3,3,3,3,3,3,3,3,3
1,1,160156,0,0,0,0,0,0,0,0,0,0
1,1,160157,0,0,0,0,0,0,0,0,0,0
1,1,160158,0,0,0,0,0,0,0,0,0,0
1,1,160159,0,0,0,0,0,0,0,0,0,0
1,1,160160,0,0,0,0,0,0,0,0,0,0
2,1,160160,0,0,0,0,0,0,0,0,0,0
1,1,160161,0,0,0,0,0,0,0,0,0,0
0,1,160162,1,1,1,1,1,1,1,1,1,1
1,1,160162,0,0,0,0,0,0,0,0,0,0
1,1,160163,0,0,0,0,0,0,0,0,0,0
1,1,160164,0,0,0,0,0,0,0,0,0,0
2,1,160164,0,0,12,0,0,0,0,0,0,0
3,1,160164,0,0,0,0,0,0,0,0,0,0
1,1,160165,0,0,0,0,4,0,0,0,0,23
1,1,160166,15,15,15,15,15,15,15,15,15,15
1,1,160167,0,0,0,0,0,0,0,0,0,0
2,1,160167,14,14,14,14,14,14,14,14,14,14
1,1,160168,0,0,0,0,0,0,0,0,0,0
1,1,160169,0,0,0,0,0,0,0,0,4,0
1,1,160170,7,7,7,7,7,7,7,7,7,7
0,1,160171,0,0,0,0,0,0,0,0,0,0
1,1,160171,0,0,0,0,0,0,0,0,0,0
1,1,160172,33,33,33,33,33,33,33,33,33,33
2,1,160172,0,0,0,0,0,0,0,0,0,0
1,1,160173,0,0,0,0,0,0,0,0,0,0
2,1,160173,0,0,0,0,0,0,0,0,0,0
1,1,160174,0,0,0,0,0,0,0,0,0,0
2,1,160174,0,0,0,0,0,0,0,0,0,0
1,1,160175,0,0,0,0,0,0,0,0,0,0
1,1,160176,0,0,0,0,0,0,0,0,0,0
1,1,160177,0,0,0,0,0,0,0,0,0,0
1,1,160178,30,30,30,30,30,30,30,30,30,30
1,1,160179,0,0,0,0,0,0,0,0,0,0
0,1,160180,0,0,0,0,0,0,0,0,0,0
1,1,160180,0,0,0,5,0,0,0,0,0,0
1,1,160181,0,0,0,0,0,0,0,0,0,0
2,1,160181,0,0,0,0,0,0,0,0,0,0
1,1,160182,0,0,0,0,0,0,0,0,0,0
2,1,160182,0,0,0,0,0,0,0,0,0,0
1,1,160183,0,0,0,0,0,0,0,0,0,0
2,1,160183,0,0,0,0,0,0,0,0,0,0
1,1,160184,0,0,0,0,0,0,0,0,0,0
1,1,160185,0,0,0,0,0,0,0,0,0,0
1,1,160186,0,0,0,0,0,0,0,0,0,0
2,1,160186,0,0,0,0,0,0,0,0,0,0
1,1,160187,0,0,0,0,0,0,0,0,0,0
2,1,160187,0,0,0,0,0,0,0,0,8,0
1,1,160188,0,3,0,0,0,0,0,0,13,0
1,1,160189,0,0,0,0,0,0,0,0,0,0
2,1,160189,0,0,0,0,0,0,0,0,0,0
3,1,160189,0,0,0,0,0,0,0,0,0,0
1,1,160190,0,0,0,0,0,0,0,0,0,0
2,1,160190,0,0,0,0,0,0,0,0,0,0
3,1,160190,0,0,0,0,0,0,0,0,0,0
4,1,160190,0,0,0,0,0,0,0,0,0,0
1,1,160191,0,0,0,0,0,0,0,0,0,0
1,1,160192,0,0,0,0,0,0,0,0,0,0
2,1,160192,0,0,0,0,0,0,0,0,0,0
1,1,160193,0,0,0,0,0,0,0,0,0,0
1,1,160194,0,0,0,0,0,0,0,0,0,0
1,1,160195,0,0,0,0,0,0,0,0,0,0
2,1,160195,0,0,0,0,0,0,0,0,0,0
3,1,160195,0,0,0,0,0,0,0,0,0,0
4,1,160195,0,0,0,0,0,0,0,0,0,0
1,1,160196,20,20,20,20,20,20,20,20,20,20
1,1,160197,9,9,9,9,9,9,9,9,9,9
1,1,160198,16,16,16,16,16,16,16,16,16,16
1,1,160199,0,0,0,0,0,0,0,0,0,0
0,1,170001,21,21,21,21,21,21,21,21,21,21
1,1,170001,0,0,0,0,0,0,0,0,0,0
1,1,170003,0,0,0,0,0,0,0,0,0,0
2,1,170003,0,0,0,0,0,0,0,0,0,0
1,1,170004,0,0,0,0,0,0,0,0,0,0
2,1,170004,0,0,0,0,0,0,0,0,0,0
1,1,170005,0,0,0,0,0,0,0,0,0,0
1,1,170006,0,0,0,0,0,0,0,0,0,0
2,1,170006,0,0,0,0,0,0,0,0,0,0
1,1,170007,0,0,0,0,0,0,0,0,0,0
2,1,170007,0,0,0,0,0,0,0,0,0,0
1,1,170008,0,0,0,0,0,0,0,0,0,0
2,1,170008,0,0,0,0,0,0,0,0,0,0
1,1,170009,0,0,0,0,0,0,0,0,0,0
2,1,170009,0,0,0,0,0,0,0,0,0,0
0,1,170010,0,0,0,0,0,0,0,0,0,0
1,1,170010,0,0,0,0,0,0,0,0,0,0
1,1,170011,17,17,17,17,17,17,17,17,17,17
1,1,170012,12,12,12,12,12,12,12,12,12,12
2,1,170012,0,0,0,0,0,0,0,0,0,0
3,1,170012,0,0,0,0,0,0,0,0,0,0
0,1,170013,0,0,0,0,0,0,0,0,0,0
1,1,170013,0,0,0,0,0,0,0,0,0,0
1,1,170014,0,0,0,0,0,0,0,0,0,0
0,1,170015,0,0,0,0,0,0,0,0,0,0
1,1,170015,0,0,0,0,0,0,0,0,0,0
1,1,170016,0,0,0,0,0,0,0,0,0,0
2,1,170016,0,0,0,0,0,0,0,0,0,0
0,1,170017,0,0,0,0,0,0,0,0,0,0
1,1,170017,0,0,0,0,0,0,0,0,0,0
1,1,170018,23,23,23,23,23,23,23,23,23,23
1,1,170019,0,0,0,0,0,0,0,0,0,0
1,1,170020,20,20,20,20,20,20,20,20,20,20
1,1,170021,27,27,27,27,27,27,27,27,27,27
1,1,170022,36,36,36,36,36,36,36,36,36,36
0,1,170023,0,0,0,0,0,0,0,0,0,0
1,1,170023,0,0,0,0,0,0,0,0,0,0
1,1,170024,15,15,15,15,15,15,15,15,15,15
1,1,170025,0,0,0,0,0,0,0,0,0,0
2,1,170025,0,0,0,0,0,0,0,0,0,0
3,1,170025,0,0,0,0,0,0,0,0,0,0
1,1,170026,0,0,0,0,0,0,0,0,0,0
2,1,170026,0,0,0,0,0,0,0,0,0,0
1,1,170027,17,17,17,17,17,17,17,17,17,17
1,1,170028,0,0,0,0,0,0,0,0,0,0
2,1,170028,0,0,0,0,0,0,0,14,0,0
1,1,170029,2,2,2,2,2,2,2,2,2,2
1,1,170030,0,0,0,0,0,0,0,0,0,0
2,1,170030,0,0,0,0,0,0,0,0,0,0
1,1,170031,0,0,0,0,0,0,0,0,0,0
1,1,170032,0,0,0,0,0,0,0,0,0,0
1,1,170034,12,12,12,12,12,12,12,12,12,12
1,1,170035,0,0,0,0,0,0,0,0,0,0
2,1,170035,0,0,0,0,0,0,0,0,0,0
1,1,170036,0,0,0,0,0,0,0,0,0,0
2,1,170036,0,0,0,0,0,19,0,0,0,0
1,1,170037,20,20,20,20,20,20,20,20,20,20
2,1,170037,0,0,16,0,0,20,0,19,0,0
1,1,170038,0,0,0,0,0,0,0,0,0,0
2,1,170038,0,0,0,0,0,0,0,0,0,0
1,1,170039,0,0,0,0,0,0,0,0,0,0
1,1,170040,0,0,0,0,0,0,0,0,0,0
1,1,170041,0,0,0,0,0,0,0,0,0,0
2,1,170041,0,0,0,0,0,0,0,0,0,0
0,1,170042,0,0,0,0,0,0,0,0,0,0
1,1,170042,0,0,8,0,0,0,0,0,0,0
1,1,170043,0,0,0,0,0,0,0,0,0,0
1,1,170044,0,0,0,0,0,0,0,0,0,0
2,1,170044,0,0,0,0,0,0,0,0,0,0
0,1,170045,11,21,34,0,0,0,0,29,0,0
1,1,170045,0,0,0,0,0,0,0,0,0,0
1,1,170046,17,17,17,17,17,17,17,17,17,17
2,1,170046,0,0,0,0,0,0,0,0,0,12
3,1,170046,0,0,11,0,0,0,0,0,0,0
1,1,170047,0,0,0,0,0,0,0,0,0,0
2,1,170047,0,0,0,0,0,0,0,0,0,0
3,1,170047,0,0,0,0,0,0,0,0,0,0
8,1,170047,0,0,0,0,0,0,0,0,0,0
1,1,170048,0,0,0,0,0,0,0,0,0,0
2,1,170048,0,0,0,0,4,0,0,0,0,0
1,1,170049,10,10,10,10,10,10,10,10,10,10
1,1,170050,25,25,25,25,25,25,25,25,25,25
2,1,170050,0,0,0,0,0,0,0,0,0,0
1,1,170051,5,5,5,5,5,5,5,5,5,5
2,1,170051,0,0,0,0,0,0,0,0,0,0
0,1,170052,0,0,0,0,0,0,0,0,12,0
0,2,170052,0,0,0,0,0,0,0,0,0,0
1,1,170052,0,0,0,0,0,0,0,0,0,0
1,1,170053,0,0,0,0,0,0,0,0,0,0
2,1,170053,0,0,9,0,0,0,9,0,0,0
3,1,170053,0,0,0,0,0,0,0,0,0,0
4,1,170053,0,0,0,0,0,0,0,0,15,0
1,1,170054,22,22,22,22,22,22,22,22,22,22
0,1,170055,19,19,19,19,19,19,19,19,19,19
1,1,170055,0,0,0,0,0,0,0,0,0,0
1,1,170056,0,0,0,0,0,0,0,0,0,0
0,1,170057,16,16,16,16,16,16,16,16,16,16
1,1,170057,0,0,0,0,0,0,0,0,0,0
1,1,170058,29,29,29,29,29,29,29,29,29,29
2,1,170058,0,0,0,0,0,0,0,0,0,0
1,1,170059,8,8,8,8,8,8,8,8,8,8
0,1,170060,0,0,0,0,0,0,0,0,0,0
1,1,170060,0,0,0,0,0,0,0,0,0,0
1,1,170061,18,18,18,18,18,18,18,18,18,18
1,1,170062,25,25,25,25,25,25,25,25,25,25
1,1,170063,7,8,0,0,0,0,0,0,13,5
1,1,170064,0,0,0,0,0,0,0,0,0,0
2,1,170064,0,0,0,0,0,0,0,0,0,0
1,1,170065,26,26,26,26,26,26,26,26,26,26
1,1,170066,22,22,22,22,22,22,22,22,22,22
1,1,170068,0,0,0,0,0,0,0,0,0,0
2,1,170068,0,0,0,0,0,0,0,0,0,0
1,1,170069,0,0,0,0,0,0,0,0,0,0
2,1,170069,0,0,0,0,0,0,0,0,0,0
3,1,170069,0,0,0,0,0,0,0,0,0,0
1,1,170070,17,17,17,17,17,17,17,17,17,17
1,1,170071,22,22,22,22,22,22,22,22,22,22
1,1,170072,0,0,0,0,0,0,0,11,0,0
1,1,170073,0,0,0,0,0,0,0,0,0,0
2,1,170073,0,0,0,0,25,0,0,0,0,0
3,1,170073,0,0,0,0,0,0,0,0,0,0
0,1,170074,0,0,0,0,0,0,0,0,0,0
1,1,170074,0,0,0,0,0,0,0,0,0,0
0,1,170075,0,0,0,0,0,0,0,0,0,0
1,1,170075,0,0,0,0,0,0,0,0,0,0
1,1,170076,0,0,0,0,0,6,0,0,0,0
2,1,170076,0,0,0,0,0,0,0,0,0,0
1,1,170077,0,0,0,0,0,0,0,0,0,0
1,1,170078,19,19,19,19,19,19,19,19,19,19
2,1,170078,0,0,0,0,0,0,0,0,0,0
3,1,170078,11,11,11,11,11,11,11,11,11,11
1,1,170079,0,0,0,0,0,0,0,0,0,0
2,1,170079,0,0,0,0,0,0,0,0,0,0
1,1,170080,0,27,0,0,0,21,0,38,21,17
2,1,170080,0,0,0,0,0,0,0,0,0,0
1,1,170081,20,20,20,20,20,20,20,20,20,20
1,1,170082,3,3,3,3,3,3,3,3,3,3
1,1,170083,0,0,0,0,0,0,0,0,0,0
1,1,170084,7,7,7,7,7,7,7,7,7,7
2,1,170084,0,0,0,0,0,0,0,0,6,0
1,1,170085,2,2,2,2,2,2,2,2,2,2
1,1,170086,0,0,0,0,0,0,0,0,0,0
2,1,170086,0,0,0,0,0,0,0,0,0,0
0,1,170087,0,0,0,0,0,0,0,0,0,0
1,1,170087,0,0,0,0,0,0,0,0,0,0
1,1,170088,0,0,0,0,0,0,0,0,0,0
2,1,170088,0,0,0,0,0,0,0,0,0,0
1,1,170089,0,0,0,0,0,0,0,0,0,0
2,1,170089,0,0,0,0,0,0,0,0,0,0
1,1,170090,29,29,29,29,29,29,29,29,29,29
1,1,170091,0,18,6,0,14,12,25,10,0,0
0,1,170092,3,3,3,3,3,3,3,3,3,3
1,1,170092,11,11,11,11,11,11,11,11,11,11
1,1,170093,14,14,14,14,14,14,14,14,14,14
1,1,170094,19,19,19,19,19,19,19,19,19,19
0,1,170095,25,25,25,25,25,25,25,25,25,25
1,1,170095,0,0,0,0,0,0,0,0,0,0
1,1,170096,0,0,0,0,0,0,0,0,0,0
1,1,170097,0,0,0,0,0,0,0,0,0,0
2,1,170097,0,0,0,0,0,0,0,0,0,0
1,1,170098,0,0,0,0,0,0,0,0,0,0
2,1,170098,0,0,0,0,0,0,0,0,0,0
1,1,170099,19,19,19,19,19,19,19,19,19,19
1,1,170100,0,0,0,0,0,0,0,0,0,0
2,1,170100,0,0,0,0,0,0,0,0,0,0
1,1,170101,24,24,24,24,24,24,24,24,24,24
2,1,170101,0,0,0,0,0,0,0,0,0,0
1,1,170102,15,15,15,15,15,15,15,15,15,15
1,1,170103,0,0,0,0,0,0,0,0,0,0
2,1,170103,0,0,8,0,0,0,0,0,9,0
1,1,170104,14,14,14,14,14,14,14,14,14,14
1,1,170105,0,0,0,0,0,0,0,0,0,0
2,1,170105,0,0,0,0,0,0,0,0,0,0
0,1,170106,21,17,0,26,13,24,30,0,29,24
1,1,170106,0,0,0,0,0,0,0,0,0,0
1,1,170108,7,7,7,7,7,7,7,7,7,7
1,1,170109,17,17,17,17,17,17,17,17,17,17
2,1,170109,0,0,0,0,0,0,0,0,0,0
1,1,170110,30,30,30,30,30,30,30,30,30,30
1,1,170111,0,0,0,0,0,0,0,0,0,0
1,1,170112,10,10,10,10,10,10,10,10,10,10
2,1,170112,0,0,0,0,0,0,0,0,0,0
1,1,170113,0,0,0,0,0,0,0,0,0,0
1,1,170114,2,2,2,2,2,2,2,2,2,2
1,1,170115,0,0,0,0,0,0,0,0,0,0
2,1,170115,0,0,0,0,0,0,0,0,0,0
1,1,170116,17,17,17,17,17,17,17,17,17,17
1,1,170117,11,11,11,11,11,11,11,11,11,11
1,1,170118,13,13,13,13,13,13,13,13,13,13
1,1,170119,18,18,18,18,18,18,18,18,18,18
0,1,170120,20,20,20,20,20,20,20,20,20,20
1,1,170120,0,0,12,0,0,0,0,0,0,0
1,1,170121,7,7,7,7,7,7,7,7,7,7
2,1,170121,0,0,0,0,0,0,0,0,0,0
1,1,170122,26,26,26,26,26,26,26,26,26,26
1,1,170123,0,0,0,0,0,0,0,0,0,0
2,1,170123,0,0,0,0,0,0,0,0,0,0
3,1,170123,0,0,0,0,0,0,0,0,0,0
1,1,170124,19,19,19,19,19,19,19,19,19,19
1,1,170125,22,22,22,22,22,22,22,22,22,22
0,1,170126,24,24,24,24,24,24,24,24,24,24
1,1,170126,0,0,0,0,0,0,0,0,0,0
1,1,170127,0,0,0,0,0,0,0,0,0,0
2,1,170127,0,0,0,0,0,0,0,0,0,0
3,1,170127,0,0,0,0,0,0,0,0,0,0
1,1,170128,0,0,14,0,0,0,0,0,0,0
2,1,170128,0,0,0,0,0,0,0,0,0,0
1,1,170129,0,0,0,0,0,0,0,0,0,0
0,1,170130,0,0,0,0,0,0,0,0,0,0
1,1,170130,0,0,0,0,0,0,0,0,0,0
2,1,170130,0,0,0,4,0,11,0,0,6,0
0,1,170131,13,13,13,13,13,13,13,13,13,13
0,2,170131,0,0,0,0,0,0,0,0,0,0
1,1,170131,33,0,10,0,14,0,0,0,0,0
0,1,170132,0,0,0,0,0,0,0,0,0,0
1,1,170132,0,0,0,0,0,0,0,0,8,0
1,1,170133,0,0,0,0,0,0,0,0,0,0
1,1,170134,0,0,0,0,0,0,0,0,0,0
2,1,170134,0,0,0,0,0,0,0,0,0,0
1,1,170135,0,0,0,0,0,0,0,0,0,0
1,1,170136,0,0,0,0,0,0,0,0,0,0
2,1,170136,0,0,0,0,0,0,0,0,0,0
1,1,170137,0,0,0,0,0,0,0,0,0,0
2,1,170137,0,0,0,0,0,0,0,0,0,0
0,1,170138,28,28,28,28,28,28,28,28,28,28
1,1,170138,3,7,10,0,0,2,12,0,0,11
1,1,170139,21,17,9,5,20,16,11,30,40,20
1,1,170140,0,0,0,0,0,0,0,0,0,0
1,1,170141,19,19,19,19,19,19,19,19,19,19
1,1,170142,0,0,19,0,2,0,0,0,8,0
2,1,170142,0,0,0,0,0,0,0,0,0,0
1,1,170143,24,24,24,24,24,24,24,24,24,24
0,1,170144,21,21,21,21,21,21,21,21,21,21
1,1,170144,0,0,0,0,0,0,0,0,0,0
1,1,170145,29,29,29,29,29,29,29,29,29,29
2,1,170145,0,0,0,0,0,0,0,0,0,0
1,1,170146,11,16,23,0,7,16,30,15,5,0
1,1,170147,21,21,21,21,21,21,21,21,21,21
1,1,170148,0,0,0,0,0,0,10,0,0,0
2,1,170148,0,0,0,0,0,0,0,0,0,0
1,1,170149,9,9,9,9,9,9,9,9,9,9
1,1,170150,12,12,12,12,12,12,12,12,12,12
1,1,170151,0,0,0,0,0,0,0,0,0,12
2,1,170151,0,0,0,0,0,0,0,0,0,0
0,1,170152,0,0,0,0,0,0,0,0,0,0
1,1,170152,11,11,11,11,11,11,11,11,11,11
0,1,170153,2,2,2,2,2,2,2,2,2,2
1,1,170153,0,0,8,15,6,0,0,0,0,5
1,1,170154,0,0,0,0,0,0,0,0,0,0
1,1,170155,13,13,13,13,13,13,13,13,13,13
2,1,170155,0,0,0,0,0,14,0,0,0,0
1,1,170156,0,0,0,0,0,0,0,0,0,0
1,1,170157,32,32,32,32,32,32,32,32,32,32
2,1,170157,25,25,25,25,25,25,25,25,25,25
1,1,170158,0,0,0,0,0,0,0,0,0,0
2,1,170158,0,0,0,0,0,0,0,0,0,0
3,1,170158,0,0,0,0,0,0,0,0,0,0
1,1,170159,0,0,0,0,0,0,0,0,0,0
2,1,170159,0,0,0,0,0,0,0,0,0,0
3,1,170159,0,0,0,0,0,0,0,0,0,0
1,1,170160,0,0,0,0,0,0,0,0,0,0
1,1,170161,9,9,9,9,9,9,9,9,9,9
2,1,170161,0,0,0,0,0,0,0,0,0,0
0,1,170162,0,0,12,0,0,0,0,0,0,0
1,1,170162,0,0,0,30,0,3,4,11,0,3
1,1,170163,0,0,0,0,0,0,0,0,0,0
2,1,170163,0,0,0,0,0,0,0,0,0,0
1,1,170164,0,0,0,0,0,0,0,11,0,0
2,1,170164,0,0,0,0,0,0,0,14,0,0
1,1,170165,18,18,18,18,18,18,18,18,18,18
1,1,170167,0,0,0,0,0,0,0,0,0,0
2,1,170167,6,6,6,6,6,6,6,6,6,6
1,1,170168,0,0,0,0,0,0,0,0,0,0
2,1,170168,0,0,0,0,0,0,0,0,0,0
1,1,170169,32,32,32,32,32,32,32,32,32,32
1,1,170170,0,0,0,0,0,0,0,0,0,0
2,1,170170,0,0,0,0,0,0,0,0,0,0
1,1,170171,22,22,22,22,22,22,22,22,22,22
2,1,170171,0,0,0,0,0,0,0,0,0,0
1,1,170172,33,33,33,33,33,33,33,33,33,33
0,1,170173,0,0,0,0,0,0,0,0,0,0
1,1,170173,0,0,0,0,0,0,0,0,0,0
1,1,170174,20,20,20,20,20,20,20,20,20,20
1,1,170175,14,14,14,14,14,14,14,14,14,14
1,1,170176,0,0,0,0,0,0,0,0,0,0
1,1,170177,23,23,23,23,23,23,23,23,23,23
1,1,170178,18,18,18,18,18,18,18,18,18,18
1,1,170179,0,0,0,0,0,0,0,0,0,0
1,1,170180,0,0,0,0,0,0,0,0,0,0
2,1,170180,0,0,0,0,0,0,0,0,0,0
1,1,170181,22,22,22,22,22,22,22,22,22,22
2,1,170181,0,0,8,0,0,0,13,0,0,11
3,1,170181,0,0,0,0,0,0,0,0,0,0
0,1,170182,0,0,0,0,0,0,0,0,0,0
1,1,170182,0,0,0,0,0,0,0,0,0,0
1,1,170183,0,0,0,0,0,0,0,0,0,0
2,1,170183,0,0,0,0,0,0,0,0,0,0
1,1,170184,0,0,0,0,0,0,0,0,0,0
2,1,170184,0,0,0,0,0,0,0,0,3,0