VEH_NO,PER_NO,ST_CASE,P1,P2,P3,P4,P5,P6,P7,P8,P9,P10
3,1,170184,0,0,0,0,0,0,0,0,0,0
1,1,170185,0,0,0,0,0,0,0,0,0,0
2,1,170185,0,0,0,0,0,0,0,0,0,0
0,1,170186,0,0,0,0,0,0,0,0,0,0
1,1,170186,0,0,0,0,0,0,0,0,0,0
1,1,170187,0,0,0,0,0,0,0,0,0,0
1,1,170188,0,0,0,0,0,0,0,0,0,0
2,1,170188,0,0,0,0,0,0,0,0,0,0
0,1,170189,0,0,0,0,0,0,0,0,0,0
1,1,170189,0,0,0,0,0,0,0,0,0,0
1,1,170190,14,14,14,14,14,14,14,14,14,14
1,1,170192,0,0,0,0,0,0,0,0,0,0
2,1,170192,0,0,0,0,0,0,0,0,0,0
1,1,170193,0,0,0,0,0,0,0,0,0,0
2,1,170193,0,0,0,0,0,0,0,0,0,0
1,1,170194,0,0,0,0,0,0,0,0,0,0
2,1,170194,0,0,0,0,0,0,0,0,0,0
3,1,170194,0,0,0,0,0,0,0,0,0,0
0,1,170195,24,24,24,24,24,24,24,24,24,24
1,1,170195,0,0,0,8,0,0,0,0,0,0
1,1,170196,0,0,0,0,0,0,34,0,0,0
1,1,170197,0,0,0,0,0,0,0,0,0,0
2,1,170197,0,0,0,0,0,0,0,0,0,0
3,1,170197,0,0,0,0,0,0,0,0,0,0
1,1,170198,9,9,9,9,9,9,9,9,9,9
2,1,170198,0,0,0,0,0,0,0,0,0,0
1,1,170199,0,0,0,0,0,0,0,0,0,0
2,1,170199,0,0,0,0,0,0,0,0,0,0
1,1,170200,12,12,12,12,12,12,12,12,12,12
2,1,170200,6,6,6,6,6,6,6,6,6,6
1,1,170201,6,6,6,6,6,6,6,6,6,6
1,1,170202,0,0,0,0,0,0,0,0,0,0
2,1,170202,0,0,0,0,0,0,0,0,0,0
1,1,170203,0,0,0,0,0,0,0,0,0,0
2,1,170203,0,0,0,0,0,0,0,0,0,0
3,1,170203,0,0,0,0,0,0,0,0,0,0
4,1,170203,0,0,0,0,0,0,0,0,0,0
1,1,170204,0,0,0,0,0,0,0,0,0,0
2,1,170204,0,0,0,0,0,0,0,0,0,0
1,1,170205,11,11,11,11,11,11,11,11,11,11
2,1,170205,0,19,0,0,0,0,0,0,0,0
0,1,170206,0,0,0,0,0,0,0,0,0,0
1,1,170206,0,0,0,0,0,0,0,0,14,0
2,1,170206,0,0,0,0,0,0,0,0,0,0
1,1,170207,10,10,10,10,10,10,10,10,10,10
1,1,170208,20,20,20,20,20,20,20,20,20,20
2,1,170208,0,0,0,0,0,0,0,0,14,0
3,1,170208,0,0,0,0,0,0,0,0,0,0
4,1,170208,0,0,0,0,0,0,0,0,0,0
1,1,170209,13,13,13,13,13,13,13,13,13,13
1,1,170210,24,24,24,24,24,24,24,24,24,24
2,1,170210,0,0,0,0,0,0,0,0,0,0
3,1,170210,0,0,0,0,0,0,0,0,0,0
1,1,170211,8,8,8,8,8,8,8,8,8,8
2,1,170211,0,0,0,0,0,0,0,0,0,0
1,1,170212,0,0,0,0,0,0,0,0,0,0
2,1,170212,0,0,0,0,0,0,0,0,0,0
1,1,170213,0,0,0,0,0,0,0,0,0,0
2,1,170213,0,0,0,0,0,0,0,0,0,0
1,1,170214,0,0,0,0,0,0,0,0,0,0
2,1,170214,0,0,0,0,0,0,0,0,0,0
1,1,170215,0,0,0,0,0,0,0,0,0,0
2,1,170215,0,0,0,0,0,0,0,0,0,0
1,1,170216,0,0,0,0,0,0,0,0,0,0
2,1,170216,0,0,0,0,4,0,0,0,0,0
1,1,170217,17,17,17,17,17,17,17,17,17,17
1,1,170218,29,29,29,29,29,29,29,29,29,29
1,1,170219,16,16,16,16,16,16,16,16,16,16
1,1,170220,4,4,4,4,4,4,4,4,4,4
2,1,170220,0,0,0,0,0,0,0,0,0,0
1,1,170221,16,15,9,0,29,13,0,12,0,0
1,1,170222,0,0,0,0,0,0,0,0,0,0
2,1,170222,0,0,0,0,0,0,0,0,0,0
1,1,170223,0,0,0,0,0,0,0,0,0,0
1,1,170224,0,0,0,0,0,0,0,0,0,0
1,1,170225,0,0,0,0,0,0,0,0,0,0
1,1,170226,21,21,21,21,21,21,21,21,21,21
1,1,170227,0,0,0,0,0,0,0,0,0,0
2,1,170227,0,0,0,0,0,0,0,0,0,0
1,1,170228,30,30,30,30,30,30,30,30,30,30
1,1,170229,14,14,14,14,14,14,14,14,14,14
1,1,170230,14,14,14,14,14,14,14,14,14,14
2,1,170230,3,3,3,3,3,3,3,3,3,3
1,1,170231,0,0,0,0,0,0,0,0,0,0
1,1,170232,0,0,0,0,0,0,0,0,0,0
2,1,170232,0,0,0,0,0,0,0,0,0,0
1,1,170233,0,0,0,0,0,0,0,0,0,0
0,1,170234,0,0,0,0,0,0,0,0,0,0
1,1,170234,0,0,0,0,0,0,0,0,0,0
1,1,170235,0,0,0,0,0,0,0,0,0,0
2,1,170235,0,0,0,0,0,0,0,0,0,0
0,1,170236,0,0,0,0,0,0,0,0,0,0
1,1,170236,0,0,0,0,0,0,0,0,0,0
1,1,170237,0,0,0,0,0,0,0,0,0,0
1,1,170238,0,0,6,0,0,0,0,0,0,12
2,1,170238,19,0,0,0,0,0,0,0,0,0
1,1,170239,19,19,19,19,19,19,19,19,19,19
2,1,170239,0,0,0,0,0,0,0,11,0,0
1,1,170240,0,0,0,0,0,0,0,0,0,0
2,1,170240,0,0,0,0,0,0,0,0,0,0
1,1,170241,3,3,3,3,3,3,3,3,3,3
2,1,170241,10,10,10,10,10,10,10,10,10,10
1,1,170242,0,0,0,0,0,0,0,0,0,0
2,1,170242,0,0,0,0,0,0,0,0,0,0
1,1,170243,0,0,0,0,0,0,0,0,0,0
2,1,170243,0,0,0,0,0,0,0,0,0,0
1,1,170244,24,24,24,24,24,24,24,24,24,24
1,1,170245,0,0,0,0,0,0,0,0,0,0
2,1,170245,0,0,0,0,0,0,0,0,0,0
1,1,170246,0,0,0,0,0,0,0,0,0,0
2,1,170246,0,0,0,0,0,0,0,0,0,0
1,1,170247,0,0,0,0,0,0,0,0,0,0
2,1,170247,0,0,0,0,0,0,0,0,0,0
1,1,170248,0,0,0,0,0,0,0,0,0,0
1,1,170249,26,26,26,26,26,26,26,26,26,26
1,1,170250,3,0,0,0,12,0,3,15,0,0
2,1,170250,0,0,0,0,0,0,0,0,0,0
3,1,170250,0,0,0,0,0,0,0,0,0,0
4,1,170250,0,7,5,0,0,0,0,0,0,0
0,1,170251,0,0,0,0,0,0,0,0,0,0
1,1,170251,0,0,0,0,0,0,0,0,0,0
0,1,170252,0,0,0,0,0,0,0,0,0,0
1,1,170252,0,0,0,0,0,0,0,0,0,0
1,1,170253,25,25,25,25,25,25,25,25,25,25
1,1,170254,28,28,28,28,28,28,28,28,28,28
1,1,170255,6,6,6,6,6,6,6,6,6,6
1,1,170256,0,0,0,0,0,0,0,0,0,0
2,1,170256,0,0,0,0,0,0,0,0,0,0
1,1,170257,0,0,0,0,0,0,0,0,0,0
1,1,170258,6,6,6,6,6,6,6,6,6,6
2,1,170258,0,0,0,0,0,0,0,0,0,0
1,1,170259,0,0,0,0,0,0,0,0,0,0
2,1,170259,0,0,0,0,0,0,0,0,0,0
1,1,170260,5,5,5,5,5,5,5,5,5,5
2,1,170260,0,0,0,0,0,0,0,0,0,0
1,1,170261,0,0,0,0,0,0,0,0,0,0
1,1,170262,18,18,18,18,18,18,18,18,18,18
2,1,170262,10,10,10,10,10,10,10,10,10,10
1,1,170263,0,0,0,0,0,0,0,0,0,0
2,1,170263,0,0,0,0,0,0,0,0,0,0
1,1,170264,0,0,0,0,0,0,0,0,0,0
2,1,170264,0,0,0,0,0,0,0,0,0,0
0,1,170266,0,0,0,0,0,0,0,0,0,0
1,1,170266,0,0,0,0,0,18,0,8,0,0
1,1,170267,0,0,0,0,4,0,6,0,0,0
2,1,170267,0,10,14,0,0,0,0,0,0,0
1,1,170268,0,0,0,0,0,0,0,0,0,0
1,1,170269,0,0,0,0,0,0,0,0,0,0
2,1,170269,19,19,19,19,19,19,19,19,19,19
1,1,170270,0,0,0,0,0,0,0,0,0,0
2,1,170270,0,0,0,0,0,0,0,0,0,0
3,1,170270,0,0,0,0,0,0,0,0,0,0
1,1,170271,14,11,0,0,0,0,4,0,0,0
1,1,170272,0,0,0,0,0,0,0,0,0,0
1,1,170273,30,30,30,30,30,30,30,30,30,30
1,1,170274,0,0,0,0,0,0,0,0,0,0
1,1,170275,5,5,5,5,5,5,5,5,5,5
1,1,170276,0,0,0,0,0,0,0,0,0,0
2,1,170276,0,0,0,0,0,0,0,0,0,0
0,1,170277,23,23,23,23,23,23,23,23,23,23
1,1,170277,0,0,2,20,14,27,0,0,0,0
0,1,170278,0,0,0,0,0,0,0,0,0,0
0,2,170278,0,0,0,0,0,0,0,0,0,0
1,1,170278,0,0,0,0,0,0,0,0,14,0
0,1,170279,21,21,21,21,21,21,21,21,21,21
1,1,170279,0,0,5,0,0,0,0,0,7,4
1,1,170280,10,10,10,10,10,10,10,10,10,10
2,1,170280,0,0,0,0,0,0,0,0,0,0
1,1,170281,20,20,20,20,20,20,20,20,20,20
2,1,170281,0,0,0,0,0,0,0,0,0,0
3,1,170281,0,0,0,0,0,0,0,0,0,0
1,1,170282,0,0,0,0,0,0,0,0,0,0
1,1,170283,23,23,23,23,23,23,23,23,23,23
1,1,170284,0,0,0,0,0,0,0,0,0,0
2,1,170284,0,0,0,0,0,0,0,0,0,0
1,1,170285,24,24,24,24,24,24,24,24,24,24
2,1,170285,0,0,0,6,0,0,0,0,0,0
3,1,170285,0,7,0,3,0,0,0,0,0,9
1,1,170286,2,2,2,2,2,2,2,2,2,2
2,1,170286,0,0,0,0,0,0,0,0,0,0
1,1,170287,0,0,0,0,0,0,0,0,0,0
2,1,170287,0,0,0,0,0,0,0,0,0,0
1,1,170288,0,0,0,0,0,0,0,0,0,0
2,1,170288,0,0,0,0,0,0,0,0,0,0
3,1,170288,0,0,0,0,0,0,0,0,0,0
0,1,170289,0,0,0,0,0,0,0,0,0,0
1,1,170289,0,0,0,2,0,0,0,0,0,0
0,1,170290,0,0,0,0,0,0,0,0,0,0
1,1,170290,7,7,7,7,7,7,7,7,7,7
1,1,170291,13,13,13,13,13,13,13,13,13,13
2,1,170291,0,0,6,0,9,0,0,0,0,0
1,1,170292,22,22,22,22,22,22,22,22,22,22
2,1,170292,0,0,0,0,0,0,0,0,0,0
1,1,170293,0,0,0,0,0,0,0,0,0,0
2,1,170293,0,0,0,0,0,0,0,0,0,0
1,1,170294,0,0,0,0,0,0,0,0,0,0
1,1,170295,18,18,18,18,18,18,18,18,18,18
1,1,170296,0,0,0,0,0,0,0,0,0,0
2,1,170296,0,0,0,0,0,0,0,0,0,0
3,1,170296,0,0,0,0,0,0,0,0,0,0
4,1,170296,8,0,0,0,0,0,0,0,0,11
5,1,170296,0,0,0,0,0,9,0,0,0,0
6,1,170296,3,3,3,3,3,3,3,3,3,3
7,1,170296,0,0,0,0,0,0,0,4,0,0
8,1,170296,0,0,0,0,0,0,0,9,0,0
9,1,170296,13,0,0,0,0,8,0,0,12,0
1,1,170297,0,0,0,0,0,0,0,0,0,0
2,1,170297,0,0,0,0,0,0,0,0,0,0
1,1,170298,0,0,0,0,0,0,0,0,0,0
2,1,170298,0,0,0,0,0,0,0,0,0,0
1,1,170299,0,0,0,0,0,0,0,0,0,0
1,1,170300,0,0,0,0,0,0,0,0,0,0
2,1,170300,0,0,0,19,0,0,0,0,0,0
3,1,170300,0,0,0,0,0,0,0,7,0,0
1,1,170301,20,20,20,20,20,20,20,20,20,20
1,1,170302,0,0,0,0,0,0,0,0,0,0
1,1,170303,0,0,0,0,0,0,0,0,0,0
1,1,170304,1,1,1,1,1,1,1,1,1,1
2,1,170304,0,0,0,0,0,0,0,0,0,0
1,1,170305,15,14,8,14,0,10,0,0,0,0
1,1,170306,0,0,0,0,0,0,0,0,0,0
1,1,170307,0,0,0,0,0,0,0,0,0,0
1,1,170308,13,13,13,13,13,13,13,13,13,13
2,1,170308,13,13,13,13,13,13,13,13,13,13
1,1,170309,15,15,15,15,15,15,15,15,15,15
2,1,170309,0,0,0,0,0,0,0,0,0,0
0,1,170310,0,0,0,0,0,0,0,0,0,0
0,2,170310,0,0,0,0,0,0,0,0,0,0
1,1,170310,0,0,0,0,0,0,0,0,0,0
2,1,170310,0,0,0,0,0,0,0,0,0,0
1,1,170311,14,14,14,14,14,14,14,14,14,14
2,1,170311,0,0,0,0,0,0,0,0,0,0
1,1,170312,0,0,0,0,0,0,0,0,0,0
1,1,170313,0,0,0,0,0,0,0,0,0,0
2,1,170313,0,0,0,0,0,0,0,0,0,0
1,1,170314,20,20,20,20,20,20,20,20,20,20
2,1,170314,0,0,0,12,0,0,0,0,0,17
3,1,170314,0,0,0,0,7,21,0,14,9,0
1,1,170315,0,0,0,0,0,0,0,0,0,0
2,1,170315,0,0,0,0,0,0,0,0,0,0
1,1,170316,0,0,0,0,0,0,7,0,0,0
2,1,170316,28,28,28,28,28,28,28,28,28,28
1,1,170317,0,0,0,0,0,0,0,0,0,0
2,1,170317,0,0,0,0,0,0,0,0,0,0
1,1,170318,0,0,0,0,0,0,0,0,0,0
2,1,170318,0,0,0,0,0,0,0,0,0,0
1,1,170319,0,0,0,0,0,0,0,0,0,0
2,1,170319,0,0,0,0,0,0,0,0,0,0
3,1,170319,0,0,0,0,0,0,0,0,0,0
4,1,170319,0,0,0,0,0,0,0,0,0,0
0,1,170320,20,20,20,20,20,20,20,20,20,20
1,1,170320,0,0,0,0,0,0,0,0,0,0
1,1,170321,0,0,0,0,0,0,0,0,0,0
2,1,170321,0,0,0,0,0,0,0,0,0,0
1,1,170323,0,0,0,0,0,0,0,0,0,0
1,1,170324,0,0,0,0,0,0,0,0,0,0
0,1,170325,0,0,0,0,0,0,0,0,0,0
0,2,170325,0,0,0,0,0,0,0,0,0,0
0,3,170325,0,0,0,0,0,0,0,0,0,0
1,1,170325,0,0,0,0,0,0,0,0,0,0
2,1,170325,3,0,0,0,0,0,0,0,0,0
1,1,170326,15,15,15,15,15,15,15,15,15,15
2,1,170326,0,0,0,0,0,0,0,0,0,0
1,1,170327,13,13,13,13,13,13,13,13,13,13
2,1,170327,0,0,0,0,0,0,0,0,0,0
1,1,170328,0,0,0,0,0,0,4,0,11,0
2,1,170328,0,0,0,0,0,0,0,0,0,0
1,1,170329,13,13,13,13,13,13,13,13,13,13
1,1,170330,26,26,26,26,26,26,26,26,26,26
1,1,170331,4,4,4,4,4,4,4,4,4,4
2,1,170331,3,3,3,3,3,3,3,3,3,3
1,1,170332,0,0,0,0,0,0,0,0,0,0
1,1,170333,0,0,0,0,0,0,0,0,0,0
2,1,170333,0,0,0,0,0,0,0,0,0,0
1,1,170334,0,0,0,0,0,0,0,0,0,0
2,1,170334,0,0,0,0,0,0,0,0,0,0
1,1,170335,3,3,3,3,3,3,3,3,3,3
1,1,170336,4,4,4,4,4,4,4,4,4,4
1,1,170337,0,0,0,0,0,0,0,0,0,0
1,1,170338,0,0,0,0,0,0,0,0,0,0
2,1,170338,0,0,0,0,0,0,0,0,0,0
3,1,170338,0,0,0,0,0,0,0,0,0,0
1,1,170339,6,6,6,6,6,6,6,6,6,6
2,1,170339,0,0,0,0,0,0,0,0,0,0
0,1,170340,0,0,0,0,0,0,0,0,0,0
1,1,170340,16,16,16,16,16,16,16,16,16,16
1,1,170341,0,0,0,0,0,0,0,0,0,0
2,1,170341,0,0,0,0,0,0,0,0,0,0
1,1,170342,14,14,14,14,14,14,14,14,14,14
2,1,170342,0,0,0,0,0,0,0,0,0,0
1,1,170343,15,15,15,15,15,15,15,15,15,15
1,1,170344,0,0,0,0,0,0,0,0,0,0
1,1,170345,0,0,0,0,0,0,0,0,0,0
1,1,170346,0,0,0,0,0,0,0,0,0,0
2,1,170346,0,0,0,0,0,0,0,0,0,0
1,1,170347,0,0,0,0,0,0,0,0,0,0
2,1,170347,0,0,0,0,0,0,0,0,0,0
3,1,170347,0,0,0,6,0,0,0,0,0,0
4,1,170347,0,0,7,0,0,14,0,0,6,0
1,1,170348,0,0,0,0,0,0,0,0,0,0
1,1,170349,0,0,0,0,0,0,0,0,0,0
0,1,170350,14,14,14,14,14,14,14,14,14,14
1,1,170350,0,0,0,8,0,0,0,0,0,0
1,1,170351,0,0,0,0,0,0,0,0,0,0
2,1,170351,0,0,0,0,0,0,0,0,0,0
1,1,170352,0,0,0,0,0,0,0,0,0,0
2,1,170352,3,0,0,6,0,0,0,0,18,0
1,1,170353,0,0,0,0,0,0,0,0,0,0
2,1,170353,0,0,0,0,0,0,0,0,0,0
1,1,170354,0,0,0,0,0,0,0,0,0,0
2,1,170354,0,0,0,0,0,0,0,0,0,0
1,1,170355,9,9,9,9,9,9,9,9,9,9
1,1,170356,0,0,0,0,0,0,0,0,0,0
2,1,170356,0,0,0,0,0,0,0,2,0,0
1,1,170357,24,24,24,24,24,24,24,24,24,24
0,1,170358,33,33,33,33,33,33,33,33,33,33
1,1,170358,0,0,0,0,0,0,8,20,0,4
1,1,170359,0,0,0,0,0,0,0,0,0,0
1,1,170360,0,0,0,0,7,0,0,0,0,0
1,1,170361,0,0,0,0,0,0,0,0,0,0
2,1,170361,0,0,0,0,0,0,0,0,0,0
3,1,170361,21,14,0,15,0,9,6,0,0,0
1,1,170362,0,0,0,0,0,0,0,0,0,0
2,1,170362,0,0,0,0,0,0,0,0,0,0
1,1,170363,0,0,0,0,0,0,0,0,0,0
2,1,170363,0,0,0,0,0,0,0,0,0,0
1,1,170365,26,26,26,26,26,26,26,26,26,26
1,1,170366,3,3,3,3,3,3,3,3,3,3
1,1,170367,8,8,8,8,8,8,8,8,8,8
2,1,170367,6,6,6,6,6,6,6,6,6,6
1,1,170368,21,21,21,21,21,21,21,21,21,21
2,1,170368,0,0,0,0,0,0,0,0,0,0
1,1,170369,0,0,0,0,0,0,0,0,0,0
2,1,170369,0,17,0,0,0,0,0,0,0,0
1,1,170370,14,14,14,14,14,14,14,14,14,14
1,1,170371,0,0,0,0,0,0,0,0,0,0
2,1,170371,0,0,0,0,0,0,0,0,0,0
1,1,170372,0,0,0,0,0,0,0,0,0,0
1,1,170373,11,11,11,11,11,11,11,11,11,11
1,1,170374,14,14,14,14,14,14,14,14,14,14
1,1,170375,0,0,0,0,0,0,0,0,0,0
0,1,170376,31,31,31,31,31,31,31,31,31,31
1,1,170376,3,0,0,0,5,0,0,0,0,0
1,1,170377,0,0,0,0,0,0,0,0,0,0
1,1,170378,0,0,0,0,0,0,0,0,0,0
2,1,170378,0,0,0,0,0,0,0,0,0,10
3,1,170378,0,0,0,0,0,0,0,0,0,0
4,1,170378,0,0,0,0,0,11,0,0,0,0
1,1,170379,13,13,13,13,13,13,13,13,13,13
1,1,170380,0,0,0,0,0,0,0,0,0,0
2,1,170380,0,0,0,0,0,0,0,0,0,0
1,1,170381,0,0,0,0,0,0,0,0,0,0
2,1,170381,0,0,0,0,0,0,0,0,0,0
1,1,170382,0,0,0,0,0,0,0,0,0,0
2,1,170382,0,0,0,0,0,0,0,0,0,0
0,1,170383,19,19,19,19,19,19,19,19,19,19
1,1,170383,15,15,15,15,15,15,15,15,15,15
1,1,170384,0,0,0,0,0,0,0,0,0,0
2,1,170384,0,0,0,0,0,0,0,0,0,0
1,1,170385,0,0,0,0,0,0,0,0,0,0
2,1,170385,11,0,16,0,0,0,0,0,0,0
1,1,170386,20,20,20,20,20,20,20,20,20,20
1,1,170387,24,24,24,24,24,24,24,24,24,24
1,1,170388,15,15,15,15,15,15,15,15,15,15
0,1,170389,22,22,22,22,22,22,22,22,22,22
1,1,170389,18,18,18,18,18,18,18,18,18,18
1,1,170390,22,22,22,22,22,22,22,22,22,22
2,1,170390,0,0,0,0,0,0,0,0,0,0
1,1,170391,32,32,32,32,32,32,32,32,32,32
0,1,170392,11,19,18,13,33,19,24,12,18,14
1,1,170392,0,4,19,0,5,8,0,0,0,0
1,1,170393,0,0,0,0,0,0,0,0,0,0
1,1,170394,8,8,8,8,8,8,8,8,8,8
0,1,170395,0,0,0,0,0,0,0,0,0,0
0,2,170395,0,9,0,0,0,0,0,0,0,0
1,1,170395,0,0,0,0,0,0,0,0,0,0
0,1,170396,0,0,0,0,0,0,0,0,0,0
1,1,170396,0,0,0,0,0,0,0,0,0,0
0,1,170397,28,28,28,28,28,28,28,28,28,28
1,1,170397,0,0,0,0,0,0,0,0,0,0
1,1,170399,0,0,0,0,0,0,0,0,0,0
0,1,170400,0,0,0,0,0,0,0,0,0,0
1,1,170400,0,0,0,32,0,0,0,0,0,0
1,1,170401,0,0,0,0,0,0,0,0,0,0
2,1,170401,0,0,0,0,0,0,0,0,0,0
1,1,170402,0,0,0,0,0,13,0,0,0,0
1,1,170403,1,1,1,1,1,1,1,1,1,1
1,1,170404,0,0,0,0,0,0,0,0,0,0
1,1,170405,4,4,4,4,4,4,4,4,4,4
1,1,170406,19,19,19,19,19,19,19,19,19,19
2,1,170406,0,0,0,0,0,0,0,0,0,0
1,1,170407,0,0,0,0,0,0,0,0,0,0
2,1,170407,0,0,0,0,0,0,0,0,0,0
1,1,170408,0,0,0,0,0,0,0,0,0,0
1,1,170409,0,0,0,0,0,0,0,0,0,0
2,1,170409,0,0,0,0,0,0,0,0,0,0
0,1,170410,27,27,27,27,27,27,27,27,27,27
1,1,170410,22,20,7,10,1,26,13,12,2,0
2,1,170410,15,0,11,0,19,6,18,18,0,20
3,1,170410,11,11,22,15,0,13,12,4,10,5
1,1,170411,11,11,11,11,11,11,11,11,11,11
2,1,170411,0,0,0,0,0,0,0,0,0,0
1,1,170412,0,0,0,0,0,0,0,0,0,0
2,1,170412,0,0,0,0,0,0,0,0,0,0
1,1,170413,22,22,22,22,22,22,22,22,22,22
1,1,170414,0,0,0,0,0,0,0,0,0,0
1,1,170415,19,19,19,19,19,19,19,19,19,19
1,1,170416,0,0,0,0,0,0,0,0,0,0
1,1,170417,21,21,21,21,21,21,21,21,21,21
1,1,170418,8,0,0,0,0,0,0,0,0,0
1,1,170419,5,5,5,5,5,5,5,5,5,5
1,1,170420,0,0,0,0,0,0,0,0,0,0
2,1,170420,0,0,0,0,0,0,0,0,0,0
1,1,170421,0,0,2,0,0,0,0,0,0,0
2,1,170421,0,0,0,0,0,0,0,0,0,0
1,1,170422,20,20,20,20,20,20,20,20,20,20
1,1,170423,0,0,0,0,0,0,0,0,0,0
1,1,170424,29,29,29,29,29,29,29,29,29,29
2,1,170424,10,10,10,10,10,10,10,10,10,10
1,1,170425,13,13,13,13,13,13,13,13,13,13
1,1,170426,27,27,27,27,27,27,27,27,27,27
2,1,170426,17,0,7,0,0,0,25,0,11,17
3,1,170426,0,0,0,0,0,12,0,0,0,7
4,1,170426,0,0,0,0,0,0,0,0,0,0
5,1,170426,0,0,0,0,0,13,0,0,0,0
1,1,170427,0,0,0,0,6,0,0,0,0,0
1,1,170428,0,0,0,0,0,0,0,0,0,0
1,1,170429,27,27,27,27,27,27,27,27,27,27
1,1,170430,0,0,0,0,0,0,0,0,0,0
2,1,170430,0,0,0,0,0,0,0,0,0,0
1,1,170431,18,18,18,18,18,18,18,18,18,18
1,1,170432,0,0,0,0,0,0,0,0,0,0
1,1,170433,0,0,0,0,0,0,0,0,0,0
2,1,170433,0,0,0,0,0,0,0,0,0,0
1,1,170435,12,0,14,18,17,0,31,0,0,0
1,1,170436,0,0,0,0,0,0,0,0,0,0
2,1,170436,0,0,0,0,0,0,0,0,0,0
1,1,170437,0,0,0,0,0,0,0,0,0,0
2,1,170437,0,0,0,0,21,0,0,0,0,0
3,1,170437,0,0,0,0,0,0,0,0,0,0
1,1,170438,27,27,27,27,27,27,27,27,27,27
2,1,170438,0,0,0,0,0,6,16,0,0,0
1,1,170439,0,0,0,0,0,0,0,0,0,0
2,1,170439,0,0,19,0,0,0,0,0,0,0
1,1,170440,29,29,29,29,29,29,29,29,29,29
2,1,170440,0,0,0,0,0,0,0,0,0,0
1,1,170441,14,14,14,14,14,14,14,14,14,14
2,1,170441,0,0,13,0,0,0,0,0,0,0
1,1,170442,16,16,16,16,16,16,16,16,16,16
2,1,170442,0,0,0,0,0,0,0,0,0,0
1,1,170443,0,0,0,0,0,0,0,0,0,0
2,1,170443,0,0,0,0,0,0,0,0,0,0
1,1,170445,0,0,0,0,0,0,0,0,0,0
2,1,170445,0,0,0,0,0,0,0,0,0,0
1,1,170446,17,17,17,17,17,17,17,17,17,17
2,1,170446,0,0,0,0,0,0,0,0,0,0
1,1,170447,0,0,0,0,0,0,0,0,0,0
2,1,170447,0,0,0,0,0,0,0,0,0,0
3,1,170447,0,0,0,0,0,0,0,0,0,0
1,1,170448,12,12,12,12,12,12,12,12,12,12
1,1,170449,7,7,7,7,7,7,7,7,7,7
2,1,170449,0,0,17,0,0,0,0,0,0,3
0,1,170450,0,0,0,0,0,0,0,0,0,0
1,1,170450,8,0,0,0,0,28,0,0,0,0
1,1,170451,0,0,0,0,0,5,0,5,0,0
1,1,170452,22,22,22,22,22,22,22,22,22,22
2,1,170452,0,0,0,0,0,0,0,0,0,0
1,1,170453,0,0,0,0,0,0,0,0,0,0
2,1,170453,0,0,0,0,0,0,0,0,0,4
3,1,170453,0,0,0,0,0,0,0,0,0,0
1,1,170454,0,0,0,0,0,0,0,0,0,0
2,1,170454,0,0,0,0,0,0,0,0,0,0
1,1,170455,0,0,0,0,0,0,0,0,0,0
1,1,170456,0,0,0,0,0,0,0,0,0,0
2,1,170456,0,0,0,0,0,0,0,0,0,0
1,1,170457,31,31,31,31,31,31,31,31,31,31
1,1,170458,14,6,32,6,33,14,0,0,14,17
1,1,170459,0,0,0,11,0,0,0,0,0,0
1,1,170460,11,11,11,11,11,11,11,11,11,11
1,1,170461,4,4,4,4,4,4,4,4,4,4
1,1,170462,0,0,0,0,0,0,0,0,0,0
0,1,170463,0,0,0,0,0,0,0,0,0,0
1,1,170463,0,0,0,0,0,0,0,0,0,0
1,1,170464,0,0,0,0,0,0,0,0,0,0
2,1,170464,0,0,0,0,0,0,0,0,0,0
1,1,170465,10,10,10,10,10,10,10,10,10,10
2,1,170465,0,0,0,0,0,0,0,0,0,0
1,1,170466,0,0,0,0,0,0,18,0,0,0
1,1,170467,0,0,0,0,0,0,0,0,0,0
2,1,170467,0,0,0,0,0,0,0,0,0,0
1,1,170468,0,0,0,0,0,0,0,0,0,0
2,1,170468,0,0,0,11,0,0,0,0,6,0
1,1,170469,0,0,0,0,0,0,0,0,0,0
2,1,170469,0,0,0,0,0,0,0,0,0,0
1,1,170470,15,15,15,15,15,15,15,15,15,15
2,1,170470,0,0,0,0,0,0,0,0,0,0
1,1,170471,0,0,0,0,0,0,0,0,0,0
2,1,170471,0,0,0,0,0,0,0,0,0,0
1,1,170472,16,16,16,16,16,16,16,16,16,16
1,1,170473,2,2,2,2,2,2,2,2,2,2
0,1,170474,22,22,22,22,22,22,22,22,22,22
1,1,170474,0,0,0,0,0,0,0,0,0,0
1,1,170475,0,0,0,0,0,0,0,0,0,0
2,1,170475,0,0,0,0,0,0,0,0,0,0
1,1,170477,0,0,0,0,0,0,0,0,0,0
2,1,170477,0,0,0,0,0,0,0,0,0,0
0,1,170478,1,1,1,1,1,1,1,1,1,1
1,1,170478,0,0,0,0,0,0,0,8,0,0
1,1,170479,19,19,19,19,19,19,19,19,19,19
1,1,170480,0,0,0,0,0,0,0,0,0,0
1,1,170481,19,19,19,19,19,19,19,19,19,19
0,1,170482,0,0,0,0,0,0,0,0,0,0
1,1,170482,11,0,12,8,12,0,18,16,5,18