VEH_NO,PER_NO,ST_CASE,P1,P2,P3,P4,P5,P6,P7,P8,P9,P10
1,1,200256,0,0,0,0,0,0,0,0,0,0
1,1,200257,0,0,0,0,0,0,0,0,0,0
2,1,200257,0,0,0,0,0,0,0,0,0,0
1,1,200258,10,10,10,10,10,10,10,10,10,10
1,1,200259,24,24,24,24,24,24,24,24,24,24
1,1,200260,0,0,0,0,0,0,0,0,0,0
2,1,200260,0,0,0,0,0,0,0,0,0,0
1,1,200261,0,0,0,0,0,3,0,0,0,0
2,1,200261,13,0,0,0,0,0,0,0,0,0
3,1,200261,0,0,0,0,0,0,0,0,0,0
1,1,200262,0,0,0,0,0,0,0,0,0,0
1,1,200263,18,18,18,18,18,18,18,18,18,18
1,1,200264,11,11,11,11,11,11,11,11,11,11
2,1,200264,0,0,0,0,0,0,0,0,0,0
1,1,200265,15,17,14,7,22,14,22,0,6,23
2,1,200265,5,5,5,5,5,5,5,5,5,5
3,1,200265,15,12,18,15,15,8,8,11,14,5
1,1,200266,0,0,0,0,0,0,0,0,0,0
2,1,200266,0,0,0,0,0,0,0,0,0,0
1,1,200267,0,0,0,0,0,0,0,0,0,0
2,1,200267,0,0,0,0,0,0,0,0,0,0
1,1,200268,0,0,0,0,0,0,0,0,0,0
2,1,200268,0,0,0,0,0,0,0,0,0,0
1,1,200269,0,37,0,0,11,13,18,19,26,0
1,1,200270,0,0,0,0,0,0,0,0,0,0
1,1,200271,0,0,0,0,0,0,0,0,0,0
1,1,200272,0,0,0,0,0,0,0,0,0,0
2,1,200272,0,0,0,0,0,0,0,0,0,0
1,1,200273,0,0,0,0,0,0,0,0,0,0
1,1,200274,0,0,0,27,18,0,6,0,22,0
1,1,200275,42,42,42,42,42,42,42,42,42,42
1,1,200276,0,0,0,0,0,0,0,0,0,0
1,1,200277,25,25,25,25,25,25,25,25,25,25
2,1,200277,0,0,12,2,0,0,0,0,0,0
1,1,200278,0,0,0,0,0,0,0,0,0,0
1,1,200279,12,12,12,12,12,12,12,12,12,12
1,1,200280,0,0,0,0,0,0,0,0,0,0
2,1,200280,0,0,0,0,0,0,0,0,0,0
1,1,200282,0,0,0,0,0,0,0,0,0,0
2,1,200282,0,0,0,0,0,0,0,0,0,0
0,1,200283,0,0,0,0,0,0,0,0,0,0
2,1,200283,0,0,0,0,0,0,0,0,0,0
1,1,200284,3,3,3,3,3,3,3,3,3,3
2,1,200284,0,0,0,0,0,0,0,0,0,0
1,1,200285,24,24,24,24,24,24,24,24,24,24
1,1,200286,0,0,0,0,0,0,0,0,0,0
1,1,200287,0,0,0,0,19,0,0,0,0,0
2,1,200287,0,0,0,0,0,0,0,0,0,0
0,1,200288,0,0,0,0,0,0,0,0,0,0
1,1,200288,0,0,0,0,0,0,0,0,0,0
1,1,200289,0,0,0,5,0,0,0,6,0,0
2,1,200289,0,0,0,0,0,0,0,0,0,0
3,1,200289,0,0,0,19,17,0,0,0,0,0
1,1,200290,17,17,17,17,17,17,17,17,17,17
2,1,200290,0,0,0,19,0,0,0,0,0,0
1,1,200291,0,0,0,0,0,0,0,0,0,0
1,1,200292,25,25,25,25,25,25,25,25,25,25
2,1,200292,23,23,23,23,23,23,23,23,23,23
1,1,200293,22,22,22,22,22,22,22,22,22,22
1,1,200294,0,0,0,0,0,0,0,0,0,0
2,1,200294,0,0,0,0,0,0,0,0,0,0
3,1,200294,0,0,0,0,0,0,0,0,0,0
1,1,200295,0,0,0,0,0,0,0,0,0,0
2,1,200295,32,8,0,10,0,0,0,14,0,0
1,1,200296,24,24,24,24,24,24,24,24,24,24
2,1,200296,0,0,0,0,0,0,0,0,0,0
1,1,200297,30,30,30,30,30,30,30,30,30,30
1,1,200298,0,0,0,0,0,0,0,0,0,0
2,1,200298,0,0,0,0,0,0,0,0,0,0
1,1,200299,26,26,26,26,26,26,26,26,26,26
1,1,200300,14,14,14,14,14,14,14,14,14,14
2,1,200300,0,0,0,0,0,0,0,0,0,0
1,1,200301,8,8,8,8,8,8,8,8,8,8
1,1,200302,16,16,16,16,16,16,16,16,16,16
1,1,200303,0,0,10,0,0,0,0,0,0,0
1,1,200304,26,26,26,26,26,26,26,26,26,26
1,1,200305,0,0,0,0,0,0,0,0,0,0
1,1,200306,0,0,0,0,0,0,0,0,0,0
2,1,200306,0,0,0,0,0,0,0,0,0,0
1,1,200307,0,0,0,0,0,0,0,0,0,0
1,1,200308,25,25,25,25,25,25,25,25,25,25
1,1,200309,0,0,0,0,0,0,0,0,0,0
2,1,200309,0,5,0,0,0,0,8,0,0,0
1,1,200310,20,25,0,8,10,14,10,21,6,28
1,1,200311,0,0,0,0,0,0,0,0,0,0
2,1,200311,0,0,0,12,0,0,0,0,0,0
1,1,200312,8,0,0,0,0,0,10,0,0,0
0,1,200313,2,2,2,2,2,2,2,2,2,2
1,1,200313,0,0,0,0,0,0,0,0,0,0
1,1,200314,0,0,0,0,0,0,0,0,0,0
1,1,200315,0,0,0,0,0,0,0,0,0,0
1,1,200316,0,0,0,0,0,0,0,0,0,0
2,1,200316,0,0,0,0,0,0,0,0,0,0
1,1,200317,12,12,12,12,12,12,12,12,12,12
2,1,200317,4,4,4,4,4,4,4,4,4,4
1,1,200318,0,0,0,0,0,0,0,0,0,0
1,1,200319,29,29,29,29,29,29,29,29,29,29
1,1,200320,0,0,0,0,0,0,0,0,0,0
2,1,200320,0,0,0,0,0,0,0,0,0,0
1,1,200321,0,0,0,0,0,0,0,0,0,0
2,1,200321,0,0,0,0,0,0,0,21,0,0
1,1,200322,16,16,16,16,16,16,16,16,16,16
1,1,200323,0,0,0,0,0,0,0,0,0,0
2,1,200323,0,0,0,0,0,0,0,0,0,0
3,1,200323,0,0,0,0,0,0,0,0,0,0
1,1,200324,0,0,0,0,0,0,0,0,0,0
1,1,200325,0,0,0,0,0,0,0,0,0,0
1,1,200326,24,24,24,24,24,24,24,24,24,24
1,1,200327,0,0,0,0,0,0,0,0,0,0
2,1,200327,0,0,0,0,0,0,0,0,0,0
1,1,200328,0,0,0,0,0,0,0,0,0,0
2,1,200328,0,0,0,0,0,0,0,0,0,0
1,1,200329,18,18,18,18,18,18,18,18,18,18
1,1,200330,3,3,3,3,3,3,3,3,3,3
2,1,200330,0,0,0,0,0,0,0,0,0,0
1,1,200331,0,0,0,0,0,0,0,0,0,0
1,1,200332,0,0,0,0,0,0,0,0,0,0
2,1,200332,0,0,0,0,0,0,0,0,0,0
1,1,200333,12,12,12,12,12,12,12,12,12,12
1,1,200334,0,0,0,0,0,0,0,0,0,0
2,1,200334,0,0,0,0,0,0,0,0,0,0
1,1,200335,0,0,0,0,0,0,0,0,0,0
2,1,200335,0,0,0,0,0,0,0,0,0,0
1,1,200336,0,0,0,0,0,0,14,0,0,0
2,1,200336,0,0,0,0,0,0,0,0,0,0
1,1,200337,0,0,0,0,0,0,0,0,0,0
1,1,200338,0,0,0,0,0,0,0,0,0,0
1,1,200339,0,0,17,0,0,0,0,9,11,0
1,1,200340,25,25,25,25,25,25,25,25,25,25
1,1,200341,0,0,0,0,0,0,0,0,0,0
1,1,200342,0,0,0,0,0,0,0,0,0,0
2,1,200342,0,0,0,0,0,0,0,0,0,0
0,1,200343,30,19,18,0,0,0,0,0,0,0
1,1,200343,15,8,0,8,0,0,0,0,0,0
1,1,200344,21,21,21,21,21,21,21,21,21,21
1,1,200345,12,12,12,12,12,12,12,12,12,12
2,1,200345,0,0,0,0,0,0,0,0,0,0
1,1,200346,0,0,0,0,20,0,24,4,0,0
2,1,200346,8,8,8,8,8,8,8,8,8,8
0,1,200347,9,9,9,9,9,9,9,9,9,9
1,1,200347,2,22,0,0,0,0,0,0,0,0
1,1,200348,0,0,0,0,0,0,0,0,0,0
1,1,200349,0,0,0,0,0,0,0,0,0,0
2,1,200349,0,0,0,0,15,0,0,0,0,0
1,1,200350,0,0,0,0,0,0,0,0,0,0
2,1,200350,0,0,0,0,0,0,0,0,0,0
1,1,200351,19,19,19,19,19,19,19,19,19,19
1,1,200352,0,0,15,0,0,17,0,7,22,0
2,1,200352,11,0,0,0,0,0,3,18,12,0
1,1,200353,0,0,0,0,0,0,0,0,0,0
1,1,200354,0,0,0,0,0,0,0,0,0,0
2,1,200354,0,0,0,0,0,0,2,0,0,0
1,1,200355,0,0,0,15,0,0,0,0,9,0
2,1,200355,0,0,0,0,0,0,0,0,0,0
0,1,200356,33,33,33,33,33,33,33,33,33,33
1,1,200356,0,0,0,0,0,0,0,0,0,0
0,1,200357,19,21,25,0,0,0,11,22,11,0
1,1,200357,18,18,18,18,18,18,18,18,18,18
2,1,200357,4,0,0,0,13,0,0,0,0,21
1,1,200358,31,31,31,31,31,31,31,31,31,31
1,1,200359,0,0,0,0,0,0,14,0,0,0
1,1,210001,17,17,17,17,17,17,17,17,17,17
1,1,210002,0,0,0,0,0,0,0,0,0,0
1,1,210003,0,0,0,0,0,0,0,0,0,0
2,1,210003,0,0,0,0,0,0,0,0,0,0
1,1,210004,0,0,0,0,0,0,0,0,0,0
2,1,210004,0,0,0,0,0,0,0,0,0,0
3,1,210004,0,0,0,0,0,0,0,0,0,0
1,1,210005,0,0,0,0,0,0,0,0,0,0
2,1,210005,0,0,0,0,0,0,0,0,0,0
0,1,210006,27,27,27,27,27,27,27,27,27,27
1,1,210006,0,0,0,0,0,0,0,0,0,0
1,1,210007,0,0,0,0,0,0,0,0,0,0
0,1,210008,0,0,0,0,0,0,0,0,0,0
1,1,210008,0,0,0,0,0,0,0,0,0,0
1,1,210009,0,0,0,0,0,0,0,0,0,0
1,1,210010,0,0,0,0,0,0,0,0,0,0
2,1,210010,0,0,0,0,0,0,0,0,0,0
3,1,210010,0,0,0,0,0,0,0,0,0,0
1,1,210011,0,0,0,0,0,0,0,0,0,0
1,1,210012,0,0,0,0,0,0,0,0,0,0
2,1,210012,0,0,0,0,0,0,0,0,0,0
1,1,210013,0,0,0,0,0,0,0,0,0,0
2,1,210013,0,0,0,0,0,0,0,0,0,0
3,1,210013,0,0,0,0,0,2,0,0,0,0
1,1,210014,12,12,12,12,12,12,12,12,12,12
1,1,210015,15,15,15,15,15,15,15,15,15,15
1,1,210016,0,0,0,0,0,0,0,0,0,0
2,1,210016,0,0,0,0,0,0,0,0,0,0
3,1,210016,0,0,0,0,0,0,0,0,0,0
1,1,210017,0,0,0,0,0,0,0,0,0,0
2,1,210017,0,0,0,0,0,0,0,0,0,0
1,1,210018,0,0,0,0,0,0,0,0,0,0
1,1,210019,0,0,0,0,0,0,0,0,0,0
1,1,210020,12,0,9,0,0,0,0,0,0,0
2,1,210020,0,0,0,0,0,0,0,0,0,0
1,1,210021,0,0,0,0,0,0,0,0,0,0
1,1,210022,0,0,0,4,0,0,0,0,0,0
1,3,210023,0,0,0,0,0,0,0,0,0,0
0,1,210024,0,0,0,0,0,0,0,0,0,0
1,1,210024,6,12,4,6,29,5,0,7,0,0
1,1,210025,28,28,28,28,28,28,28,28,28,28
2,1,210025,0,0,0,0,0,0,0,0,0,0
1,1,210026,0,0,0,0,0,0,0,0,0,0
2,1,210026,0,0,0,0,0,0,0,0,0,0
1,1,210027,13,13,13,13,13,13,13,13,13,13
1,1,210028,0,0,0,0,0,0,0,0,0,0
1,1,210029,10,10,10,10,10,10,10,10,10,10
1,1,210030,25,25,25,25,25,25,25,25,25,25
1,1,210031,0,0,0,0,0,0,0,0,0,0
2,1,210031,0,0,0,0,0,0,0,0,0,0
1,1,210032,0,0,0,0,0,0,0,0,0,0
2,1,210032,0,0,0,0,0,0,0,0,0,0
1,1,210033,19,19,19,19,19,19,19,19,19,19
1,1,210034,0,0,0,0,0,0,0,0,0,0
2,1,210034,0,0,0,0,0,0,0,0,0,0
3,1,210034,0,0,0,0,0,0,0,0,0,0
1,1,210035,0,0,0,0,0,0,0,0,0,0
2,1,210035,0,0,0,0,0,0,0,0,0,0
1,1,210036,0,0,0,0,0,0,0,0,0,0
2,1,210036,0,0,0,0,0,0,0,0,0,0
1,1,210037,0,0,0,0,0,0,0,0,0,0
2,1,210037,0,0,0,0,0,0,0,0,0,0
1,1,210038,22,22,22,22,22,22,22,22,22,22
1,1,210039,0,0,0,0,0,0,0,0,0,0
2,1,210039,0,15,0,0,0,0,0,0,0,0
3,1,210039,0,0,0,0,0,0,0,0,0,0
1,1,210040,0,0,0,0,0,0,0,0,0,0
1,1,210041,13,0,0,22,0,0,0,0,0,0
1,1,210042,0,0,0,0,0,0,0,0,0,0
1,1,210043,0,0,0,0,0,0,0,0,0,0
1,1,210044,0,0,11,0,0,0,0,0,0,0
1,1,210045,0,0,0,0,0,0,0,0,0,0
1,1,210046,13,13,13,13,13,13,13,13,13,13
2,1,210046,0,0,0,0,0,0,0,0,0,0
1,1,210047,0,0,0,9,0,0,0,0,0,0
1,1,210048,0,0,0,0,0,0,0,0,0,0
1,1,210049,18,16,20,21,19,23,0,16,25,13
0,1,210050,0,0,0,0,0,0,0,0,0,0
1,1,210051,0,0,0,0,0,0,0,0,0,0
2,1,210051,0,0,0,0,0,0,0,0,6,0
1,1,210052,0,0,0,0,0,0,0,0,0,0
2,1,210052,15,15,15,15,15,15,15,15,15,15
3,1,210052,0,0,0,0,0,0,0,0,0,0
1,1,210053,0,0,0,0,0,0,0,0,0,0
2,1,210053,0,0,0,0,0,0,0,0,0,0
1,1,210054,0,0,0,0,0,0,0,0,0,0
2,1,210054,0,0,0,0,0,0,0,0,0,0
1,1,210055,12,12,12,12,12,12,12,12,12,12
1,1,210056,0,0,0,0,0,0,20,0,0,0
2,1,210056,0,0,0,0,0,0,0,0,0,0
1,1,210057,0,0,0,0,0,0,0,0,0,0
2,1,210057,0,0,0,0,0,0,0,0,0,0
0,1,210058,5,5,5,5,5,5,5,5,5,5
1,1,210058,0,0,0,0,0,0,0,0,0,0
1,1,210059,0,0,0,0,0,0,0,0,0,0
1,1,210060,7,7,7,7,7,7,7,7,7,7
1,1,210061,0,0,0,0,0,0,0,0,0,0
1,1,210062,0,0,0,0,0,0,0,0,0,0
1,1,210063,0,0,0,0,0,0,0,0,27,0
1,1,210064,0,0,0,0,0,0,0,0,0,0
2,1,210064,0,0,0,0,0,0,0,0,0,0
1,1,210065,0,0,0,0,0,0,0,0,0,0
2,1,210065,0,0,0,0,0,0,0,0,0,0
1,1,210066,0,0,0,0,0,0,0,0,0,0
1,1,210067,0,0,0,0,0,0,0,0,0,0
1,1,210068,39,39,39,39,39,39,39,39,39,39
2,1,210068,0,0,0,0,0,0,0,0,0,0
1,1,210069,0,0,0,0,0,0,0,0,0,0
2,1,210069,0,0,0,0,0,0,0,0,0,0
1,1,210070,27,27,27,27,27,27,27,27,27,27
1,1,210071,0,0,0,0,0,0,0,0,0,0
2,1,210071,0,0,0,0,0,0,0,0,0,0
3,1,210071,0,0,0,0,0,0,0,0,0,0
1,1,210072,12,12,12,12,12,12,12,12,12,12
1,1,210073,0,0,0,0,0,0,0,0,0,0
2,1,210073,0,0,0,0,0,0,0,0,0,0
3,1,210073,0,0,0,0,0,0,0,0,0,0
1,1,210074,22,22,22,22,22,22,22,22,22,22
1,1,210075,21,21,21,21,21,21,21,21,21,21
2,1,210075,0,0,0,0,0,0,0,0,0,0
1,1,210076,21,21,21,21,21,21,21,21,21,21
1,1,210077,25,25,25,25,25,25,25,25,25,25
1,1,210078,0,0,0,0,0,0,0,0,0,0
1,1,210079,12,12,12,12,12,12,12,12,12,12
1,1,210080,0,0,0,0,0,0,0,0,0,0
2,1,210080,0,0,0,0,0,0,0,0,0,0
1,1,210081,30,30,30,30,30,30,30,30,30,30
0,1,210082,0,0,0,0,0,0,0,0,0,0
1,1,210082,0,0,0,6,0,0,13,0,0,0
2,1,210082,0,0,5,0,0,0,0,0,9,0
1,1,210083,21,21,21,21,21,21,21,21,21,21
0,1,210084,0,0,0,0,0,0,0,0,0,0
1,1,210084,0,0,0,0,0,0,0,0,0,0
1,1,210085,0,0,0,0,0,0,0,0,0,0
2,1,210085,0,0,0,0,0,0,0,0,0,0
1,1,210086,0,0,0,0,0,0,0,0,0,0
2,1,210086,0,0,0,0,0,0,0,0,0,0
1,1,210087,11,11,11,11,11,11,11,11,11,11
1,1,210088,0,0,0,0,0,0,0,0,0,0
2,1,210088,0,0,0,0,0,0,0,0,0,0
1,1,210089,0,0,0,0,0,0,0,0,0,0
2,1,210089,0,0,0,0,0,0,0,0,0,0
1,1,210090,0,0,0,0,0,0,0,0,0,0
2,1,210090,0,0,0,0,0,0,0,0,0,0
3,1,210090,0,0,0,0,0,0,0,0,0,0
1,1,210091,0,0,0,0,0,0,0,0,0,0
1,1,210092,0,0,0,17,6,3,23,0,0,0
1,1,210093,39,39,39,39,39,39,39,39,39,39
1,1,210094,0,0,0,0,0,0,0,0,0,0
0,1,210095,0,0,0,0,0,0,0,0,0,0
0,1,210096,0,0,0,0,0,0,0,0,0,0
1,1,210096,0,0,0,0,0,0,0,0,0,0
1,1,210097,10,0,0,0,0,0,0,0,0,0
1,1,210098,0,0,0,0,0,0,0,0,0,0
2,1,210098,0,0,0,0,0,0,0,0,0,0
1,1,210099,7,7,7,7,7,7,7,7,7,7
2,1,210099,0,0,0,0,0,0,0,0,0,0
1,1,210100,0,0,0,0,0,0,0,0,0,0
2,1,210100,13,0,0,0,0,0,0,0,0,0
3,1,210100,0,0,0,0,0,0,0,0,0,0
4,1,210100,0,0,0,0,0,0,0,0,0,0
1,1,210101,0,8,0,15,0,0,12,0,0,21
1,1,210102,0,0,0,0,0,0,0,0,0,0
1,1,210103,0,0,0,0,0,0,0,0,0,9
1,1,210104,0,0,0,0,0,0,0,0,0,0
2,1,210104,0,0,0,0,0,0,0,0,0,0
1,1,210105,0,0,0,0,0,0,0,0,0,0
1,1,210106,0,0,0,0,0,0,0,0,0,0
2,1,210106,0,0,0,12,0,0,0,18,0,0
1,1,210107,0,0,0,0,0,0,0,0,0,0
2,1,210107,0,0,0,0,0,0,3,0,0,0
1,1,210108,32,32,32,32,32,32,32,32,32,32
1,1,210109,10,0,0,0,0,0,0,10,7,9
1,1,210110,16,16,16,16,16,16,16,16,16,16
2,1,210110,0,0,0,0,0,0,0,0,0,0
1,1,210111,10,10,10,10,10,10,10,10,10,10
1,1,210112,0,0,0,0,0,0,0,0,0,0
2,1,210112,0,0,0,0,0,0,0,0,0,0
3,1,210112,0,0,0,0,0,0,0,0,0,0
1,1,210113,0,0,0,0,0,0,0,0,0,0
2,1,210113,0,0,0,0,0,0,0,0,0,0
3,1,210113,0,0,0,0,0,0,0,10,0,0
1,1,210114,0,0,0,0,0,0,0,0,0,0
1,1,210115,0,0,0,0,0,0,0,0,0,0
2,1,210115,0,0,0,0,0,0,0,0,0,0
0,1,210116,0,0,0,0,0,0,0,0,0,0
1,1,210116,0,0,0,0,0,0,0,0,0,0
1,1,210117,17,17,17,17,17,17,17,17,17,17
1,1,210118,0,0,0,0,0,0,0,0,0,0
1,1,210119,0,0,0,0,0,0,15,0,0,0
2,1,210119,0,0,0,0,0,0,0,0,0,0
1,1,210120,0,0,0,0,0,0,0,0,0,0
1,1,210121,0,0,0,0,0,0,0,0,0,0
2,1,210121,0,0,0,0,0,0,0,0,0,0
1,1,210122,15,15,15,15,15,15,15,15,15,15
1,1,210123,12,12,12,12,12,12,12,12,12,12
1,1,210124,13,13,13,13,13,13,13,13,13,13
1,1,210125,0,0,0,0,0,0,0,0,0,0
2,1,210125,0,0,0,0,0,0,0,0,0,0
1,1,210126,18,18,18,18,18,18,18,18,18,18
1,1,210127,9,9,9,9,9,9,9,9,9,9
1,1,210128,19,19,19,19,19,19,19,19,19,19
1,1,210129,0,0,0,0,14,0,0,3,0,0
1,1,210130,0,0,0,0,0,0,0,0,0,0
2,1,210130,0,0,0,0,0,0,0,0,0,0
1,1,210131,20,20,20,20,20,20,20,20,20,20
1,1,210132,0,0,0,0,0,0,0,0,0,0
1,1,210133,0,0,0,0,0,0,0,0,0,0
2,1,210133,0,0,0,0,0,0,0,0,0,0
1,1,210134,16,16,16,16,16,16,16,16,16,16
1,1,210135,0,0,0,0,0,0,0,0,0,0
2,1,210135,0,0,0,0,0,0,0,0,0,0
1,1,210136,0,0,0,0,0,0,0,0,0,0
2,1,210136,0,0,0,0,0,0,0,0,0,0
3,1,210136,0,0,0,0,0,0,0,0,0,0
1,1,210137,0,0,0,0,0,0,0,0,10,0
1,1,210138,16,16,16,16,16,16,16,16,16,16
2,1,210138,0,0,0,0,0,0,0,0,0,0
1,1,210139,22,22,22,22,22,22,22,22,22,22
2,1,210139,0,0,0,0,0,0,0,0,0,0
1,1,210140,0,0,0,0,0,0,0,0,0,0
2,1,210140,15,18,12,8,11,9,6,6,14,7
3,1,210140,0,0,0,0,0,0,0,0,0,0
4,1,210140,0,0,0,0,0,0,0,0,0,0
1,1,210141,0,0,0,0,0,0,0,0,0,0
2,1,210141,0,0,0,0,0,0,0,0,0,0
1,1,210142,0,0,0,0,0,0,0,0,0,0
1,1,210143,0,0,0,0,0,0,0,0,0,0
1,1,210144,0,0,0,0,0,0,0,0,0,0
0,1,210145,0,0,0,0,0,0,0,0,0,0
1,1,210145,0,7,0,0,0,0,0,0,0,0
1,1,210146,16,16,16,16,16,16,16,16,16,16
1,1,210147,0,0,0,0,0,0,0,0,0,0
1,1,210148,0,0,0,0,0,0,0,0,0,0
1,1,210149,9,9,9,9,9,9,9,9,9,9
0,1,210150,0,0,0,0,0,0,0,0,0,0
1,1,210150,0,0,0,0,0,0,0,0,0,0
1,1,210151,0,0,0,0,0,0,0,0,0,0
1,1,210152,0,0,0,0,0,0,0,0,0,0
2,1,210152,0,0,0,0,0,0,0,0,0,0
3,1,210152,0,0,0,0,0,0,0,0,0,0
1,1,210153,5,0,0,0,0,0,0,8,0,19
1,1,210154,0,0,0,0,0,0,0,0,0,0
2,1,210154,0,0,0,0,0,0,0,0,0,0
1,1,210155,0,0,0,0,0,0,0,0,0,0
1,1,210156,0,0,0,0,0,0,0,0,0,0
2,1,210156,0,0,0,0,0,0,0,0,0,0
1,1,210157,0,0,0,0,0,0,0,0,0,0
2,1,210157,0,0,0,0,0,0,0,0,0,0
1,1,210158,0,0,0,0,0,0,0,0,0,0
1,1,210159,0,0,0,0,0,0,0,0,0,0
2,1,210159,0,0,0,0,0,0,0,0,0,0
1,1,210160,0,0,0,0,0,0,0,0,0,0
2,1,210160,0,0,0,0,0,0,0,0,0,0
1,1,210161,0,0,0,0,0,0,0,0,0,0
2,1,210161,0,0,0,0,0,0,0,0,0,0
1,1,210162,0,0,0,0,0,0,0,0,0,0
2,1,210162,0,0,0,0,0,0,0,0,0,0
1,1,210163,0,0,0,0,0,0,0,0,0,0
2,1,210163,0,0,0,0,0,0,27,0,0,0
1,1,210164,1,1,1,1,1,1,1,1,1,1
1,1,210165,9,9,9,9,9,9,9,9,9,9
2,1,210165,0,0,0,0,0,0,0,0,0,0
1,1,210166,0,0,0,0,0,0,0,0,0,0
1,1,210167,0,0,0,0,0,0,0,0,0,0
2,1,210167,0,0,0,0,0,0,0,0,0,0
0,1,210168,0,0,0,0,0,0,0,0,0,0
1,1,210168,0,0,0,0,0,0,0,0,0,0
1,1,210169,0,0,0,0,0,0,0,0,0,0
1,1,210170,0,0,0,0,0,0,0,0,0,0
2,1,210170,0,0,0,0,0,0,0,0,0,0
1,1,210171,17,17,17,17,17,17,17,17,17,17
1,1,210172,0,0,0,0,0,0,0,0,0,0
1,1,210173,16,16,16,16,16,16,16,16,16,16
2,1,210173,0,0,30,0,0,0,0,0,0,0
1,1,210174,21,21,21,21,21,21,21,21,21,21
1,1,210175,0,0,0,0,0,0,0,0,0,0
1,1,210176,0,0,0,0,0,0,0,0,0,0
1,1,210177,20,20,20,20,20,20,20,20,20,20
1,1,210178,17,17,17,17,17,17,17,17,17,17
1,1,210179,0,0,0,0,0,0,0,0,0,0
2,1,210179,0,0,0,0,0,0,0,0,0,0
1,1,210180,0,0,0,0,0,0,0,0,0,0
2,1,210180,0,0,0,0,0,0,0,0,0,0
3,1,210180,0,0,0,0,0,0,0,0,0,0
1,1,210181,0,0,0,0,0,0,0,0,0,0
2,1,210181,0,0,0,0,0,0,0,0,0,0
3,1,210181,0,0,0,0,0,0,0,0,0,0
1,1,210182,10,10,10,10,10,10,10,10,10,10
2,1,210182,0,0,0,0,0,0,0,0,0,0
1,1,210183,0,0,0,0,0,0,0,0,0,0
1,1,210184,0,0,0,0,0,0,0,0,0,0
2,1,210184,0,0,0,0,0,0,0,0,0,0
1,1,210185,0,0,0,0,0,0,0,0,0,0
2,1,210185,0,0,0,0,0,0,0,0,0,0
1,1,210186,0,0,0,0,0,0,0,0,0,0
2,1,210186,0,0,0,0,0,0,0,0,0,0
3,1,210186,0,0,0,0,0,0,0,0,0,0
4,1,210186,0,0,0,0,0,0,0,0,0,0
1,1,210187,0,0,0,0,0,0,0,0,0,0
1,1,210188,0,0,0,0,0,0,0,0,0,0
1,1,210189,0,0,0,0,0,0,0,0,0,0
2,1,210189,16,16,16,16,16,16,16,16,16,16
0,1,210190,0,25,6,10,11,18,21,0,10,0
0,2,210190,0,0,10,20,14,28,15,0,14,0
1,1,210190,0,0,0,0,0,0,0,0,0,0
1,1,210191,0,0,0,0,0,0,0,0,0,0
2,1,210191,0,0,0,0,0,0,0,0,0,0
1,1,210192,13,13,13,13,13,13,13,13,13,13
1,1,210193,0,0,0,0,0,0,0,0,0,0
1,1,210194,0,0,0,0,0,0,0,0,0,0
1,1,210195,0,0,0,0,0,0,0,0,0,0
2,1,210195,0,0,0,0,0,0,0,0,0,0
1,1,210196,30,30,30,30,30,30,30,30,30,30
1,1,210197,28,26,27,12,17,12,20,20,21,29
1,1,210198,0,0,0,0,0,0,0,0,0,0
1,1,210199,0,0,0,0,0,0,0,0,0,0
2,1,210199,0,0,0,0,0,0,0,0,0,0
1,1,210200,0,0,15,5,0,0,0,0,0,0
2,1,210200,0,0,0,0,5,0,0,0,0,0
1,1,210201,0,0,0,0,0,0,0,0,0,0
1,1,210202,0,0,0,0,0,0,0,0,0,0
1,1,210203,0,0,0,0,0,0,0,0,0,0
2,1,210203,0,0,0,0,0,0,0,0,0,0
1,1,210204,0,0,0,0,0,0,0,0,0,0
1,1,210205,29,29,29,29,29,29,29,29,29,29
1,1,210206,0,0,0,0,0,0,0,0,0,0
1,1,210207,0,0,0,0,0,0,0,0,0,0
1,1,210208,0,0,0,0,0,0,0,0,0,0
1,1,210209,14,0,0,2,0,0,0,0,0,0
1,1,210210,10,0,0,10,0,9,32,4,0,2
2,1,210210,12,12,12,12,12,12,12,12,12,12
3,1,210210,0,0,0,0,0,0,0,0,0,0
1,1,210211,0,0,0,0,0,0,0,0,0,0
1,1,210212,0,0,0,0,0,0,0,0,0,0
1,1,210213,0,0,0,0,0,0,0,0,0,0
2,1,210213,17,17,17,17,17,17,17,17,17,17
1,1,210214,0,0,0,0,0,0,0,0,0,0
2,1,210214,0,0,0,0,0,0,0,0,0,0
1,1,210215,0,0,12,16,0,12,0,0,0,22
1,1,210216,22,22,22,22,22,22,22,22,22,22
1,1,210217,0,0,0,19,0,0,0,0,0,0
1,1,210218,13,13,13,13,13,13,13,13,13,13
1,1,210219,11,11,11,11,11,11,11,11,11,11
1,1,210220,0,0,0,0,0,0,0,0,0,0
1,1,210221,8,8,8,8,8,8,8,8,8,8
2,1,210221,0,0,0,0,0,0,0,0,0,0
3,1,210221,0,0,0,0,0,0,0,0,0,0
1,1,210222,0,0,0,0,0,0,0,0,0,0
1,1,210223,0,0,0,0,0,0,0,0,0,0
1,1,210224,0,0,0,0,0,0,0,0,0,0
2,1,210224,0,0,0,0,0,0,0,0,0,0
1,1,210225,0,0,0,0,0,0,0,0,0,0
2,1,210225,0,0,0,0,0,0,0,0,0,0