VEH_NO,PER_NO,ST_CASE,P1,P2,P3,P4,P5,P6,P7,P8,P9,P10
1,1,210226,5,5,5,5,5,5,5,5,5,5
2,1,210226,0,0,0,0,0,0,0,0,0,0
0,1,210227,27,27,27,27,27,27,27,27,27,27
1,1,210227,0,0,0,0,0,0,0,0,0,0
1,1,210228,0,0,0,0,0,0,0,0,0,0
1,1,210229,0,0,0,0,0,0,0,0,0,0
2,1,210229,0,0,0,0,0,0,0,0,0,0
1,1,210230,0,0,0,0,0,0,0,0,0,0
2,1,210230,0,0,0,0,0,0,0,0,0,0
1,1,210231,0,0,0,0,0,0,0,0,0,0
2,1,210231,0,0,0,0,0,0,0,0,0,0
1,1,210232,0,0,0,0,0,0,0,0,0,0
2,1,210232,0,0,0,0,0,0,0,0,0,0
1,1,210234,0,0,0,0,0,0,0,0,0,0
2,1,210234,0,0,0,0,0,0,0,0,0,0
1,1,210235,0,0,0,0,0,0,0,0,0,0
2,1,210235,0,0,0,0,0,0,0,0,0,0
1,1,210236,16,16,16,16,16,16,16,16,16,16
1,1,210237,17,17,17,17,17,17,17,17,17,17
1,1,210238,15,15,15,15,15,15,15,15,15,15
1,1,210239,0,0,0,0,0,0,0,0,0,0
1,1,210240,0,0,0,0,0,0,0,0,0,0
1,1,210241,24,24,24,24,24,24,24,24,24,24
1,1,210242,0,0,0,0,0,0,0,0,0,0
2,1,210242,0,0,0,0,0,0,0,0,0,0
1,1,210243,0,0,0,0,0,0,0,0,0,0
1,1,210244,0,0,0,0,0,0,0,0,0,0
2,1,210244,0,0,0,0,7,0,0,0,0,0
3,1,210244,0,0,0,0,0,0,0,0,0,0
1,1,210246,0,0,0,0,0,0,0,0,0,0
1,1,210247,0,0,0,0,0,0,0,0,0,0
2,1,210247,0,0,0,0,0,0,0,0,0,0
1,1,210248,0,0,0,0,0,0,0,0,0,0
2,1,210248,0,0,0,0,0,0,0,0,0,0
1,1,210249,0,0,0,0,0,0,0,0,0,0
2,1,210249,0,0,0,0,0,0,0,0,0,0
3,1,210249,0,0,0,0,0,0,0,0,0,0
1,1,210250,0,0,0,0,0,0,0,0,0,0
2,1,210250,3,0,23,14,0,0,0,0,0,0
1,1,210251,18,18,18,18,18,18,18,18,18,18
1,1,210252,0,0,0,0,0,0,0,0,0,0
1,1,210253,0,0,0,0,0,0,0,0,0,0
2,1,210253,0,0,0,0,0,0,0,0,0,0
1,1,210254,0,0,0,0,0,0,0,0,0,0
2,1,210254,0,0,0,0,0,0,0,0,0,0
1,1,210255,15,15,15,15,15,15,15,15,15,15
1,1,210256,27,27,27,27,27,27,27,27,27,27
1,1,210257,34,34,34,34,34,34,34,34,34,34
2,1,210257,0,0,0,0,0,0,0,0,0,0
1,1,210258,0,0,0,6,0,0,0,0,0,0
0,1,210259,14,14,14,14,14,14,14,14,14,14
1,1,210259,0,0,0,0,0,12,0,0,0,0
1,1,210260,5,5,5,5,5,5,5,5,5,5
1,1,210261,0,0,0,0,0,0,0,0,0,0
2,1,210261,0,0,0,0,0,0,0,0,0,0
1,1,210262,0,0,0,0,0,0,0,0,0,0
2,1,210262,0,0,0,0,0,0,0,0,0,0
1,1,210263,0,0,0,0,0,0,0,0,0,0
2,1,210263,0,0,0,0,0,0,0,0,0,0
1,1,210264,17,17,17,17,17,17,17,17,17,17
1,1,210265,0,0,0,0,0,0,0,0,0,0
2,1,210265,0,0,0,0,0,0,0,0,0,0
1,1,210266,0,0,0,0,0,0,0,0,0,0
2,1,210266,0,0,0,0,0,0,0,0,0,0
1,1,210267,0,0,0,0,0,0,0,0,0,0
1,1,210268,0,0,0,0,0,0,0,0,0,0
1,1,210269,13,13,13,13,13,13,13,13,13,13
1,1,210270,15,15,15,15,15,15,15,15,15,15
1,1,210271,0,0,0,0,0,0,0,0,0,0
1,1,210272,0,0,0,0,0,0,0,0,0,0
2,1,210272,0,0,0,0,0,0,0,0,0,0
3,1,210272,0,0,0,0,0,0,0,0,0,0
1,1,210273,0,0,0,0,0,0,0,0,0,0
2,1,210273,0,0,0,0,0,0,0,0,0,0
1,1,210274,0,0,0,0,0,0,0,0,0,0
2,1,210274,0,0,0,0,0,0,0,0,0,0
1,1,210275,0,0,0,0,0,0,0,0,22,0
1,1,210276,0,0,0,0,0,0,0,0,0,0
1,1,210277,10,10,10,10,10,10,10,10,10,10
1,1,210278,2,2,2,2,2,2,2,2,2,2
1,1,210279,15,15,15,15,15,15,15,15,15,15
2,1,210279,0,0,0,0,0,0,0,4,0,0
1,1,210280,0,0,0,0,0,0,0,0,0,0
1,1,210281,11,11,11,11,11,11,11,11,11,11
2,1,210281,0,0,0,0,0,0,0,0,0,0
1,1,210282,0,0,0,0,0,0,0,0,0,0
1,1,210283,0,0,0,0,0,0,0,0,0,0
2,1,210283,0,0,0,0,0,0,0,0,0,0
1,1,210284,0,0,0,0,0,0,0,0,0,0
2,1,210284,0,0,0,0,0,0,0,0,0,0
1,1,210285,0,0,0,0,0,0,0,0,0,0
1,1,210286,0,0,0,0,0,0,0,0,0,0
1,1,210287,18,18,18,18,18,18,18,18,18,18
1,1,210288,0,0,0,0,0,0,0,0,0,0
2,1,210288,0,0,0,0,0,0,0,0,0,0
3,1,210288,0,0,0,0,0,0,0,0,0,0
1,1,210289,17,17,17,17,17,17,17,17,17,17
1,1,210290,0,0,0,0,0,0,0,0,0,0
2,1,210290,0,0,11,0,0,0,0,0,0,0
1,1,210291,0,0,12,0,0,0,0,0,0,0
1,1,210292,0,0,0,0,0,0,0,0,0,0
1,1,210293,0,0,0,0,0,0,0,0,0,0
1,1,210294,0,0,0,0,0,0,0,0,0,0
1,1,210295,0,0,0,0,0,0,0,0,0,0
1,1,210296,25,25,25,25,25,25,25,25,25,25
1,1,210297,0,0,0,11,0,0,0,0,0,0
2,1,210297,0,0,0,0,0,0,0,0,0,0
1,1,210298,0,0,0,0,0,0,0,0,0,0
2,1,210298,0,0,0,0,0,0,0,0,0,0
1,1,210299,19,19,19,19,19,19,19,19,19,19
2,1,210299,0,0,0,0,0,0,0,0,0,0
3,1,210299,0,0,0,19,0,0,0,0,0,0
1,1,210300,3,3,3,3,3,3,3,3,3,3
2,1,210300,0,0,0,0,0,0,0,0,0,0
3,1,210300,0,0,0,0,0,0,0,0,0,0
1,1,210301,15,15,15,15,15,15,15,15,15,15
1,1,210302,0,0,0,0,0,0,0,0,0,0
2,1,210302,0,0,0,0,0,0,0,0,0,0
1,1,210303,18,18,18,18,18,18,18,18,18,18
2,1,210303,0,0,0,0,0,0,0,0,0,0
1,1,210304,21,21,21,21,21,21,21,21,21,21
1,1,210305,0,0,0,0,0,0,0,0,0,0
2,1,210305,0,0,0,0,0,0,0,0,0,0
1,1,210306,0,0,0,0,0,0,0,0,0,0
1,1,210307,0,0,0,0,0,0,0,0,0,0
2,1,210307,0,0,0,0,0,0,0,0,0,0
1,1,210308,0,0,0,0,0,0,0,0,0,0
1,1,210309,17,17,17,17,17,17,17,17,17,17
1,1,210310,0,0,0,0,0,0,0,0,0,0
2,1,210310,0,0,0,0,0,8,10,0,0,0
0,1,210311,0,0,0,0,0,0,0,0,0,0
1,1,210311,0,0,0,0,0,0,0,0,0,0
1,1,210312,0,0,0,0,0,0,0,0,0,0
1,1,210313,0,0,0,0,0,0,0,0,0,0
2,1,210313,0,0,0,0,0,0,0,0,0,0
1,1,210314,0,0,0,0,0,0,0,0,0,0
2,1,210314,0,15,0,0,0,0,0,0,0,0
1,1,210315,20,20,20,20,20,20,20,20,20,20
1,1,210316,0,0,0,0,0,0,0,0,0,0
2,1,210316,0,0,0,0,0,0,0,0,0,0
1,1,210317,20,20,20,20,20,20,20,20,20,20
2,1,210317,0,0,0,0,0,0,0,0,0,0
1,1,210318,0,0,0,0,0,0,0,0,0,0
1,1,210319,0,0,0,0,0,0,0,0,23,0
1,1,210320,0,0,0,0,0,0,0,0,0,0
1,1,210321,0,0,0,0,0,0,0,0,0,0
2,1,210321,0,0,0,0,0,0,0,0,0,0
1,1,210322,0,0,0,0,0,0,0,0,0,0
1,1,210323,29,29,29,29,29,29,29,29,29,29
2,1,210323,0,0,0,0,0,0,0,0,0,0
0,1,210324,0,0,0,0,0,0,0,0,0,0
1,1,210324,0,0,0,0,0,0,0,0,0,0
1,1,210325,0,0,0,0,0,0,0,0,0,0
2,1,210325,0,0,0,0,0,0,0,0,0,0
1,1,210326,0,0,0,0,15,0,0,0,0,0
1,1,210327,0,0,0,0,0,0,0,0,0,0
1,1,210328,0,0,0,0,0,0,0,0,0,0
1,1,210329,7,7,7,7,7,7,7,7,7,7
2,1,210329,0,0,0,0,0,0,0,0,0,0
3,1,210329,0,0,0,0,0,0,0,0,0,0
1,1,210330,9,9,9,9,9,9,9,9,9,9
2,1,210330,0,0,0,0,0,0,0,0,0,0
1,1,210331,0,0,0,0,0,0,0,0,0,0
2,1,210331,0,15,0,0,12,2,0,20,19,0
1,1,210332,0,0,0,0,0,0,0,0,0,0
1,1,210333,0,0,0,0,0,0,0,0,0,0
2,1,210333,0,0,0,0,0,0,0,0,0,0
3,1,210333,0,0,0,0,0,0,0,0,0,0
1,1,210334,0,0,0,0,0,0,0,0,0,0
2,1,210334,0,0,0,0,0,0,0,0,0,0
1,1,210335,0,0,0,0,0,0,0,0,0,0
1,1,210336,13,13,13,13,13,13,13,13,13,13
1,1,210337,0,0,16,0,0,0,0,0,0,0
2,1,210337,0,0,0,0,0,0,0,0,0,0
3,1,210337,0,0,0,0,0,0,0,0,0,0
1,1,210338,21,21,21,21,21,21,21,21,21,21
1,1,210339,21,22,7,14,36,24,33,20,18,18
1,1,210340,0,0,0,0,0,0,0,0,0,0
1,1,210341,0,0,0,0,0,0,0,0,0,0
2,1,210341,0,0,0,0,0,0,0,0,0,0
1,1,210342,12,12,12,12,12,12,12,12,12,12
1,1,210343,0,7,0,0,0,0,0,0,0,0
1,1,210344,0,0,0,0,0,0,0,0,0,0
1,1,210345,0,0,0,0,0,0,0,0,0,0
2,1,210345,0,0,0,0,0,0,0,0,0,0
1,1,210346,24,15,20,14,20,8,26,40,18,29
1,1,210347,0,0,0,0,0,0,0,0,0,8
2,1,210347,0,0,0,0,0,0,0,0,0,0
1,1,210348,0,0,0,0,0,0,0,0,0,0
2,1,210348,0,0,0,0,0,0,0,0,23,0
1,1,210349,0,0,0,0,0,0,0,0,0,0
1,1,210350,10,8,15,7,12,17,11,28,17,17
1,1,210351,0,0,0,0,0,0,0,0,0,0
2,1,210351,0,0,0,0,0,0,0,0,0,0
1,1,210352,15,15,15,15,15,15,15,15,15,15
1,1,210353,0,0,0,0,0,12,0,0,0,0
1,1,210354,0,0,0,0,0,0,0,0,0,0
1,1,210355,0,0,0,0,0,0,0,0,0,6
1,1,210356,0,0,0,0,0,0,0,0,0,0
1,1,210357,0,0,0,0,0,0,16,0,0,3
1,1,210358,0,0,0,0,0,0,0,0,0,0
2,1,210358,0,0,0,0,0,0,0,0,0,0
1,1,210359,8,8,8,8,8,8,8,8,8,8
1,1,210360,4,4,4,4,4,4,4,4,4,4
1,1,210361,0,0,0,0,0,0,0,0,0,0
2,1,210361,0,0,0,0,0,0,0,0,0,0
1,1,210362,10,0,0,0,0,0,0,0,0,0
1,1,210363,9,9,9,9,9,9,9,9,9,9
0,1,210364,0,0,0,0,0,0,0,0,0,0
0,2,210364,0,5,9,0,0,0,13,0,0,0
1,1,210364,14,14,14,14,14,14,14,14,14,14
1,1,210365,0,0,0,0,0,0,0,0,0,0
1,1,210366,0,0,0,0,0,0,0,0,0,0
2,1,210366,0,0,0,0,0,0,0,0,0,0
1,1,210367,0,0,0,0,0,0,0,0,0,0
2,1,210367,0,0,0,0,0,0,0,12,0,0
1,1,210368,0,0,0,0,0,0,0,0,0,0
1,1,210369,17,17,17,17,17,17,17,17,17,17
2,1,210369,0,0,0,0,0,0,0,0,0,0
1,1,210370,0,0,0,0,0,0,0,0,0,0
2,1,210370,0,0,0,0,0,0,0,0,0,0
1,1,210371,0,0,0,0,0,0,0,0,0,0
2,1,210371,0,0,0,0,0,0,0,0,0,0
1,1,210372,0,0,0,0,0,0,0,0,0,0
2,1,210372,0,0,0,0,0,0,0,0,0,0
1,1,210373,0,0,0,0,0,0,0,0,0,0
2,1,210373,0,0,0,0,0,0,0,0,0,0
1,1,210374,2,2,2,2,2,2,2,2,2,2
1,1,210375,0,0,0,0,0,0,0,0,0,0
2,1,210375,0,0,0,0,0,0,0,0,0,0
1,1,210376,2,2,2,2,2,2,2,2,2,2
1,1,210377,0,0,0,0,0,0,0,0,0,0
2,1,210377,0,0,0,0,0,0,0,0,0,0
1,1,210378,0,0,0,0,0,0,0,0,0,0
2,1,210378,0,0,0,0,0,0,0,0,0,0
1,1,210379,12,12,12,12,12,12,12,12,12,12
2,1,210379,0,0,0,0,0,0,0,0,0,0
1,1,210380,0,0,0,0,0,0,0,0,0,0
2,1,210380,0,0,0,0,0,0,0,0,0,0
3,1,210380,0,0,0,0,0,0,0,0,0,0
4,1,210380,0,0,0,0,0,0,0,0,0,0
1,1,210381,0,0,0,0,0,0,0,0,0,0
2,1,210381,0,0,0,4,0,0,0,0,0,0
1,1,210382,0,0,0,0,0,0,0,0,0,0
2,1,210382,0,0,0,0,0,0,0,0,0,0
3,1,210382,0,0,0,0,0,0,0,0,0,0
1,1,210383,2,2,2,2,2,2,2,2,2,2
1,1,210384,0,0,0,0,0,0,0,0,0,0
2,1,210384,0,0,0,0,0,0,0,0,0,0
3,1,210384,0,0,0,0,0,0,0,0,0,0
1,1,210385,0,0,0,0,0,0,0,0,0,0
1,1,210386,25,25,25,25,25,25,25,25,25,25
1,1,210387,0,0,0,0,0,0,0,0,0,0
1,1,210388,0,0,0,0,0,0,0,0,0,0
2,1,210388,0,0,0,0,0,0,0,0,0,0
1,1,210389,0,0,0,0,0,0,0,0,0,0
1,1,210390,0,0,0,0,0,0,0,0,0,0
1,1,210391,9,20,0,7,0,0,0,0,0,6
1,1,210392,0,0,0,0,0,0,0,0,0,0
1,1,210393,0,0,0,0,0,0,0,0,0,0
2,1,210393,0,0,0,0,0,0,0,0,0,0
1,1,210394,12,12,12,12,12,12,12,12,12,12
1,1,210395,0,0,0,0,0,0,0,0,0,0
1,1,210396,0,0,0,0,0,0,0,0,0,0
2,1,210396,0,0,0,0,0,0,0,0,0,0
1,1,210397,0,0,0,0,0,0,0,0,0,0
2,1,210397,0,0,0,0,0,0,0,0,0,0
1,1,210398,0,0,0,0,0,0,0,0,0,0
2,1,210398,0,0,0,0,0,0,0,0,0,0
1,1,210399,19,19,19,19,19,19,19,19,19,19
2,1,210399,0,0,0,0,0,0,0,0,0,0
1,1,210400,16,16,16,16,16,16,16,16,16,16
2,1,210400,17,17,17,17,17,17,17,17,17,17
1,1,210401,0,0,0,0,0,0,0,0,0,0
2,1,210401,0,0,0,0,0,0,0,0,0,0
1,1,210402,18,18,18,18,18,18,18,18,18,18
1,1,210403,12,12,12,12,12,12,12,12,12,12
1,1,210404,21,21,21,21,21,21,21,21,21,21
1,1,210405,0,0,0,0,0,0,0,0,0,0
2,1,210405,0,0,0,0,0,0,0,0,0,0
1,1,210406,0,0,0,0,0,0,0,0,0,0
1,1,210407,0,0,0,0,0,0,0,0,0,0
2,1,210407,0,0,0,0,0,0,0,0,0,0
1,1,210408,0,0,0,0,0,0,0,0,0,0
2,1,210408,0,0,0,0,0,0,0,0,0,0
1,1,210409,0,0,12,5,0,3,0,0,32,0
1,1,210410,0,0,0,0,0,0,0,0,0,0
2,1,210410,0,0,0,0,0,0,0,0,0,0
1,1,210411,0,0,0,0,0,0,0,0,0,0
1,1,210412,14,0,0,0,0,0,0,0,0,0
1,1,210413,0,0,0,0,0,0,0,0,0,0
2,1,210413,0,0,0,0,0,0,0,0,0,0
1,1,210414,30,11,21,16,11,17,8,0,10,20
1,1,210415,0,0,0,0,0,0,0,0,0,0
2,1,210415,0,0,0,0,0,0,0,0,0,0
1,1,210416,0,0,0,0,0,0,0,0,0,0
2,1,210416,0,0,0,0,0,0,11,0,0,0
1,1,210417,2,2,2,2,2,2,2,2,2,2
1,1,210418,0,0,5,0,0,0,0,0,0,0
1,1,210419,0,0,0,0,0,0,0,0,0,0
2,1,210419,0,0,0,0,0,0,0,0,0,0
3,1,210419,0,0,0,0,0,0,0,0,0,0
0,1,210420,0,0,0,0,0,0,0,0,0,0
1,1,210420,9,9,9,9,9,9,9,9,9,9
0,1,210421,0,0,0,0,0,0,0,0,0,0
0,2,210421,0,0,0,0,0,0,0,0,0,0
0,3,210421,0,28,8,0,12,21,36,0,7,0
0,4,210421,0,0,0,0,0,0,0,0,0,0
1,1,210421,0,0,0,0,0,0,0,0,0,0
1,1,210422,0,0,0,0,0,0,0,0,0,0
1,1,210423,0,0,0,0,0,0,0,0,0,0
2,1,210423,0,0,0,0,0,0,0,0,0,0
3,1,210423,0,0,0,0,0,0,0,0,0,0
1,1,210424,8,19,28,0,11,0,22,25,27,5
2,1,210424,0,0,0,0,0,0,0,0,0,0
1,1,210425,0,0,0,0,0,0,0,0,0,0
2,1,210425,0,0,0,0,0,0,0,0,0,0
3,1,210425,0,0,0,0,0,0,0,0,0,0
1,1,210426,0,0,0,0,0,0,0,0,0,0
1,1,210427,0,0,0,0,0,0,0,0,0,0
2,1,210427,0,0,0,0,0,0,0,0,0,0
1,1,210428,0,0,0,0,0,0,0,0,0,0
2,1,210428,0,0,0,0,0,0,0,0,0,0
1,1,210429,0,0,0,0,0,0,0,0,0,0
2,1,210429,0,0,0,0,0,0,0,0,0,0
1,1,210430,7,7,7,7,7,7,7,7,7,7
1,1,210431,2,2,2,2,2,2,2,2,2,2
2,1,210431,0,0,0,0,0,0,0,0,0,0
1,1,210432,0,0,0,0,0,0,0,0,0,0
1,1,210433,0,0,0,0,0,0,0,0,0,0
1,1,210434,18,18,18,18,18,18,18,18,18,18
2,1,210434,0,0,0,0,0,0,0,0,0,0
0,1,210435,0,0,0,0,0,0,0,0,0,0
1,1,210435,0,0,0,0,0,0,0,0,0,0
1,1,210436,27,27,27,27,27,27,27,27,27,27
1,1,210437,0,0,0,0,0,0,0,0,0,0
2,1,210437,0,0,0,0,0,0,0,0,0,0
1,1,210438,0,0,0,0,0,0,0,0,0,0
1,1,210439,0,0,0,0,0,0,0,0,0,0
2,1,210439,0,0,0,0,0,0,0,0,0,0
1,1,210440,0,0,0,0,0,0,0,0,0,0
1,1,210441,0,0,0,0,0,0,0,0,0,0
2,1,210441,0,0,0,0,0,0,0,0,0,0
3,1,210441,0,0,0,0,13,0,0,0,0,0
0,1,210442,5,5,5,5,5,5,5,5,5,5
1,1,210442,0,0,0,0,0,0,0,0,0,0
1,1,210443,0,0,0,0,0,0,0,0,0,0
2,1,210443,0,0,0,0,0,0,0,0,0,0
1,1,210444,0,0,0,0,0,0,0,0,0,0
2,1,210444,0,0,0,0,0,0,0,0,0,0
3,1,210444,0,0,0,0,0,0,0,0,0,0
4,1,210444,0,0,0,0,0,0,0,0,0,0
1,1,210445,0,0,0,0,0,0,0,0,0,0
2,1,210445,0,0,0,0,0,0,0,0,0,0
1,1,210446,0,0,0,0,0,0,0,0,0,0
2,1,210446,0,0,0,0,0,0,0,0,0,0
1,1,210447,13,13,13,13,13,13,13,13,13,13
2,1,210447,0,0,0,0,0,0,0,0,0,0
0,1,210448,0,18,0,0,0,0,0,0,0,0
1,1,210448,0,0,0,0,0,0,0,0,0,0
1,1,210449,14,14,14,14,14,14,14,14,14,14
1,1,210450,0,0,0,0,0,0,0,0,0,0
1,1,210451,0,0,0,0,0,0,0,0,0,0
1,1,210452,0,0,0,0,0,0,0,0,0,0
2,1,210452,0,0,0,0,0,0,0,0,0,0
1,1,210453,0,0,0,0,0,0,0,0,0,0
1,1,210454,0,0,0,0,0,0,0,0,0,0
2,1,210454,0,0,0,0,0,0,0,0,0,0
1,1,210455,0,0,0,0,0,0,0,0,0,0
1,1,210456,0,0,0,0,0,0,0,0,0,0
2,1,210456,0,0,0,0,0,0,0,0,0,0
1,1,210457,12,12,12,12,12,12,12,12,12,12
1,1,210458,19,19,19,19,19,19,19,19,19,19
2,1,210458,0,0,0,0,0,0,0,0,0,0
1,1,210459,12,12,12,12,12,12,12,12,12,12
1,1,210460,0,0,0,0,0,0,0,0,0,0
1,1,210461,0,0,0,0,6,0,0,0,0,0
1,1,210462,2,2,2,2,2,2,2,2,2,2
2,1,210462,0,0,0,0,0,0,0,0,0,0
1,1,210463,0,0,0,0,0,0,0,0,0,0
2,1,210463,0,0,0,0,0,0,0,0,0,0
1,1,210464,16,16,16,16,16,16,16,16,16,16
1,1,210465,0,0,0,0,0,0,0,0,0,0
2,1,210465,0,0,0,0,0,0,0,0,0,0
3,1,210465,0,0,0,0,0,0,0,0,0,0
0,1,210466,0,0,0,0,0,0,0,0,0,0
1,1,210466,0,0,0,0,0,0,0,0,0,0
0,1,210467,22,0,0,0,0,0,0,5,0,0
1,1,210467,0,0,0,0,0,0,0,0,0,0
1,1,210468,0,0,0,0,3,0,0,0,0,0
2,1,210468,17,0,0,0,0,2,0,0,0,0
3,1,210468,0,0,0,0,0,0,0,0,0,7
1,1,210469,0,0,0,0,0,0,0,0,0,0
2,1,210469,0,0,0,0,0,0,0,0,0,0
3,1,210469,0,0,0,0,0,0,0,0,0,0
1,1,210470,21,21,21,21,21,21,21,21,21,21
1,1,210471,0,0,0,0,0,0,0,0,0,0
2,1,210471,0,0,0,0,0,0,0,0,0,0
1,1,210472,0,0,0,0,0,0,0,0,0,0
2,1,210472,0,0,0,0,0,0,0,0,0,0
1,1,210473,0,0,0,0,0,0,0,0,0,0
2,1,210473,0,0,0,6,0,0,0,0,0,8
1,1,210474,22,22,22,22,22,22,22,22,22,22
2,1,210474,0,0,0,0,0,0,0,0,0,0
1,1,210475,0,0,0,0,0,0,0,0,0,0
2,1,210475,0,0,0,0,0,0,0,0,0,0
1,1,210476,0,0,0,0,0,0,0,0,0,0
2,1,210476,0,0,0,0,0,0,0,0,0,0
3,1,210476,0,0,0,0,0,0,0,0,0,0
1,1,210477,24,24,24,24,24,24,24,24,24,24
1,1,210478,0,0,0,0,0,0,0,0,0,25
1,1,210479,0,0,0,0,0,0,0,0,0,0
2,1,210479,0,0,0,0,0,0,0,0,0,0
1,1,210480,0,0,0,0,0,0,0,0,0,0
2,1,210480,0,0,0,0,0,0,0,0,0,0
1,1,210481,13,13,13,13,13,13,13,13,13,13
1,1,210482,0,0,0,0,0,0,0,0,0,0
2,1,210482,0,0,0,0,0,0,0,0,0,0
1,1,210483,0,0,0,0,0,0,0,0,0,0
0,1,210484,26,26,26,26,26,26,26,26,26,26
1,1,210484,0,0,0,0,0,0,0,0,0,0
1,1,210485,14,14,14,14,14,14,14,14,14,14
1,1,210486,0,0,0,0,0,0,0,0,0,0
2,1,210486,0,0,0,0,0,0,0,0,0,0
1,1,210487,0,0,0,0,0,0,0,0,0,0
2,1,210487,0,0,0,0,0,0,0,0,0,0
0,1,210488,0,0,0,0,0,0,0,0,0,0
1,1,210488,10,10,10,10,10,10,10,10,10,10
1,1,210489,26,26,26,26,26,26,26,26,26,26
1,1,210490,0,0,0,0,0,0,0,0,0,0
2,1,210490,1,1,1,1,1,1,1,1,1,1
1,1,210491,13,13,13,13,13,13,13,13,13,13
2,1,210491,0,0,0,0,0,0,0,0,0,0
0,1,210492,0,0,0,0,0,0,0,0,0,0
1,1,210492,0,0,0,0,0,0,0,0,0,0
1,1,210493,0,0,0,0,0,0,0,0,0,0
2,1,210493,5,5,5,5,5,5,5,5,5,5
0,1,210494,2,2,2,2,2,2,2,2,2,2
1,1,210494,0,0,0,0,0,0,0,0,0,0
1,1,210495,0,0,0,0,0,0,0,0,0,0
1,1,210496,0,0,0,0,0,0,0,0,0,0
1,1,210497,0,0,0,0,0,0,0,0,0,0
2,1,210497,0,0,0,0,0,0,0,0,0,0
3,1,210497,0,0,0,0,0,0,0,0,0,0
1,1,210498,0,0,0,0,0,0,0,0,0,0
2,1,210498,0,0,0,0,0,0,0,0,0,0
1,1,210499,0,0,0,0,0,0,0,0,0,0
2,1,210499,0,0,0,0,0,0,0,0,0,0
1,1,210500,16,16,16,16,16,16,16,16,16,16
2,1,210500,0,0,0,0,0,0,0,0,0,0
1,1,210501,13,13,13,13,13,13,13,13,13,13
2,1,210501,0,0,0,0,0,0,0,0,0,9
0,1,210502,29,29,29,29,29,29,29,29,29,29
1,1,210502,0,0,0,0,0,0,0,0,0,0
1,1,210503,0,0,0,0,0,0,0,0,0,0
1,1,210504,2,2,2,2,2,2,2,2,2,2
1,1,210505,0,0,0,0,0,0,0,0,0,0
2,1,210505,0,0,0,0,0,0,0,0,0,0
1,1,210506,21,21,21,21,21,21,21,21,21,21
1,1,210507,0,0,0,0,0,0,0,0,0,0
2,1,210507,6,6,6,6,6,6,6,6,6,6
1,1,210508,2,2,2,2,2,2,2,2,2,2
1,1,210509,0,0,0,0,0,0,0,0,0,0
1,1,210510,0,0,0,0,0,0,0,0,0,0
1,1,210511,0,0,0,0,0,0,0,0,0,0
1,1,210512,0,0,0,0,0,0,0,0,0,0
1,1,210513,24,24,24,24,24,24,24,24,24,24
2,1,210513,0,0,0,0,0,0,0,0,0,0
1,1,210514,0,0,0,0,0,0,0,0,0,0
0,1,210515,21,21,21,21,21,21,21,21,21,21
0,2,210515,34,19,20,26,21,12,29,14,0,3
1,1,210515,0,0,0,0,0,0,0,0,0,0
1,1,210516,0,0,0,0,0,0,0,0,0,0
1,1,210517,0,0,0,0,0,0,0,0,0,0
1,1,210518,0,0,0,0,0,0,0,0,0,0
2,1,210518,0,0,0,0,0,0,0,0,0,0
1,1,210519,15,15,15,15,15,15,15,15,15,15
1,1,210520,0,0,0,0,0,0,0,0,0,0
2,1,210520,0,0,0,0,0,0,0,0,0,0
3,1,210520,0,0,0,0,0,0,0,0,0,0
1,1,210521,0,0,27,0,11,31,0,0,0,0
1,1,210522,0,0,0,0,0,0,0,0,0,0
1,1,210523,0,0,0,0,0,0,0,0,0,0
2,1,210523,0,0,0,0,0,0,0,0,0,0
3,1,210523,0,0,0,0,0,0,0,0,0,0
4,1,210523,0,0,0,0,0,0,0,0,0,0
1,1,210524,0,0,0,0,0,0,0,0,0,0
2,1,210524,0,0,0,0,0,0,0,0,0,7
1,1,210525,0,0,0,8,17,0,0,0,0,0
1,1,210526,0,0,0,0,0,0,0,0,0,0
1,1,210527,0,0,0,0,0,0,0,0,0,0
3,1,210527,0,0,0,0,0,0,0,0,0,0
1,1,210528,20,20,20,20,20,20,20,20,20,20
1,1,210529,16,16,16,16,16,16,16,16,16,16
1,1,210530,13,13,13,13,13,13,13,13,13,13
1,1,210531,0,0,0,0,0,0,0,0,0,0
2,1,210531,0,0,0,0,0,0,0,0,0,0
1,1,210532,15,15,15,15,15,15,15,15,15,15
1,1,210533,29,11,8,17,5,22,13,21,16,9
1,1,210534,0,0,0,0,0,0,0,0,0,0
1,1,210535,19,19,19,19,19,19,19,19,19,19
2,1,210535,0,0,29,0,0,0,0,0,0,41
1,1,210536,0,0,0,0,0,0,20,0,0,0
1,1,210537,17,17,17,17,17,17,17,17,17,17
1,1,210538,0,0,0,0,0,0,0,0,0,0
2,1,210538,0,0,0,0,0,0,0,0,0,0
3,1,210538,0,0,0,0,0,0,0,0,0,0
1,1,210539,0,0,0,0,0,0,0,0,0,0
2,1,210539,0,0,0,0,0,0,0,0,0,0
1,1,210540,0,0,0,0,0,0,0,0,0,0
2,1,210540,0,0,0,0,0,0,0,0,0,0
1,1,210541,5,5,5,5,5,5,5,5,5,5
1,1,210542,0,0,0,0,0,0,0,0,0,0
2,1,210542,0,0,0,0,0,0,0,0,0,0
3,1,210542,0,0,0,0,0,13,0,0,0,0
0,1,210543,0,0,0,0,0,0,0,0,0,0
1,1,210543,0,3,0,0,0,0,0,0,0,0
1,1,210544,0,0,0,0,0,0,0,0,0,0
1,1,210545,0,0,9,0,0,0,0,0,0,0
1,1,210546,0,0,0,0,0,0,0,0,0,0
1,1,210547,0,0,0,0,0,0,0,0,0,0