VEH_NO,PER_NO,ST_CASE,P1,P2,P3,P4,P5,P6,P7,P8,P9,P10
2,1,240193,0,0,0,0,0,0,0,0,0,0
1,1,240194,10,10,10,10,10,10,10,10,10,10
2,1,240194,0,0,0,11,0,0,8,0,0,0
1,1,240195,0,0,0,0,0,0,0,0,0,0
2,1,240195,19,19,19,19,19,19,19,19,19,19
1,1,240196,0,0,0,0,0,0,0,0,0,0
2,1,240196,0,0,0,0,0,0,0,0,0,0
1,1,240197,0,0,0,0,6,0,0,0,0,0
2,1,240197,0,0,0,0,0,0,0,0,0,0
1,1,240198,0,0,0,0,0,0,0,0,0,0
2,1,240198,0,0,0,0,0,0,0,0,0,0
1,1,240199,0,0,0,0,0,0,0,0,0,0
2,1,240199,0,0,0,0,0,0,0,0,0,0
1,1,240200,24,24,24,24,24,24,24,24,24,24
1,1,240201,0,0,0,0,0,0,0,0,0,0
2,1,240201,0,0,0,0,0,0,0,0,0,0
1,1,240202,0,0,0,0,0,0,0,0,0,0
1,1,240203,9,9,9,9,9,9,9,9,9,9
1,1,240204,0,0,0,0,0,0,0,0,0,0
0,1,240205,0,25,0,0,0,18,0,17,0,0
0,2,240205,26,26,26,26,26,26,26,26,26,26
1,1,240205,25,25,25,25,25,25,25,25,25,25
1,1,240206,12,12,12,12,12,12,12,12,12,12
1,1,240207,0,0,0,0,0,0,0,0,0,0
2,1,240207,0,0,0,0,0,0,0,0,0,0
1,1,240208,0,0,0,0,0,0,0,0,0,0
2,1,240208,0,0,0,0,0,0,0,0,0,0
1,1,240209,0,0,0,0,0,0,0,0,0,0
0,1,240210,0,0,0,0,0,0,0,0,0,0
1,1,240210,0,0,0,0,2,0,0,0,0,0
1,1,240211,0,19,0,0,0,0,0,0,12,0
2,1,240211,18,18,18,18,18,18,18,18,18,18
1,1,240212,10,10,10,10,10,10,10,10,10,10
0,1,240213,19,19,19,19,19,19,19,19,19,19
1,1,240213,0,0,0,0,0,0,0,0,0,0
0,1,240214,34,34,34,34,34,34,34,34,34,34
1,1,240214,0,0,0,0,0,16,5,0,0,0
0,1,240215,0,0,0,0,0,0,0,0,0,0
1,1,240215,10,10,10,10,10,10,10,10,10,10
1,1,240216,22,22,22,22,22,22,22,22,22,22
1,1,240217,0,0,0,0,0,0,0,0,0,0
1,1,240218,0,0,0,0,0,0,0,0,0,0
2,1,240218,0,0,0,0,0,0,0,0,0,0
1,1,240219,0,0,0,0,0,0,0,0,0,0
2,1,240219,0,0,0,0,0,0,0,0,0,0
1,1,240220,0,0,0,0,0,0,0,0,0,0
2,1,240220,0,0,0,0,0,0,0,0,0,0
1,1,240221,11,11,11,11,11,11,11,11,11,11
2,1,240221,0,0,0,0,0,0,0,0,0,0
3,1,240221,0,0,0,0,3,0,0,0,0,0
1,1,240222,0,0,0,0,0,0,0,0,0,0
2,1,240222,2,2,2,2,2,2,2,2,2,2
1,1,240223,0,0,0,0,0,0,0,0,0,0
2,1,240223,0,0,0,0,0,0,0,0,0,0
1,1,240224,22,22,22,22,22,22,22,22,22,22
0,1,240225,25,25,25,25,25,25,25,25,25,25
1,1,240225,0,0,0,0,0,0,0,0,0,0
1,1,240226,0,0,0,0,0,0,0,0,0,0
0,1,240227,0,0,0,0,0,0,0,0,0,0
1,1,240227,5,0,0,0,0,0,0,0,0,0
1,1,240228,19,19,19,19,19,19,19,19,19,19
1,1,240229,17,17,17,17,17,17,17,17,17,17
2,1,240229,0,0,0,0,0,0,0,0,0,0
1,1,240230,3,3,3,3,3,3,3,3,3,3
1,1,240231,0,0,0,0,0,0,0,0,0,0
2,1,240231,0,0,0,0,0,0,0,0,0,0
1,1,240232,0,0,0,0,0,0,0,0,0,0
1,1,240233,0,0,0,0,0,0,0,0,0,0
2,1,240233,0,0,0,0,0,0,0,0,0,0
1,1,240234,0,0,0,0,0,0,0,0,0,0
1,1,240235,0,0,0,0,0,0,0,0,0,0
2,1,240235,2,2,2,2,2,2,2,2,2,2
1,1,240236,20,20,20,20,20,20,20,20,20,20
2,1,240236,0,0,0,0,0,0,0,0,0,0
1,1,240237,9,9,9,9,9,9,9,9,9,9
1,1,240238,0,0,0,0,0,0,0,0,0,0
1,1,240239,0,0,0,0,0,0,0,0,0,0
1,1,240240,0,0,0,0,0,0,0,0,0,0
1,1,240241,21,21,21,21,21,21,21,21,21,21
1,1,240242,17,17,17,17,17,17,17,17,17,17
1,1,240243,0,0,0,0,0,0,0,0,0,0
1,1,240244,0,0,0,0,0,0,2,0,0,0
2,1,240244,0,0,0,0,0,0,0,0,0,0
0,1,240245,30,30,30,30,30,30,30,30,30,30
1,1,240245,0,0,0,0,0,0,0,0,0,0
1,1,240246,19,19,19,19,19,19,19,19,19,19
2,1,240246,0,0,0,0,0,0,0,0,0,0
1,1,240247,0,0,0,0,0,0,0,0,0,0
2,1,240247,0,0,0,0,0,0,0,0,0,0
0,1,240248,0,0,0,0,0,0,0,0,0,0
1,1,240248,0,0,0,7,0,0,0,9,0,0
1,1,240249,0,0,0,0,0,0,0,0,10,10
2,1,240249,22,0,0,6,0,0,0,0,0,0
1,1,240250,0,0,0,0,0,0,0,0,0,0
0,1,240251,0,0,0,0,0,0,0,0,0,0
1,1,240251,0,24,0,0,0,13,0,0,25,0
1,1,240252,6,6,6,6,6,6,6,6,6,6
1,1,240253,0,0,0,0,0,0,0,0,0,0
0,1,240254,0,0,0,0,0,0,0,0,0,0
0,2,240254,0,0,0,0,0,7,0,0,0,0
1,1,240254,0,0,9,0,0,4,11,0,0,0
1,1,240255,0,0,0,0,0,0,0,0,0,0
2,1,240255,0,0,0,0,0,0,0,0,0,0
1,1,240256,18,18,18,18,18,18,18,18,18,18
0,1,240257,0,0,0,0,0,0,0,0,0,0
1,1,240257,0,0,0,0,0,0,0,0,0,0
1,1,240258,23,23,23,23,23,23,23,23,23,23
1,1,240259,27,27,27,27,27,27,27,27,27,27
1,1,240260,0,0,0,0,0,0,0,0,0,0
2,1,240260,0,0,0,0,0,0,0,0,0,0
1,1,240261,17,17,17,17,17,17,17,17,17,17
1,1,240262,21,21,21,21,21,21,21,21,21,21
1,1,240263,0,0,0,0,0,0,0,0,0,0
1,1,240264,0,0,0,0,0,0,0,0,0,0
1,1,240265,9,9,9,9,9,9,9,9,9,9
2,1,240265,0,0,0,0,3,0,0,17,0,0
1,1,240266,0,0,0,0,0,0,0,0,0,0
2,1,240266,0,0,0,0,0,0,0,0,0,0
3,1,240266,0,0,0,0,0,0,0,0,0,0
1,1,240267,16,16,16,16,16,16,16,16,16,16
3,1,240267,0,0,0,0,0,0,0,0,0,0
4,1,240267,0,0,0,0,0,0,0,0,0,0
0,1,240268,0,0,0,0,0,0,0,0,0,0
0,2,240268,0,0,0,0,0,0,0,0,0,0
0,3,240268,0,0,0,17,6,16,11,0,13,0
1,1,240268,16,16,16,16,16,16,16,16,16,16
1,1,240269,0,0,0,0,0,0,0,0,0,0
1,1,240270,0,5,20,0,7,0,0,0,0,0
2,1,240270,1,1,1,1,1,1,1,1,1,1
1,1,240271,0,0,0,0,0,0,0,0,0,0
2,1,240271,0,0,0,14,0,0,0,0,0,0
1,1,240272,11,0,0,0,0,0,22,12,0,0
1,1,240273,23,23,23,23,23,23,23,23,23,23
1,1,240274,0,0,0,0,0,0,0,0,0,0
2,1,240274,0,0,0,0,0,0,0,0,0,0
3,1,240274,0,0,0,0,0,0,0,0,0,0
0,1,240275,0,0,0,0,0,0,0,0,0,0
1,1,240275,17,17,17,17,17,17,17,17,17,17
1,1,240276,0,0,0,0,0,0,0,0,0,0
2,1,240276,0,0,0,0,0,0,0,0,0,0
1,1,240277,19,19,19,19,19,19,19,19,19,19
0,1,240278,0,0,0,0,0,0,0,0,0,0
1,1,240278,10,5,18,14,23,15,4,20,0,0
1,1,240279,0,0,0,0,0,0,0,0,0,0
2,1,240279,0,0,0,0,0,0,0,0,0,0
1,1,240280,0,0,0,0,0,0,0,0,0,0
2,1,240280,0,0,0,0,0,0,0,0,0,0
3,1,240280,0,0,0,0,0,0,0,0,0,0
1,1,240281,19,19,19,19,19,19,19,19,19,19
2,1,240281,0,0,0,0,0,0,0,0,0,0
1,1,240282,0,15,0,0,0,12,0,0,0,0
2,1,240282,0,0,0,0,0,0,0,0,0,0
0,1,240283,22,22,22,22,22,22,22,22,22,22
1,1,240283,0,0,0,0,0,0,0,0,0,0
1,1,240284,0,0,0,0,0,0,9,0,0,0
2,1,240284,0,0,0,0,0,0,0,0,0,0
1,1,240285,13,13,13,13,13,13,13,13,13,13
0,1,240286,19,19,19,19,19,19,19,19,19,19
1,1,240286,0,0,0,0,0,0,0,7,0,0
1,1,240287,0,0,0,0,0,0,0,0,0,0
0,1,240288,24,24,24,24,24,24,24,24,24,24
1,1,240288,0,0,0,0,0,9,0,0,0,0
1,1,240289,0,0,0,0,0,0,0,0,0,0
2,1,240289,0,0,0,0,0,0,0,0,0,0
1,1,240290,14,14,14,14,14,14,14,14,14,14
1,1,240291,13,13,13,13,13,13,13,13,13,13
2,1,240291,15,15,15,15,15,15,15,15,15,15
0,1,240292,30,30,30,30,30,30,30,30,30,30
1,1,240292,0,0,0,0,0,0,0,0,0,0
1,1,240293,17,17,17,17,17,17,17,17,17,17
1,1,240294,0,0,0,0,0,0,0,0,0,0
2,1,240294,0,0,17,0,0,0,0,0,0,0
1,1,240295,0,0,0,0,0,0,0,0,0,0
1,1,240296,22,22,22,22,22,22,22,22,22,22
1,1,240297,0,0,0,0,0,0,0,0,0,0
1,1,240298,0,0,0,0,0,0,0,0,0,0
2,1,240298,0,0,0,0,0,0,0,0,0,0
1,1,240299,0,0,0,0,0,0,0,0,0,0
2,1,240299,0,0,0,0,0,0,0,0,0,0
1,1,240300,0,0,0,0,0,0,0,0,0,0
2,1,240300,0,0,0,0,0,0,0,0,0,0
1,1,240301,0,0,0,0,0,0,0,0,0,0
2,1,240301,0,0,0,0,0,0,0,0,0,0
1,1,240302,0,0,0,0,0,0,0,0,0,0
2,1,240302,0,0,0,0,0,0,0,0,0,5
0,1,240303,0,0,0,0,0,0,0,0,0,0
1,1,240303,0,0,0,0,0,0,0,0,0,0
0,1,240304,0,0,0,0,0,0,0,0,0,0
1,1,240304,5,5,5,5,5,5,5,5,5,5
0,1,240305,0,0,0,0,0,0,0,0,0,0
1,1,240305,0,0,16,9,0,8,0,12,0,0
1,1,240306,15,15,15,15,15,15,15,15,15,15
0,1,240307,0,32,0,0,0,0,0,0,0,0
0,2,240307,0,0,0,0,0,0,0,0,0,0
1,1,240307,0,0,0,0,0,0,0,0,0,0
1,1,240308,0,0,0,0,0,0,0,0,0,0
1,1,240309,17,17,17,17,17,17,17,17,17,17
1,1,240310,0,0,0,0,0,0,0,0,0,0
2,1,240310,0,0,0,0,0,0,0,0,0,0
0,1,240311,21,21,21,21,21,21,21,21,21,21
1,1,240311,10,8,12,4,0,3,7,0,0,8
1,1,240312,18,18,18,18,18,18,18,18,18,18
1,1,240313,0,0,0,0,0,0,0,0,0,0
0,1,240314,0,0,0,0,0,0,0,0,0,0
1,1,240314,0,0,0,0,0,0,0,0,0,0
1,1,240315,0,0,0,0,0,0,0,0,0,0
2,1,240315,0,0,0,0,0,0,19,0,0,0
0,1,240316,23,23,23,23,23,23,23,23,23,23
1,1,240316,0,0,0,0,0,0,0,0,0,0
2,1,240316,0,0,0,0,0,0,0,0,0,0
1,1,240317,0,0,0,0,0,0,0,0,0,0
1,1,240318,18,18,18,18,18,18,18,18,18,18
2,1,240318,25,25,25,25,25,25,25,25,25,25
3,1,240318,0,14,0,0,0,0,0,0,0,0
1,1,240319,19,19,19,19,19,19,19,19,19,19
1,1,240320,0,0,0,0,0,0,0,0,0,0
2,1,240320,0,0,12,0,30,0,0,0,0,0
0,1,240321,3,3,3,3,3,3,3,3,3,3
1,1,240321,17,0,15,0,0,5,0,4,0,12
1,1,240322,0,0,0,0,0,0,0,0,0,0
1,1,240323,12,12,12,12,12,12,12,12,12,12
1,1,240324,0,0,0,0,0,0,0,0,0,0
2,1,240324,0,0,0,0,0,0,0,0,0,0
1,1,240325,28,28,28,28,28,28,28,28,28,28
1,1,240326,0,0,0,0,0,0,0,0,0,0
2,1,240326,0,0,0,0,0,0,0,0,0,0
1,1,240327,0,0,0,0,0,0,0,0,0,0
2,1,240327,0,0,0,0,0,0,0,0,0,0
0,1,240328,28,28,28,28,28,28,28,28,28,28
1,1,240328,0,0,0,0,0,0,0,0,0,0
1,1,240329,0,0,0,0,0,0,0,0,0,0
0,1,240330,0,0,0,0,0,0,0,0,0,0
1,1,240330,0,0,0,0,0,0,6,0,0,0
0,1,240331,0,0,0,0,0,0,0,0,0,0
1,1,240331,0,0,0,0,0,0,0,0,0,0
2,1,240331,0,0,0,0,0,0,0,0,0,0
3,1,240331,0,0,0,0,0,0,0,0,0,0
1,1,240332,10,10,10,10,10,10,10,10,10,10
2,1,240332,0,0,0,0,0,0,0,0,0,0
0,1,240333,4,4,4,4,4,4,4,4,4,4
1,1,240333,0,0,0,0,0,0,0,0,0,0
1,1,240334,17,17,17,17,17,17,17,17,17,17
2,1,240334,0,0,0,0,0,0,0,0,0,0
0,1,240335,0,0,0,0,0,0,0,0,0,0
1,1,240335,8,0,0,18,0,18,0,0,2,0
1,1,240336,0,9,0,0,0,0,0,0,0,0
2,1,240336,0,0,0,0,0,0,0,0,0,0
1,1,240337,0,0,0,0,0,0,0,0,0,0
2,1,240337,0,0,0,0,0,0,0,0,0,0
1,1,240338,25,25,25,25,25,25,25,25,25,25
2,1,240338,0,0,0,0,0,0,0,0,0,0
1,1,240339,17,17,17,17,17,17,17,17,17,17
1,1,240340,0,0,0,0,0,0,0,0,0,0
2,1,240340,0,0,0,0,0,0,0,0,0,0
3,1,240340,0,0,0,0,0,0,0,0,0,0
0,1,240341,0,0,0,0,0,0,0,0,0,0
1,1,240341,0,0,0,0,0,0,0,0,0,0
0,1,240342,0,0,0,0,0,0,0,0,0,0
1,1,240342,0,0,0,0,0,0,0,0,0,0
1,1,240343,0,0,5,0,0,12,0,0,0,12
1,1,240344,0,0,0,0,0,0,0,0,0,0
2,1,240344,0,0,0,0,0,0,0,0,0,0
1,1,240345,0,0,0,0,0,0,0,0,23,0
1,1,240346,0,0,0,0,0,0,0,0,0,0
2,1,240346,0,0,0,0,0,0,0,0,0,0
1,1,240347,23,23,23,23,23,23,23,23,23,23
2,1,240347,0,0,0,0,0,0,0,0,0,0
1,1,240348,30,29,19,14,19,9,22,4,15,14
1,1,240349,0,0,0,0,0,0,0,0,0,0
2,1,240349,0,0,0,0,0,0,0,0,0,0
1,1,240350,15,15,15,15,15,15,15,15,15,15
2,1,240350,0,0,0,0,0,0,0,0,0,0
1,1,240351,0,0,0,0,0,0,0,0,0,0
2,1,240351,0,0,0,0,0,0,0,0,0,0
1,1,240352,0,0,0,0,0,0,0,0,0,0
2,1,240352,0,0,0,0,0,0,0,0,0,0
0,1,240353,8,8,8,8,8,8,8,8,8,8
1,1,240353,0,0,0,0,0,0,0,0,0,0
1,1,240354,18,18,18,18,18,18,18,18,18,18
1,1,240355,9,9,9,9,9,9,9,9,9,9
0,1,240356,0,0,0,0,0,0,0,0,0,0
1,1,240356,0,15,0,0,0,0,0,0,0,0
0,1,240357,0,0,0,0,0,0,0,0,0,0
1,1,240357,0,0,0,0,0,0,0,0,0,0
0,1,240358,26,26,26,26,26,26,26,26,26,26
1,1,240358,8,8,8,8,8,8,8,8,8,8
1,1,240359,0,0,0,4,0,0,0,0,0,0
2,1,240359,0,0,0,0,0,0,0,0,0,0
1,1,240360,0,0,0,0,0,0,0,0,0,0
1,1,240361,2,2,2,2,2,2,2,2,2,2
2,1,240361,0,0,0,0,0,0,0,0,0,0
1,1,240362,0,0,0,0,0,0,0,0,0,0
2,1,240362,0,0,0,0,0,0,0,0,0,0
3,1,240362,0,0,0,0,0,0,0,0,0,0
0,1,240363,1,1,1,1,1,1,1,1,1,1
1,1,240363,0,0,0,0,0,0,0,0,0,0
1,1,240364,0,0,0,0,0,0,0,0,0,0
1,1,240365,0,0,0,0,0,0,0,0,0,0
2,1,240365,0,0,0,0,0,0,0,0,0,0
3,1,240365,0,0,0,0,0,0,0,0,0,0
0,1,240366,0,0,0,0,0,0,0,0,0,0
1,1,240366,0,0,0,0,0,0,0,0,0,0
0,1,240367,0,0,0,0,0,0,0,0,0,0
1,1,240367,0,0,0,0,0,0,0,0,0,0
1,1,240368,0,0,0,0,0,0,0,0,0,0
2,1,240368,0,0,0,0,0,0,0,0,0,0
1,1,240369,20,5,12,7,22,0,16,25,20,12
1,1,240370,0,0,0,0,0,0,0,0,0,0
2,1,240370,0,0,0,0,0,0,0,0,0,0
3,1,240370,16,0,0,0,0,0,0,0,0,0
1,1,240371,0,0,0,0,0,0,0,0,0,0
2,1,240371,0,0,0,0,0,0,0,0,0,0
1,1,240372,25,25,25,25,25,25,25,25,25,25
2,1,240372,0,0,0,0,0,0,0,0,0,0
1,1,240373,0,0,0,0,0,0,0,0,0,0
1,1,240374,0,0,0,0,0,0,0,0,0,0
1,1,240375,0,0,0,0,0,0,0,0,0,0
2,1,240375,0,0,0,0,0,0,0,0,0,0
1,1,240376,19,19,19,19,19,19,19,19,19,19
1,1,240377,16,16,16,16,16,16,16,16,16,16
2,1,240377,0,0,0,0,0,0,0,0,0,0
1,1,240378,2,2,2,2,2,2,2,2,2,2
1,1,240379,17,17,17,17,17,17,17,17,17,17
1,1,240380,0,0,0,0,0,0,0,0,0,0
2,1,240380,0,0,0,0,0,0,0,0,0,0
3,1,240380,0,0,0,0,0,0,0,0,0,0
1,1,240381,0,0,0,0,0,0,0,0,0,0
1,1,240382,0,0,0,0,0,0,0,0,0,0
0,1,240383,0,0,0,0,0,0,0,0,0,0
1,1,240383,0,0,0,0,0,0,0,0,0,0
0,1,240384,1,1,1,1,1,1,1,1,1,1
1,1,240384,0,0,0,0,0,0,0,0,0,0
0,1,240385,0,0,0,0,0,0,0,0,0,0
1,1,240385,0,0,0,0,0,0,0,0,0,0
1,1,240386,14,14,14,14,14,14,14,14,14,14
2,1,240386,0,0,0,0,0,0,0,0,0,0
1,1,240387,13,13,13,13,13,13,13,13,13,13
0,1,240388,0,0,0,0,0,0,0,0,0,0
1,1,240388,0,0,0,0,0,0,0,0,0,0
1,1,240389,8,8,8,8,8,8,8,8,8,8
2,1,240389,0,0,0,0,0,0,0,0,0,0
1,1,240390,0,0,0,0,0,0,0,0,0,0
2,1,240390,0,0,0,0,0,0,0,0,0,0
1,1,240391,30,30,30,30,30,30,30,30,30,30
1,1,240392,0,0,0,0,0,0,0,0,0,0
2,1,240392,0,0,0,0,0,0,0,0,0,0
0,1,240393,0,0,0,0,0,0,0,0,0,0
1,1,240393,0,0,0,0,0,0,0,0,0,0
1,1,240394,0,0,0,0,0,0,0,0,0,0
2,1,240394,0,0,0,0,0,0,0,0,0,0
1,1,240395,33,33,33,33,33,33,33,33,33,33
1,1,240396,0,0,0,0,0,0,0,0,0,0
1,1,240397,0,0,0,0,0,0,0,0,0,0
0,1,240398,0,0,0,0,0,0,0,0,0,0
1,1,240398,0,0,0,0,3,0,0,0,0,0
1,1,240399,0,0,0,0,0,0,0,0,0,0
2,1,240399,0,0,0,0,0,0,0,9,0,0
1,1,240400,17,17,17,17,17,17,17,17,17,17
1,1,240401,0,0,0,0,0,0,0,0,0,0
1,1,240402,8,0,0,0,0,0,0,0,0,0
2,1,240402,0,0,0,0,0,0,0,0,0,0
1,1,240403,21,21,21,21,21,21,21,21,21,21
2,1,240403,0,0,0,0,0,0,0,0,0,0
1,1,240404,0,0,0,0,0,0,0,0,0,0
1,1,240405,0,0,0,0,0,0,0,0,0,0
2,1,240405,0,0,0,0,0,0,0,0,0,0
3,1,240405,0,0,0,0,0,0,0,0,0,0
1,1,240406,0,0,0,0,0,0,0,0,0,0
1,1,240407,0,0,0,0,0,0,0,0,0,0
2,1,240407,0,0,0,0,0,0,0,0,0,0
0,1,240408,27,22,48,22,38,16,18,28,28,27
1,1,240408,0,0,0,0,0,0,0,0,0,0
2,1,240408,0,0,0,0,0,0,0,0,0,0
0,1,240409,0,0,0,0,0,0,0,0,0,0
1,1,240409,0,0,0,0,0,0,0,0,0,0
1,1,240410,0,0,0,0,0,0,0,0,0,0
2,1,240410,0,0,0,0,0,0,0,0,0,0
1,1,240411,0,0,0,0,0,0,0,0,0,0
1,1,240412,13,13,13,13,13,13,13,13,13,13
2,1,240412,0,0,0,0,0,0,0,0,0,0
3,1,240412,0,0,0,3,0,0,0,0,0,0
4,1,240412,0,0,0,0,0,0,0,0,0,6
0,1,240413,0,0,0,0,0,0,0,0,0,0
1,1,240413,0,0,0,0,0,0,0,0,0,0
1,1,240414,0,0,0,0,0,9,0,0,0,0
2,1,240414,0,0,0,0,0,0,0,0,0,0
0,1,240415,0,0,0,0,0,0,0,0,0,0
1,1,240415,9,0,0,0,0,0,0,0,0,0
1,1,240416,17,17,17,17,17,17,17,17,17,17
1,1,240417,20,20,20,20,20,20,20,20,20,20
1,1,240418,17,17,17,17,17,17,17,17,17,17
2,1,240418,9,9,9,9,9,9,9,9,9,9
0,1,240419,0,14,0,0,0,0,0,0,0,0
0,2,240419,0,0,0,0,0,0,0,0,0,0
1,1,240419,0,0,0,0,0,0,0,0,0,0
2,1,240419,0,0,0,0,0,0,0,0,0,0
1,1,240420,0,0,0,0,0,0,0,0,0,0
0,1,240421,28,28,28,28,28,28,28,28,28,28
1,1,240421,1,0,5,4,16,10,3,6,0,18
0,1,240422,0,0,0,0,0,0,0,0,0,0
1,1,240422,0,0,0,0,0,0,0,0,0,0
2,1,240422,0,0,0,0,0,0,0,0,0,0
1,1,240423,3,3,3,3,3,3,3,3,3,3
1,1,240424,23,23,23,23,23,23,23,23,23,23
1,1,240425,0,0,0,0,0,0,0,0,0,0
1,1,240426,8,8,8,8,8,8,8,8,8,8
1,1,240427,0,0,0,0,0,0,0,0,0,0
2,1,240427,0,0,0,0,0,0,0,0,0,0
1,1,240428,21,21,21,21,21,21,21,21,21,21
1,1,240429,0,0,0,0,0,0,0,0,0,0
2,1,240429,0,0,0,0,0,0,0,0,0,0
0,1,240430,15,15,15,15,15,15,15,15,15,15
1,1,240430,0,0,0,0,0,0,0,0,16,0
1,1,240431,0,0,0,0,0,0,0,0,0,0
2,1,240431,0,0,0,0,0,0,0,0,0,0
1,1,240432,10,10,10,10,10,10,10,10,10,10
1,1,240433,23,23,23,23,23,23,23,23,23,23
1,1,240434,0,0,0,0,0,0,0,0,0,0
0,1,240435,5,5,5,5,5,5,5,5,5,5
1,1,240435,0,0,0,0,0,0,0,0,0,0
1,1,240436,0,0,0,0,0,0,0,0,0,0
0,1,240437,19,19,19,19,19,19,19,19,19,19
1,1,240437,0,0,0,0,0,0,0,0,0,0
0,1,240438,20,20,20,20,20,20,20,20,20,20
1,1,240438,0,0,0,0,0,0,0,0,0,0
1,1,240439,0,0,0,0,0,0,0,0,0,0
2,1,240439,0,0,0,0,0,0,0,0,0,0
1,1,240440,0,0,0,0,0,0,0,0,0,0
1,1,240441,16,16,16,16,16,16,16,16,16,16
1,1,240442,9,9,9,9,9,9,9,9,9,9
1,1,240443,0,0,0,0,0,0,0,0,0,0
2,1,240443,0,0,0,0,0,0,0,0,0,0
3,1,240443,0,0,0,0,0,0,0,0,0,0
1,1,240444,0,0,0,0,0,0,0,0,0,0
2,1,240444,0,0,0,0,0,0,0,0,0,0
1,1,240445,0,0,0,0,0,0,0,4,0,0
1,1,240446,0,0,0,0,0,0,0,0,0,0
2,1,240446,0,0,0,0,0,0,0,0,0,0
1,1,240447,0,0,0,0,0,0,0,0,0,0
2,1,240447,0,0,0,0,0,0,0,0,0,0
0,1,240448,0,0,0,0,0,0,0,0,0,0
1,1,240448,0,0,0,0,0,12,0,0,0,0
1,1,240449,0,0,0,0,0,0,0,0,0,0
1,1,240450,14,14,14,14,14,14,14,14,14,14
2,1,240450,6,0,0,0,6,0,0,0,0,0
1,1,240451,23,23,23,23,23,23,23,23,23,23
1,1,240452,0,32,0,0,18,0,0,0,12,0
0,1,240453,0,0,0,0,0,0,0,0,0,0
1,1,240453,0,0,0,0,0,0,0,0,0,0
1,1,240454,0,0,0,0,0,0,0,0,0,0
2,1,240454,0,0,0,0,0,0,0,0,0,0
1,1,240455,2,2,2,2,2,2,2,2,2,2
0,1,240456,0,0,0,0,0,0,0,0,0,0
1,1,240456,0,0,0,0,0,0,0,0,0,0
1,1,240457,21,21,21,21,21,21,21,21,21,21
0,1,240458,0,0,0,0,0,0,0,0,0,0
1,1,240458,12,0,0,0,0,0,0,0,0,0
1,1,240459,0,0,0,0,0,0,0,0,0,14
2,1,240459,0,0,0,0,0,0,0,0,0,0
1,1,240460,23,23,23,23,23,23,23,23,23,23
0,1,240461,22,22,22,22,22,22,22,22,22,22
1,1,240461,0,0,0,0,0,0,0,0,0,0
0,1,240462,20,20,20,20,20,20,20,20,20,20
1,1,240462,0,0,11,0,0,0,0,0,0,0
1,1,240463,0,0,0,0,0,0,0,0,0,0
1,1,240464,0,0,0,0,0,0,0,0,0,0
2,1,240464,0,0,0,0,0,0,0,0,0,0
3,1,240464,0,0,0,0,0,0,0,0,0,0
4,1,240464,0,0,0,0,0,0,0,0,0,0
5,1,240464,0,0,0,0,0,0,0,0,0,0
0,1,240465,0,0,0,0,0,0,0,0,0,0
0,2,240465,0,0,0,0,0,0,0,26,0,0
1,1,240465,0,0,0,0,0,0,0,0,0,0
2,1,240465,0,0,0,0,0,0,0,0,0,0
3,1,240465,0,0,0,0,0,0,0,0,0,0
4,1,240465,0,0,0,0,0,0,0,0,0,0
5,1,240465,0,0,0,0,0,0,0,0,0,0
6,1,240465,0,0,0,0,0,0,0,0,0,0
1,1,240466,0,0,0,0,0,0,0,0,0,0
1,1,240467,6,6,6,6,6,6,6,6,6,6
2,1,240467,0,0,0,0,0,0,0,0,0,0
0,1,240468,0,0,0,0,0,0,0,0,0,0
1,1,240468,0,0,0,0,0,0,0,0,0,0
0,1,240469,0,0,0,0,0,0,0,0,0,0
1,1,240469,10,0,0,0,0,0,0,0,0,0
1,1,240470,0,0,0,0,0,0,0,0,0,0
1,1,240471,0,0,0,0,0,0,0,0,0,0
2,1,240471,0,0,0,0,0,0,0,0,0,0
3,1,240471,0,0,0,0,0,0,0,9,0,0
1,1,240472,0,0,0,0,0,0,0,0,0,0
2,1,240472,0,0,0,0,0,0,0,0,0,0
0,1,240473,10,10,10,10,10,10,10,10,10,10
1,1,240473,0,0,0,0,0,0,0,0,0,0
0,1,240474,0,0,0,0,0,0,0,0,0,0
1,1,240474,21,0,0,0,0,0,0,0,0,0
1,1,240475,0,22,0,6,18,27,0,26,0,0
2,1,240475,0,0,0,0,0,0,0,0,0,0
0,1,240476,0,0,0,0,0,0,0,0,0,0
1,1,240476,0,0,0,0,0,0,0,0,0,0
1,1,240477,0,0,0,0,0,0,0,0,0,0
0,1,240478,0,0,0,0,0,0,0,0,0,0
1,1,240478,10,0,0,9,0,0,0,0,0,0
0,1,240479,21,21,21,21,21,21,21,21,21,21
1,1,240479,0,0,0,0,0,14,0,0,0,0
0,1,240480,0,0,0,0,0,0,0,0,0,0
1,1,240480,0,0,0,0,0,0,0,0,0,0
1,1,240481,15,15,15,15,15,15,15,15,15,15
1,1,240482,0,0,0,0,0,0,0,0,0,0
2,1,240482,0,0,0,0,0,0,0,0,0,0
1,1,240483,0,0,0,0,0,0,0,0,0,0
1,1,240484,0,0,0,0,0,0,0,0,0,0
2,1,240484,0,0,0,0,0,0,0,0,0,0
0,1,240485,0,0,0,0,0,0,0,0,0,0