VEH_NO,PER_NO,ST_CASE,P1,P2,P3,P4,P5,P6,P7,P8,P9,P10
2,1,270059,0,0,0,0,0,0,0,0,0,0
1,1,270060,0,0,0,0,0,0,0,0,0,0
2,1,270060,0,0,0,0,0,0,0,0,0,0
1,1,270061,0,0,0,0,0,0,0,0,0,0
2,1,270061,0,0,0,0,0,0,0,0,0,0
1,1,270062,0,0,0,0,0,0,0,0,0,0
2,1,270062,0,0,0,0,0,0,0,0,0,0
1,1,270063,0,0,0,0,0,0,0,0,0,0
1,1,270064,21,21,21,21,21,21,21,21,21,21
1,1,270065,19,19,19,19,19,19,19,19,19,19
1,1,270066,0,0,0,0,0,0,0,0,0,0
1,1,270067,0,0,0,0,0,0,0,0,0,0
2,1,270067,0,0,0,0,0,0,0,0,0,0
0,1,270068,0,0,0,0,0,0,0,0,0,0
1,1,270068,0,0,0,0,0,0,0,0,0,0
1,1,270069,13,13,13,13,13,13,13,13,13,13
1,1,270070,0,0,0,0,0,0,0,0,0,0
1,1,270071,0,0,0,0,0,0,0,0,0,0
1,1,270072,0,0,0,0,0,0,0,0,0,0
2,1,270072,0,0,0,0,0,0,0,0,0,0
1,1,270073,22,22,22,22,22,22,22,22,22,22
1,1,270074,12,12,12,12,12,12,12,12,12,12
2,1,270074,0,0,0,0,0,0,0,0,0,0
1,1,270075,0,0,0,0,0,0,0,0,0,0
1,1,270076,23,23,23,23,23,23,23,23,23,23
1,1,270077,0,0,0,0,0,0,0,0,0,0
1,1,270078,0,0,0,0,0,0,0,0,0,0
2,1,270078,0,0,0,0,0,0,0,0,0,0
1,1,270080,21,21,21,21,21,21,21,21,21,21
1,1,270081,20,20,20,20,20,20,20,20,20,20
2,1,270081,0,0,0,15,0,0,0,0,0,0
1,1,270082,0,0,0,0,0,0,0,0,0,0
1,1,270083,0,0,0,0,0,0,0,0,0,0
1,1,270084,0,0,0,0,0,0,0,0,0,0
2,1,270084,0,0,0,0,0,0,0,21,0,0
0,1,270085,0,0,0,0,0,0,0,0,0,0
1,1,270085,0,0,0,0,0,0,0,0,0,0
1,1,270086,0,0,0,0,0,0,0,0,0,0
1,1,270087,0,0,0,0,0,0,0,0,0,0
1,1,270088,5,5,5,5,5,5,5,5,5,5
1,1,270089,0,0,16,0,0,38,0,0,0,0
1,1,270090,0,0,0,0,0,0,0,0,0,0
2,1,270090,0,0,0,0,0,0,0,0,0,0
1,1,270091,0,0,0,0,0,0,0,0,0,0
2,1,270091,0,0,0,0,0,0,0,0,0,0
1,1,270092,14,14,14,14,14,14,14,14,14,14
2,1,270092,0,0,0,0,0,0,0,0,0,0
1,1,270093,0,0,0,0,0,0,0,0,0,0
1,1,270094,0,0,0,0,0,0,0,0,0,0
2,1,270094,0,0,0,0,0,0,0,0,0,0
1,1,270095,3,3,3,3,3,3,3,3,3,3
1,1,270096,24,24,24,24,24,24,24,24,24,24
1,1,270097,0,0,0,0,0,0,0,0,0,0
2,1,270097,0,0,0,0,0,0,0,0,0,0
1,1,270098,0,0,0,0,0,0,0,0,0,0
0,1,270099,0,0,0,0,0,0,0,0,0,0
1,1,270099,0,0,0,0,0,0,0,0,0,0
1,1,270100,12,14,15,4,13,10,3,10,10,8
1,1,270101,0,0,0,0,0,0,0,0,0,0
2,1,270101,0,0,0,0,0,0,0,0,0,0
1,1,270102,0,0,0,0,0,0,0,0,0,0
2,1,270102,0,0,0,0,0,0,0,0,0,0
1,1,270103,0,0,0,0,0,0,0,0,0,0
1,1,270104,0,0,0,0,0,0,0,0,0,0
2,1,270104,0,0,0,0,0,0,0,0,0,0
1,1,270105,21,21,21,21,21,21,21,21,21,21
2,1,270105,7,11,9,25,13,17,16,16,12,15
1,1,270106,0,0,0,0,0,0,0,0,0,0
1,1,270107,19,19,19,19,19,19,19,19,19,19
1,1,270108,0,0,0,0,0,0,0,0,0,0
1,1,270109,0,0,0,0,0,0,0,0,0,0
0,1,270110,0,0,0,0,0,0,0,0,0,0
1,1,270110,0,0,0,0,0,0,0,0,0,0
1,1,270111,0,0,0,0,0,0,0,0,0,0
1,1,270112,0,0,0,0,0,0,0,0,0,0
2,1,270112,0,0,0,0,0,0,0,0,0,0
1,1,270113,17,17,17,17,17,17,17,17,17,17
2,1,270113,0,0,0,0,0,0,0,0,0,0
1,1,270114,26,26,26,26,26,26,26,26,26,26
1,5,270115,0,0,0,0,0,0,0,0,0,0
1,1,270116,14,14,14,14,14,14,14,14,14,14
2,1,270116,1,1,1,1,1,1,1,1,1,1
1,1,270117,18,18,18,18,18,18,18,18,18,18
2,1,270117,0,0,0,0,0,0,0,0,0,0
1,1,270118,20,20,20,20,20,20,20,20,20,20
1,1,270119,0,0,0,0,0,0,0,0,0,0
0,1,270120,0,0,0,0,0,0,0,0,0,0
1,1,270120,0,0,0,0,0,0,0,0,0,0
1,1,270122,8,8,8,8,8,8,8,8,8,8
2,1,270122,0,0,0,0,0,0,0,0,0,0
0,1,270123,0,0,0,0,0,0,0,0,0,0
1,1,270123,0,0,0,0,0,0,0,0,0,0
1,1,270124,12,12,12,12,12,12,12,12,12,12
1,1,270125,18,18,18,18,18,18,18,18,18,18
1,1,270126,0,0,0,0,0,0,0,0,0,0
2,1,270126,0,0,0,0,0,0,0,0,0,0
0,1,270127,0,0,0,0,0,0,0,0,0,0
1,1,270127,0,0,0,0,0,0,0,0,0,0
1,1,270128,0,0,0,0,0,0,0,0,0,0
2,1,270128,0,0,0,0,0,0,0,0,0,0
1,1,270130,20,20,20,20,20,20,20,20,20,20
1,1,270131,0,0,0,0,0,0,0,0,0,0
1,1,270132,0,0,0,0,0,0,0,0,0,0
2,1,270132,0,0,0,0,0,0,0,0,0,0
1,1,270133,0,0,0,0,0,0,0,0,0,0
2,1,270133,9,0,0,0,0,0,0,0,10,0
1,1,270134,19,19,19,19,19,19,19,19,19,19
2,1,270134,0,0,0,0,0,0,0,0,0,0
1,1,270135,0,0,0,0,0,0,0,0,0,0
2,1,270135,0,16,0,9,0,0,10,0,0,5
0,1,270136,28,28,28,28,28,28,28,28,28,28
1,1,270136,0,0,0,0,0,0,0,0,0,0
1,1,270137,0,0,0,0,0,0,0,0,0,0
2,1,270137,0,0,0,0,0,0,0,0,0,0
1,1,270138,0,0,0,0,0,0,0,0,0,0
1,1,270139,0,0,0,0,0,0,0,0,0,0
2,1,270139,0,0,0,0,0,0,0,0,0,0
1,1,270140,0,0,0,0,0,0,0,0,0,0
2,1,270140,0,0,0,0,0,0,0,0,0,0
1,1,270141,0,0,0,0,0,0,0,0,0,0
0,1,270142,26,26,26,26,26,26,26,26,26,26
1,1,270142,0,0,18,0,0,0,0,0,0,0
0,1,270143,0,0,0,0,0,0,0,0,0,0
1,1,270143,0,0,0,0,0,0,0,0,0,0
0,1,270144,12,12,12,12,12,12,12,12,12,12
1,1,270144,19,19,19,19,19,19,19,19,19,19
1,1,270145,0,0,0,0,0,0,0,0,0,0
2,1,270145,0,0,0,0,0,0,0,0,0,0
1,1,270146,0,0,0,0,0,0,0,0,0,0
2,1,270146,0,0,0,0,0,0,0,0,0,0
1,1,270147,0,0,0,0,0,0,0,0,0,0
2,1,270147,1,1,1,1,1,1,1,1,1,1
1,1,270148,20,20,20,20,20,20,20,20,20,20
0,1,270149,0,0,0,0,0,0,0,0,0,0
0,2,270149,0,0,0,0,0,0,0,0,0,0
1,1,270149,0,0,0,0,0,0,0,0,0,0
2,1,270149,0,0,0,0,0,0,0,0,0,0
1,1,270150,22,22,22,22,22,22,22,22,22,22
1,1,270151,5,5,5,5,5,5,5,5,5,5
0,1,270152,0,0,0,0,0,0,0,0,0,0
1,1,270152,0,0,0,0,0,0,0,0,0,0
1,1,270153,0,0,0,0,0,0,0,0,0,0
1,1,270154,0,0,0,0,0,0,0,0,0,0
1,1,270155,33,33,33,33,33,33,33,33,33,33
2,1,270155,0,0,0,0,0,0,0,0,0,0
0,1,270156,0,0,0,0,0,0,0,0,0,0
1,1,270156,0,0,0,0,0,0,0,0,0,0
1,1,270157,26,26,26,26,26,26,26,26,26,26
1,1,270158,0,0,0,0,0,0,0,0,0,0
1,1,270159,0,0,0,0,0,0,0,0,0,0
2,1,270159,0,0,0,0,0,0,0,0,0,0
0,1,270160,0,0,0,0,0,0,0,0,0,0
1,1,270160,0,0,0,0,0,0,0,0,0,0
1,1,270161,20,20,20,20,20,20,20,20,20,20
2,1,270161,0,0,0,0,0,0,8,0,0,0
1,1,270163,13,13,13,13,13,13,13,13,13,13
1,1,270164,6,0,0,0,0,0,0,0,0,0
2,1,270164,0,0,0,0,0,0,0,23,0,0
1,1,270165,0,0,0,0,0,0,0,0,0,0
2,1,270165,0,0,0,0,0,0,0,0,0,0
0,1,270166,0,0,0,0,0,0,0,0,0,0
1,1,270166,0,0,0,0,0,0,0,0,0,0
1,1,270167,0,0,0,0,0,0,0,0,0,0
2,1,270167,0,0,0,0,0,0,0,0,0,4
1,1,270168,19,19,19,19,19,19,19,19,19,19
1,1,270170,15,15,15,15,15,15,15,15,15,15
1,1,270171,0,0,0,0,0,0,0,0,0,0
2,1,270171,0,0,0,0,0,0,0,0,0,0
1,1,270172,34,34,34,34,34,34,34,34,34,34
1,1,270173,0,0,0,0,0,0,0,0,0,0
1,1,270174,0,0,0,0,0,0,0,0,0,0
1,1,270175,26,26,26,26,26,26,26,26,26,26
1,1,270177,0,0,0,0,0,0,0,0,0,0
2,1,270177,0,0,0,0,0,0,0,0,0,0
1,1,270178,0,0,0,0,0,0,0,0,0,0
2,1,270178,0,0,0,0,0,0,0,0,0,0
1,1,270179,23,23,23,23,23,23,23,23,23,23
1,1,270180,21,21,21,21,21,21,21,21,21,21
1,1,270181,0,0,0,0,0,0,0,0,0,0
2,1,270181,0,0,0,0,0,0,0,0,0,0
1,1,270182,0,0,0,0,0,0,0,0,0,0
1,1,270183,0,0,0,0,0,0,0,0,0,0
2,1,270183,0,0,0,0,0,0,0,0,0,0
1,1,270184,0,0,0,0,0,0,0,0,0,0
1,1,270185,0,0,0,0,0,0,0,0,0,0
1,1,270186,0,0,0,0,0,0,0,0,0,0
2,1,270186,0,0,0,0,0,0,0,0,0,0
3,1,270186,0,0,0,0,0,0,0,0,0,0
1,1,270187,0,0,0,0,0,0,0,0,0,0
1,1,270188,18,18,18,18,18,18,18,18,18,18
1,1,270189,18,18,18,18,18,18,18,18,18,18
1,1,270190,0,0,0,0,0,0,0,0,0,0
2,1,270190,0,0,0,0,0,0,0,0,0,0
0,1,270191,28,28,28,28,28,28,28,28,28,28
1,1,270191,0,0,0,0,0,0,0,0,0,0
2,1,270191,0,0,0,0,0,0,0,0,0,0
1,1,270192,10,10,10,10,10,10,10,10,10,10
1,1,270193,0,0,0,0,0,0,0,0,0,0
2,1,270193,0,0,0,0,0,0,0,0,18,0
1,1,270194,0,0,0,0,0,0,0,0,0,0
2,1,270194,0,0,0,0,0,0,0,0,0,0
1,1,270195,27,27,27,27,27,27,27,27,27,27
1,1,270196,0,0,0,0,0,0,0,0,0,0
2,1,270196,0,0,0,0,0,0,0,0,0,0
0,1,270197,0,0,0,0,0,0,0,0,0,0
1,1,270197,0,0,0,0,0,0,0,0,0,0
1,1,270198,0,0,0,0,0,0,0,0,0,0
2,1,270198,0,0,0,0,0,0,0,0,0,0
1,1,270199,0,0,0,0,0,0,0,0,0,0
1,1,270200,23,23,23,23,23,23,23,23,23,23
1,1,270201,16,16,16,16,16,16,16,16,16,16
1,1,270202,0,0,0,0,0,0,0,0,0,0
1,1,270203,0,0,0,0,0,0,0,0,0,0
1,1,270204,2,2,2,2,2,2,2,2,2,2
1,1,270205,0,0,0,0,0,0,0,0,0,0
1,1,270206,0,0,0,0,0,0,0,0,0,0
1,1,270207,0,0,0,0,5,0,0,0,0,0
1,1,270208,0,0,0,0,0,0,0,0,0,0
1,1,270209,0,0,0,0,0,0,0,0,0,0
2,1,270209,0,0,0,0,0,0,10,0,0,0
1,1,270210,0,0,0,0,0,0,0,0,0,0
2,1,270210,0,0,0,0,0,0,0,0,0,0
0,1,270211,0,0,0,0,0,0,0,0,0,0
1,1,270211,0,0,0,0,0,0,0,0,0,0
1,1,270212,24,24,24,24,24,24,24,24,24,24
1,1,270213,0,0,0,0,0,0,0,0,0,0
1,1,270214,0,0,0,0,0,0,0,0,0,0
2,1,270214,0,0,0,0,0,0,0,0,0,0
1,1,270215,22,22,22,22,22,22,22,22,22,22
1,1,270216,0,0,0,0,0,0,0,0,0,0
2,1,270216,0,0,0,0,0,0,0,0,0,0
1,1,270217,0,0,0,0,0,0,0,0,0,0
1,1,270218,7,7,7,7,7,7,7,7,7,7
1,1,270219,14,14,14,14,14,14,14,14,14,14
1,1,270220,0,0,0,0,0,0,0,0,0,0
2,1,270220,0,0,0,0,0,0,0,0,0,0
3,1,270220,0,0,0,0,0,0,0,0,0,0
4,1,270220,0,0,0,0,0,0,0,0,0,0
1,1,270221,0,0,0,0,0,0,0,0,0,0
1,1,270222,6,6,6,6,6,6,6,6,6,6
1,1,270223,0,0,0,0,0,0,0,0,0,0
1,1,270224,0,0,0,0,0,0,0,0,0,0
2,1,270224,0,0,0,0,0,0,0,0,0,0
0,1,270225,0,0,0,0,0,0,0,0,0,0
1,1,270225,0,0,0,0,0,0,0,0,0,0
1,1,270226,0,0,0,0,0,0,0,0,0,0
1,1,270227,0,0,0,0,0,0,0,0,0,0
2,1,270227,0,0,0,0,0,0,0,0,0,0
1,1,270228,0,0,0,0,0,0,0,0,0,0
2,1,270228,0,0,0,0,0,0,0,0,0,0
1,1,270229,0,0,0,0,0,0,0,0,0,0
2,1,270229,0,0,0,0,0,0,0,0,0,0
1,1,270231,0,0,0,0,0,0,0,0,0,0
2,1,270231,20,0,0,0,0,0,0,0,0,0
1,1,270232,0,0,0,0,0,0,0,0,0,0
2,1,270232,0,0,0,0,0,0,0,0,0,0
1,1,270233,0,0,0,0,0,0,0,0,0,0
2,1,270233,0,0,0,0,0,0,0,0,0,0
3,1,270233,0,0,7,0,0,0,0,0,0,0
4,1,270233,0,0,0,0,0,0,0,0,0,0
1,1,270234,0,0,0,0,0,0,0,0,0,0
2,1,270234,0,14,0,0,0,0,0,0,0,0
0,1,270235,22,22,22,22,22,22,22,22,22,22
1,1,270235,0,0,0,16,12,3,4,0,0,0
1,1,270236,0,0,0,0,0,0,0,0,0,0
1,1,270237,2,2,2,2,2,2,2,2,2,2
2,1,270237,0,0,0,0,0,0,0,0,0,0
1,1,270238,0,0,0,0,0,0,0,0,0,0
1,1,270239,0,0,0,0,0,0,0,0,0,0
2,1,270239,26,26,26,26,26,26,26,26,26,26
1,1,270240,0,0,0,0,0,0,0,0,0,0
1,1,270241,0,0,0,0,0,0,0,0,0,0
2,1,270241,0,0,0,0,0,0,0,0,0,0
1,1,270242,0,0,0,0,0,0,0,0,0,0
2,1,270242,0,0,0,0,0,0,0,0,0,0
2,1,270243,0,0,0,0,0,0,0,0,0,0
0,1,270244,21,21,21,21,21,21,21,21,21,21
0,2,270244,15,15,15,15,15,15,15,15,15,15
2,1,270244,0,0,0,0,0,0,0,0,0,0
1,1,270245,0,0,0,0,0,0,0,0,0,0
1,1,270246,22,22,22,22,22,22,22,22,22,22
1,1,270247,14,14,14,14,14,14,14,14,14,14
1,1,270248,0,0,0,0,0,0,0,0,0,0
1,1,270249,27,27,27,27,27,27,27,27,27,27
0,1,270250,0,0,0,0,0,0,0,0,0,0
1,1,270250,0,0,0,4,0,0,0,6,0,0
1,1,270251,22,22,22,22,22,22,22,22,22,22
1,1,270252,0,0,0,0,0,0,0,0,0,0
2,1,270252,0,0,0,0,0,0,0,0,0,0
0,1,270253,9,9,9,9,9,9,9,9,9,9
1,1,270253,5,5,5,5,5,5,5,5,5,5
1,1,270254,0,0,0,0,0,0,0,0,0,0
2,1,270254,0,0,0,0,0,0,0,0,0,0
1,1,270255,21,9,0,7,21,7,12,7,12,0
1,1,270256,0,0,0,0,0,0,0,0,0,0
2,1,270256,0,0,0,0,0,0,0,0,0,0
1,1,270257,28,24,4,31,10,6,0,11,18,10
0,1,270258,0,0,0,0,0,0,0,0,0,0
1,1,270258,0,0,0,0,0,0,0,0,0,0
1,1,270259,0,0,0,0,0,0,9,0,0,0
2,1,270259,0,0,0,0,0,0,0,0,0,0
1,1,270260,0,0,0,0,0,0,0,0,0,0
2,1,270260,0,0,0,0,0,0,0,0,0,0
3,1,270260,0,0,0,0,0,0,0,0,0,0
4,1,270260,0,0,0,0,0,0,0,0,0,0
0,1,270261,0,0,0,0,0,0,0,0,0,0
1,1,270261,0,0,0,0,0,0,0,0,0,0
1,1,270262,0,0,0,0,0,0,0,0,0,0
2,1,270262,0,0,0,0,0,0,0,0,0,0
1,1,270263,0,0,6,0,0,0,0,0,12,0
1,1,270264,0,0,0,0,0,0,0,24,0,0
1,1,270265,0,0,0,0,0,0,0,0,0,0
2,1,270265,0,0,0,0,0,0,0,0,0,0
1,1,270266,0,7,0,0,0,0,0,0,0,0
2,1,270266,0,0,0,0,0,0,0,0,0,0
1,1,270267,0,0,0,0,0,0,0,0,0,0
2,1,270267,0,0,0,0,0,0,0,0,0,0
1,1,270268,0,0,0,0,0,0,0,0,0,0
2,1,270268,0,0,0,0,0,0,0,0,0,0
1,1,270269,0,0,0,0,0,0,0,0,0,0
2,1,270269,0,0,0,0,0,0,0,0,0,0
1,1,270270,0,0,0,0,0,0,0,0,0,0
0,1,270271,0,0,0,0,0,0,0,0,0,0
1,1,270271,0,0,0,0,0,0,0,0,0,0
1,1,270272,17,17,17,17,17,17,17,17,17,17
1,1,270273,14,14,14,14,14,14,14,14,14,14
1,1,270274,0,0,0,0,0,0,0,0,0,0
2,1,270274,0,0,0,0,0,0,0,0,0,0
1,1,270275,0,0,0,0,0,0,0,0,0,0
2,1,270275,0,0,0,0,0,0,0,0,0,0
1,1,270276,0,0,0,0,0,0,0,0,0,0
2,1,270276,0,0,0,0,0,0,0,0,0,0
3,1,270276,0,0,0,0,0,0,0,0,0,0
0,1,270277,19,0,0,0,0,0,0,0,0,0
1,1,270277,0,0,0,0,0,0,0,0,0,0
1,1,270278,0,0,0,0,0,0,0,0,0,0
2,1,270278,1,1,1,1,1,1,1,1,1,1
3,1,270278,0,0,0,0,0,0,0,0,0,0
1,1,270279,7,7,7,7,7,7,7,7,7,7
2,1,270279,0,0,0,0,0,0,0,0,0,0
1,1,270280,0,0,0,0,0,0,0,0,0,0
2,1,270280,0,0,0,0,0,0,0,0,0,0
1,1,270281,25,0,8,18,0,13,0,3,18,16
1,1,270283,0,0,0,0,0,0,0,0,0,0
2,1,270283,0,0,0,0,0,0,0,0,0,0
1,1,270284,0,0,0,0,0,0,0,0,0,0
2,1,270284,0,0,0,0,0,0,0,0,0,0
1,1,270285,0,0,0,0,0,0,0,0,0,0
2,1,270285,0,0,0,0,0,0,0,0,0,0
1,1,270286,27,27,27,27,27,27,27,27,27,27
2,1,270286,0,0,0,0,0,0,0,0,0,0
0,1,270287,0,0,0,0,0,0,0,0,0,0
1,1,270287,0,0,0,0,0,0,0,0,0,0
1,1,270288,9,9,9,9,9,9,9,9,9,9
0,1,270289,17,17,17,17,17,17,17,17,17,17
1,1,270289,0,0,0,0,0,0,0,0,0,0
1,1,270290,26,26,26,26,26,26,26,26,26,26
1,1,270291,0,0,0,0,0,0,0,0,0,0
2,1,270291,0,0,0,0,0,0,0,0,0,0
1,1,270292,0,0,0,0,0,0,0,0,15,0
2,1,270292,0,0,0,0,0,0,0,0,0,0
0,1,270293,0,0,0,0,0,0,0,0,0,0
1,1,270293,0,0,0,0,0,0,0,0,0,0
1,1,270294,0,0,0,0,0,0,0,2,0,0
0,1,270295,0,0,0,0,0,0,0,0,0,0
1,1,270295,0,0,0,0,0,0,0,0,0,0
1,1,270296,19,19,19,19,19,19,19,19,19,19
1,1,270297,0,0,0,0,0,0,0,0,0,22
1,1,270298,27,27,27,27,27,27,27,27,27,27
1,1,270299,0,0,0,0,0,0,0,0,0,0
1,1,270300,0,0,0,0,18,0,31,0,11,0
2,1,270300,0,0,0,0,0,0,0,0,0,0
0,1,270301,19,19,19,19,19,19,19,19,19,19
1,1,270301,0,0,0,0,0,31,0,0,0,0
1,1,270302,0,0,0,0,0,0,0,0,0,0
2,1,270302,0,0,0,0,0,0,0,0,0,0
1,1,270303,21,21,21,21,21,21,21,21,21,21
0,1,270304,0,0,0,0,0,0,0,0,0,0
1,1,270304,0,0,0,0,0,0,0,0,0,0
1,1,270305,0,0,0,0,0,0,0,0,0,0
2,1,270305,0,0,0,0,0,0,0,0,0,0
0,1,270306,0,0,0,0,0,0,0,0,0,0
1,1,270306,7,7,7,7,7,7,7,7,7,7
1,1,270307,0,0,0,0,0,0,0,0,0,0
2,1,270307,0,0,0,0,0,0,0,0,0,0
1,1,270308,8,8,8,8,8,8,8,8,8,8
1,1,270309,16,16,16,16,16,16,16,16,16,16
1,1,270310,0,0,0,0,0,0,0,0,0,0
1,1,270311,0,0,0,0,0,0,0,0,0,0
2,1,270311,0,0,0,0,0,0,0,0,0,0
0,1,270312,15,15,15,15,15,15,15,15,15,15
1,1,270312,3,3,3,3,3,3,3,3,3,3
2,1,270312,0,0,0,0,0,0,0,0,0,0
3,1,270312,0,0,0,0,0,0,0,0,7,0
1,1,270313,0,0,0,0,0,0,0,0,0,0
2,1,270313,0,0,0,0,0,0,0,0,0,0
1,1,270314,20,20,20,20,20,20,20,20,20,20
0,1,270316,0,0,0,0,5,0,0,0,0,0
1,1,270316,0,0,0,0,0,0,0,0,0,0
0,1,270318,0,0,0,0,0,0,0,0,0,0
1,1,270318,0,0,0,0,0,0,0,0,0,0
1,1,270319,0,0,0,0,0,0,0,0,0,0
2,1,270319,0,0,0,0,0,0,0,0,0,0
1,1,270320,0,0,0,0,0,0,0,0,0,0
2,1,270320,0,0,0,0,0,0,0,0,0,0
1,1,270321,0,0,0,0,0,0,0,0,0,0
2,1,270321,0,0,0,0,0,0,0,0,0,0
1,1,270322,0,0,0,0,0,0,0,0,0,0
1,1,270323,0,0,0,0,0,0,0,0,0,0
1,1,270324,0,0,0,0,0,0,0,0,0,0
1,1,270325,0,0,0,0,0,0,0,0,0,0
2,1,270325,0,0,0,0,0,0,0,0,0,0
1,1,270326,0,0,0,0,0,0,0,0,0,0
0,1,270327,0,0,0,0,15,0,0,0,0,0
1,1,270327,0,0,0,0,0,0,0,0,0,0
1,1,270329,10,10,10,10,10,10,10,10,10,10
1,1,270330,27,27,27,27,27,27,27,27,27,27
2,1,270330,0,0,0,0,0,0,0,0,0,0
1,1,270331,0,0,0,0,0,0,0,0,0,0
2,1,270331,0,0,0,0,0,0,0,0,0,0
1,1,270332,1,1,1,1,1,1,1,1,1,1
0,1,270333,0,0,0,0,0,0,0,0,0,0
1,1,270333,0,0,0,0,0,0,0,0,0,0
1,1,270334,20,20,20,20,20,20,20,20,20,20
1,1,270335,0,0,0,0,0,0,0,0,0,0
1,1,270336,0,0,0,0,0,0,0,0,0,0
2,1,270336,0,0,0,0,0,0,0,0,0,0
1,1,270337,38,31,0,12,0,29,0,0,0,0
1,1,270338,0,0,0,0,0,0,0,0,0,0
1,1,270339,0,0,0,0,0,0,0,0,0,0
2,1,270339,0,0,0,0,0,0,0,0,0,0
1,1,270340,8,8,8,8,8,8,8,8,8,8
1,1,270341,0,0,0,0,0,0,0,0,0,0
2,1,270341,0,0,0,0,0,0,0,0,0,0
0,1,270342,0,0,0,0,0,0,0,0,0,0
1,1,270342,0,0,0,0,0,0,0,0,0,0
1,1,270343,0,0,0,0,0,0,0,0,0,0
2,1,270343,0,0,0,0,0,0,0,0,0,0
3,1,270343,0,0,0,0,0,0,0,0,0,0
4,1,270343,0,0,0,0,0,0,0,0,0,0
5,1,270343,0,0,0,0,0,0,0,0,0,0
6,1,270343,0,0,0,0,0,0,0,0,0,0
7,1,270343,0,0,2,0,0,0,0,0,0,0
1,1,270344,0,0,0,0,0,0,0,0,0,0
2,1,270344,5,5,5,5,5,5,5,5,5,5
1,1,270345,20,20,20,20,20,20,20,20,20,20
2,1,270345,0,0,0,0,0,0,0,0,0,0
1,1,270346,0,0,0,0,0,0,0,0,0,0
1,1,270347,0,0,0,0,0,0,0,0,0,0
2,1,270347,0,0,0,0,0,0,0,0,0,0
1,1,270348,0,0,0,0,0,0,0,0,0,0
2,1,270348,0,0,0,0,0,0,0,0,0,0
0,1,270349,0,0,0,0,0,0,0,0,0,0
0,2,270349,0,30,0,0,0,29,0,10,15,0
2,1,270349,0,0,0,0,0,0,0,0,0,0
0,1,270350,0,0,0,0,0,0,0,0,0,0
1,1,270350,0,0,0,0,0,0,0,0,0,0
1,1,270351,0,0,0,0,0,0,0,0,0,0
2,1,270351,0,0,0,0,0,0,0,0,0,0
0,1,270352,20,20,20,20,20,20,20,20,20,20
1,1,270352,0,0,0,0,0,0,0,0,0,0
1,1,270353,15,15,15,15,15,15,15,15,15,15
2,1,270353,0,0,0,0,0,0,0,0,0,0
1,1,270354,0,0,0,0,0,0,0,0,0,0
2,1,270354,0,0,0,0,0,0,0,0,0,0
1,1,270355,0,0,0,0,0,0,0,0,0,0
1,1,270357,0,0,0,0,0,0,0,0,0,0
2,1,270357,0,0,0,0,0,0,0,0,0,0
1,1,270358,0,0,0,0,0,0,0,0,0,0
2,1,270358,17,17,17,17,17,17,17,17,17,17
0,1,270359,20,20,20,20,20,20,20,20,20,20
1,1,270359,0,0,0,0,0,0,0,0,0,0
2,1,270359,0,0,0,0,0,0,0,0,0,0
3,1,270359,0,0,12,0,0,0,0,0,0,0
4,1,270359,0,0,0,0,0,0,0,0,0,0
1,1,270360,0,0,0,0,0,0,0,0,0,0
2,1,270360,0,0,0,0,0,0,0,0,0,0
1,1,270361,0,0,0,0,0,0,0,0,0,0
1,1,270362,0,0,0,14,0,0,0,0,0,0
1,1,270363,0,0,0,0,0,0,0,0,0,0
2,1,270363,0,0,0,0,0,0,0,0,0,0
3,1,270363,0,0,0,0,0,0,0,0,0,0
1,1,270364,5,0,0,0,0,0,0,0,0,0
1,1,270365,0,0,0,0,0,0,0,0,0,0
2,1,270365,0,0,0,0,0,0,0,0,0,0
1,1,270366,0,0,0,0,0,0,0,0,0,0
2,1,270366,0,0,0,0,0,0,0,0,0,0
1,1,270367,32,32,32,32,32,32,32,32,32,32
0,1,270368,0,0,0,0,0,0,0,0,0,0
1,1,270368,0,0,0,0,0,0,0,0,0,0
1,1,270369,0,0,0,0,0,0,0,0,0,0
2,1,270369,0,0,0,0,0,0,0,0,0,0
1,1,270370,4,4,4,4,4,4,4,4,4,4
2,1,270370,0,0,0,0,0,0,0,0,0,0
1,1,270371,12,12,12,12,12,12,12,12,12,12
1,1,270372,0,0,0,0,0,0,0,0,0,0
1,1,270373,0,0,0,0,0,0,0,0,0,0
2,1,270373,0,0,0,0,0,0,0,0,0,0
0,1,270374,0,0,0,0,0,0,0,0,0,0
1,1,270374,0,0,0,0,0,0,0,0,0,0
1,1,270375,18,18,18,18,18,18,18,18,18,18
1,1,270376,0,0,0,0,0,0,0,0,0,0
2,1,270376,0,0,0,0,0,0,0,0,0,0
0,1,270377,0,0,0,0,0,0,0,0,0,0
1,1,270377,0,0,0,0,0,0,0,0,0,0
1,1,270378,0,0,0,0,0,0,0,0,0,0
2,1,270378,0,0,0,0,0,0,0,0,0,0
1,1,270379,0,0,0,0,0,0,0,0,0,0
1,1,270380,27,27,27,27,27,27,27,27,27,27
1,1,270381,14,14,14,14,14,14,14,14,14,14
1,1,270382,31,31,31,31,31,31,31,31,31,31
1,1,270383,0,0,0,0,0,0,0,0,0,0
0,1,270384,20,20,20,20,20,20,20,20,20,20
1,1,270384,18,18,18,18,18,18,18,18,18,18
1,1,270385,8,8,8,8,8,8,8,8,8,8
1,1,270386,24,12,22,12,17,13,22,17,12,26
1,1,280001,8,8,8,8,8,8,8,8,8,8
1,1,280002,0,0,0,0,0,0,0,0,0,0