VEH_NO,PER_NO,ST_CASE,P1,P2,P3,P4,P5,P6,P7,P8,P9,P10
1,1,360777,0,0,0,0,0,0,0,0,0,0
2,1,360777,10,22,11,17,16,7,11,4,17,15
3,1,360777,0,0,0,0,0,0,0,0,0,7
1,1,360778,0,0,0,0,0,0,0,0,0,0
2,1,360778,0,0,0,0,0,0,0,0,0,0
1,1,360779,0,0,0,0,19,0,0,0,0,0
2,1,360779,0,0,0,0,0,0,0,0,0,0
0,1,360780,0,0,0,0,0,0,0,0,0,0
1,1,360780,0,0,0,0,0,0,0,0,0,0
1,1,360781,0,0,0,0,0,0,0,0,0,0
1,1,360782,16,16,16,16,16,16,16,16,16,16
1,1,360783,22,22,22,22,22,22,22,22,22,22
0,1,360784,24,24,24,24,24,24,24,24,24,24
1,1,360784,0,0,11,0,0,21,0,0,0,0
0,1,360785,31,31,31,31,31,31,31,31,31,31
1,1,360785,0,0,0,0,0,0,0,0,0,0
1,1,360786,26,26,26,26,26,26,26,26,26,26
1,1,360787,0,0,0,0,0,0,0,0,0,0
2,1,360787,0,0,0,0,0,0,0,0,0,0
1,1,360788,0,0,0,0,0,0,0,0,0,0
2,1,360788,0,0,0,0,0,0,0,0,0,0
1,1,360789,0,0,0,0,0,0,0,0,0,0
2,1,360789,0,0,0,0,0,0,0,0,0,0
3,1,360789,0,0,0,0,0,0,0,0,7,0
0,1,360790,0,0,0,0,0,0,0,0,0,0
1,1,360790,0,0,0,0,0,0,0,0,16,0
1,1,360791,0,0,0,0,0,0,0,0,0,0
1,1,360792,19,19,19,19,19,19,19,19,19,19
0,1,360793,0,0,0,0,0,0,0,0,0,0
1,1,360793,37,12,26,22,3,0,14,0,0,20
1,1,360794,30,30,30,30,30,30,30,30,30,30
1,1,360796,0,0,0,0,0,13,0,9,0,0
2,1,360796,0,0,0,0,0,0,0,0,0,0
0,1,360797,0,0,0,0,0,0,0,0,0,0
1,1,360797,3,0,10,0,0,15,0,7,9,0
0,1,360798,0,0,0,0,0,0,0,0,0,0
1,1,360798,11,0,4,0,0,4,19,0,0,0
0,1,360799,7,7,7,7,7,7,7,7,7,7
1,1,360799,12,16,11,15,0,13,11,29,7,11
0,1,360800,0,0,0,0,0,0,0,0,0,0
1,1,360800,0,0,0,0,0,0,0,0,0,0
1,1,360801,0,0,0,0,0,0,15,0,0,0
2,1,360801,13,13,13,13,13,13,13,13,13,13
1,1,360802,0,0,0,0,0,0,0,0,0,0
2,1,360802,0,0,0,0,0,0,0,0,0,0
1,1,360803,0,0,0,0,0,0,0,0,0,8
2,1,360803,0,0,0,0,0,0,0,0,0,0
1,1,360804,0,0,0,0,0,0,0,0,0,0
2,1,360804,0,0,0,0,0,0,0,0,0,0
1,1,360805,0,0,0,0,0,0,0,0,0,0
2,1,360805,0,0,0,0,0,0,0,0,0,0
1,1,360806,0,0,0,0,0,0,0,0,0,0
2,1,360806,0,0,0,0,0,0,0,0,0,0
1,1,360807,19,19,19,19,19,19,19,19,19,19
2,1,360807,0,0,0,0,0,0,10,0,0,0
1,1,360808,0,0,0,0,17,0,0,0,0,0
2,1,360808,0,0,0,0,0,0,0,0,0,0
1,1,360809,0,0,0,0,0,0,0,0,0,0
2,1,360809,0,0,0,0,8,0,0,0,0,17
1,1,360810,0,0,0,0,0,0,0,0,0,0
2,1,360810,0,0,0,0,0,0,0,0,0,0
1,1,360811,18,18,18,18,18,18,18,18,18,18
1,1,360812,6,6,6,6,6,6,6,6,6,6
1,1,360813,0,0,0,0,9,0,0,0,0,0
0,1,360814,0,0,0,0,0,0,0,0,0,0
1,1,360814,0,0,0,0,0,0,15,0,0,0
0,1,360815,0,0,0,0,0,0,0,0,0,0
1,1,360815,0,10,0,0,12,0,0,11,0,0
1,1,360816,0,0,0,0,0,0,0,0,0,0
2,1,360816,0,0,0,0,0,0,0,0,0,0
1,1,360817,0,0,0,0,0,0,0,0,0,0
2,1,360817,0,0,0,0,0,0,0,0,0,0
1,1,360818,19,16,14,18,9,4,14,7,17,16
1,1,360819,0,0,0,0,0,0,0,0,0,0
2,1,360819,0,0,0,0,0,0,0,0,0,0
1,1,360820,0,0,0,0,24,0,13,0,0,0
1,1,360821,0,0,0,0,0,0,0,0,0,0
2,1,360821,0,0,0,0,0,12,0,0,0,0
1,1,360822,0,0,0,0,0,0,0,0,0,0
0,1,360823,0,0,0,0,0,0,0,0,0,0
1,1,360823,0,0,0,0,0,0,0,0,0,0
1,1,360824,0,0,0,0,0,0,0,0,0,0
1,1,360825,16,16,16,16,16,16,16,16,16,16
1,1,360826,22,22,22,22,22,22,22,22,22,22
0,1,360827,26,26,26,26,26,26,26,26,26,26
1,1,360827,0,0,0,0,0,0,0,0,0,0
1,1,360828,0,0,0,0,0,0,0,0,0,0
2,1,360828,0,0,4,0,6,0,0,0,0,0
1,1,360829,22,14,18,0,0,0,14,15,15,30
1,1,360830,0,0,0,0,0,0,0,0,0,0
2,1,360830,11,0,0,0,0,0,0,0,0,0
1,1,360831,0,3,0,0,0,0,7,0,0,0
2,1,360831,0,0,0,0,0,0,0,0,0,0
3,1,360831,0,19,0,19,0,0,0,0,0,3
1,1,360832,7,7,7,7,7,7,7,7,7,7
1,1,360833,12,12,12,12,12,12,12,12,12,12
0,1,360834,5,5,5,5,5,5,5,5,5,5
1,1,360834,0,0,0,0,0,0,0,0,0,0
1,1,360835,0,0,0,0,0,0,0,0,0,0
2,1,360835,0,0,0,0,0,0,0,0,0,0
0,1,360836,29,29,29,29,29,29,29,29,29,29
1,1,360836,0,0,0,0,0,8,0,0,0,14
2,1,360836,0,0,4,0,0,0,0,0,9,18
3,1,360836,0,0,9,9,6,0,14,0,0,0
0,1,360837,0,0,0,0,0,0,0,0,0,0
1,1,360837,0,0,0,0,0,0,0,9,0,0
0,1,360838,0,0,0,0,0,0,0,0,0,0
1,1,360838,0,0,8,0,0,0,0,11,0,0
1,1,360839,0,0,0,0,0,0,0,0,0,0
2,1,360839,0,0,0,0,0,0,0,0,0,0
0,1,360840,0,0,0,0,0,0,0,0,0,0
1,1,360840,0,0,0,0,0,0,0,0,0,9
0,1,360841,10,10,10,10,10,10,10,10,10,10
1,1,360841,0,16,3,0,0,0,0,0,0,11
1,1,360842,0,0,0,0,0,0,0,0,0,0
1,1,360843,10,0,14,0,5,6,7,0,0,6
0,1,360844,20,20,20,20,20,20,20,20,20,20
1,1,360844,0,0,12,12,0,5,28,0,0,3
0,1,360845,0,0,0,0,0,0,0,0,0,0
1,1,360845,0,0,0,0,0,0,0,0,0,0
0,1,360846,9,9,9,9,9,9,9,9,9,9
1,1,360846,0,0,13,0,0,0,0,21,3,0
1,1,360847,0,0,0,0,0,0,0,0,0,0
2,1,360847,0,0,0,0,0,0,0,0,0,0
1,1,360848,7,18,17,0,0,12,5,8,0,20
1,1,360849,10,10,10,10,10,10,10,10,10,10
1,1,360850,0,0,0,0,0,0,0,0,0,0
2,1,360850,0,0,0,0,0,0,0,0,0,0
0,1,360851,28,28,28,28,28,28,28,28,28,28
1,1,360851,0,0,0,0,0,0,0,0,0,0
0,1,360852,30,30,30,30,30,30,30,30,30,30
1,1,360852,7,13,4,11,0,17,14,21,14,8
1,1,360853,0,0,0,0,0,0,0,0,0,0
1,1,360854,0,0,0,0,0,0,0,0,0,0
1,1,360855,14,14,14,14,14,14,14,14,14,14
0,1,360856,0,25,0,0,0,0,0,0,19,0
1,1,360856,0,0,0,0,0,0,0,0,0,0
1,1,360857,0,0,0,0,0,0,0,0,0,0
2,1,360857,0,0,0,0,0,0,0,0,0,34
1,1,360858,0,0,0,0,0,0,0,0,0,0
2,1,360858,3,0,0,0,0,0,0,0,0,0
0,1,360859,6,6,6,6,6,6,6,6,6,6
0,2,360859,0,12,8,0,0,0,3,0,0,14
0,3,360859,0,10,13,5,20,0,0,18,15,0
0,4,360859,0,0,0,0,0,0,0,0,0,0
0,5,360859,0,12,0,0,0,0,0,18,0,0
1,1,360859,15,19,8,17,30,11,17,13,17,4
1,1,360860,0,0,0,0,0,0,0,0,0,0
2,1,360860,0,0,0,0,0,0,0,0,0,0
1,1,360861,0,0,0,0,0,0,0,0,0,0
2,1,360861,0,0,0,0,0,0,0,0,0,0
1,1,360862,0,0,0,0,0,0,0,0,0,0
2,1,360862,0,0,0,0,0,0,0,0,0,0
1,1,360863,0,0,0,0,0,0,0,0,0,0
2,1,360863,0,0,0,0,0,0,0,0,0,0
0,1,360864,0,0,0,0,0,0,0,0,0,0
1,1,360864,0,0,11,0,0,0,2,0,2,4
1,1,360865,0,0,0,0,0,0,0,0,0,0
2,1,360865,0,0,0,0,0,0,0,0,0,0
1,1,360866,0,0,0,0,0,0,0,0,0,0
1,1,360867,0,0,0,21,5,0,0,0,0,0
1,1,360868,0,0,0,0,0,0,0,0,0,0
2,1,360868,0,0,0,0,0,5,0,0,0,0
1,1,360869,0,0,0,0,0,0,0,0,0,0
2,1,360869,0,0,0,0,0,0,0,0,0,0
3,1,360869,0,0,0,0,0,0,0,0,0,0
1,1,360870,20,13,0,22,9,6,0,5,5,0
2,1,360870,0,0,0,0,0,0,0,0,0,0
3,1,360870,0,0,0,0,17,0,0,0,0,0
4,1,360870,0,0,0,0,0,0,0,0,0,0
1,1,360871,9,37,5,0,23,8,0,11,12,0
1,1,360872,18,18,18,18,18,18,18,18,18,18
1,1,360873,4,0,0,0,0,0,15,0,0,0
2,1,360873,0,0,0,0,0,0,0,0,0,0
1,1,360874,0,0,0,0,0,0,0,0,0,0
1,1,360875,0,0,0,0,0,0,0,0,0,0
0,1,360876,0,0,0,0,0,0,0,0,0,0
1,1,360876,0,0,0,0,0,0,0,0,0,0
0,1,360877,0,0,0,0,0,0,0,0,0,0
1,1,360877,17,0,0,0,0,18,0,0,0,0
1,1,360878,0,0,0,0,0,0,0,0,0,0
1,1,360879,22,22,22,22,22,22,22,22,22,22
0,1,360880,22,10,0,0,0,0,0,0,0,0
1,1,360880,0,0,0,0,24,0,20,9,0,0
1,1,360881,17,17,17,17,17,17,17,17,17,17
0,1,360882,0,0,0,0,0,0,0,0,0,0
1,1,360882,0,0,0,0,0,0,0,0,0,0
1,1,360883,0,0,0,0,0,0,0,0,0,0
2,1,360883,0,0,0,0,0,0,0,0,0,0
0,1,360884,0,0,0,0,0,0,0,0,0,0
1,1,360884,0,0,0,0,0,0,9,0,0,0
0,1,360885,0,0,0,0,0,0,0,0,0,0
1,1,360885,16,0,0,0,15,0,0,0,0,0
1,1,360886,9,9,9,9,9,9,9,9,9,9
0,1,360887,0,0,0,0,0,0,0,0,0,0
1,1,360887,0,0,0,0,0,0,20,0,0,0
1,1,360888,0,0,0,0,0,0,0,0,0,0
2,1,360888,0,0,10,0,0,0,0,0,0,0
0,1,360889,0,0,0,0,0,0,0,0,0,0
1,1,360889,17,0,0,0,0,0,0,0,0,0
0,1,360890,22,22,22,22,22,22,22,22,22,22
1,1,360890,22,24,12,0,6,18,28,16,27,13
0,1,360891,0,0,0,0,0,0,0,0,0,0
0,2,360891,0,0,0,0,0,0,0,0,0,0
0,3,360891,0,0,0,0,0,0,0,0,0,0
1,1,360891,4,0,21,0,0,0,0,0,0,0
1,1,360892,0,0,0,0,0,0,0,0,0,0
2,1,360892,0,0,0,0,0,0,0,0,0,0
1,1,360893,0,0,0,0,0,0,0,0,0,0
2,1,360893,21,0,0,0,0,0,0,0,24,0
3,1,360893,0,0,0,0,0,0,0,0,0,0
1,1,360894,0,0,0,0,0,0,0,0,0,0
2,1,360894,0,14,0,0,0,0,0,0,0,0
0,1,360895,0,0,0,0,0,0,0,0,0,0
1,1,360895,0,0,0,0,0,0,0,0,12,0
0,1,360897,0,0,0,0,0,0,0,0,0,0
1,1,360897,0,0,0,0,0,0,0,0,0,0
2,1,360897,0,0,0,0,0,0,0,0,0,0
1,1,360898,5,6,11,10,28,15,29,0,0,0
0,1,360899,0,0,0,0,0,0,0,0,0,0
1,1,360899,0,20,19,17,0,0,0,18,0,0
0,1,360900,19,19,19,19,19,19,19,19,19,19
1,1,360900,0,0,0,0,15,0,0,0,0,0
2,1,360900,0,6,0,0,19,0,0,0,0,0
3,1,360900,0,0,0,0,0,0,0,0,0,0
1,1,360901,0,0,0,0,0,0,0,0,0,0
0,1,360902,0,0,0,0,0,0,0,0,0,0
1,1,360902,0,12,11,0,14,0,0,0,0,0
0,1,360903,0,0,0,0,0,0,0,0,0,0
1,1,360903,0,0,0,0,0,0,0,0,0,8
1,1,360904,21,21,21,21,21,21,21,21,21,21
0,1,360905,6,0,0,0,0,0,0,0,0,0
0,2,360905,0,0,5,0,0,0,10,0,0,0
1,1,360905,0,0,0,0,0,0,0,0,0,0
1,1,360906,11,12,17,8,2,24,20,18,29,2
0,1,360907,0,0,0,0,0,0,0,0,0,0
1,1,360907,0,0,0,0,0,0,0,0,0,17
0,1,360908,0,0,0,0,0,0,0,0,0,0
1,1,360908,0,0,0,0,0,0,0,0,5,0
1,1,360909,0,0,0,0,0,0,0,0,0,0
1,1,360910,0,0,0,0,0,0,0,0,0,0
2,1,360910,0,0,0,0,0,0,0,0,0,7
0,1,360911,0,0,0,0,0,0,0,0,0,0
1,1,360911,15,0,11,0,14,4,9,19,0,6
0,1,360912,0,0,0,0,0,0,0,0,0,0
1,1,360912,0,0,0,0,0,12,0,0,0,0
1,1,360913,0,0,0,0,0,0,0,0,0,0
1,1,360914,0,0,0,0,7,0,0,0,0,0
2,1,360914,0,0,0,0,0,0,0,0,0,0
0,1,360915,0,0,0,0,0,0,0,0,0,0
1,1,360915,10,10,10,10,10,10,10,10,10,10
1,1,360916,5,5,5,5,5,5,5,5,5,5
1,1,360917,0,0,0,0,0,0,0,0,0,0
2,1,360917,0,0,0,0,0,0,0,0,0,0
1,1,360918,0,0,0,0,0,0,0,0,0,0
2,1,360918,0,0,0,0,0,0,0,0,12,0
1,1,360919,0,0,0,23,0,0,0,0,0,0
2,1,360919,0,0,0,0,0,0,0,0,0,0
1,1,360920,0,0,0,0,0,0,0,0,0,0
1,1,360921,18,0,0,0,17,0,0,0,22,12
0,1,360922,14,14,14,14,14,14,14,14,14,14
1,1,360922,0,0,0,0,0,0,0,0,0,0
0,1,360923,0,0,0,0,0,0,0,0,0,0
1,1,360923,0,0,0,0,0,0,0,0,0,0
0,1,360924,0,0,0,0,0,0,0,0,0,0
1,1,360924,0,0,0,0,0,15,0,5,0,0
1,1,360925,0,0,0,0,0,0,0,0,0,0
2,1,360925,0,0,0,0,0,0,0,8,0,0
0,1,360926,0,0,0,0,0,0,0,0,0,0
1,1,360926,0,0,0,0,0,0,0,0,0,0
1,1,360927,0,0,18,0,0,0,0,0,0,0
1,1,360928,8,0,17,0,22,11,0,14,0,21
1,1,360929,19,7,16,18,27,28,22,29,12,25
1,1,360930,17,14,15,13,8,21,21,0,16,7
1,1,360931,8,8,8,8,8,8,8,8,8,8
1,1,360932,0,0,0,0,0,0,0,0,0,17
2,1,360932,0,10,0,0,0,0,0,0,0,0
0,1,360933,2,2,2,2,2,2,2,2,2,2
1,1,360933,0,0,0,4,0,0,0,0,0,0
1,1,360934,0,0,0,0,0,0,0,0,0,0
2,1,360934,0,0,0,0,0,0,0,0,0,0
0,1,360935,0,0,0,0,0,0,0,0,0,0
1,1,360935,0,0,0,0,0,0,0,0,0,0
1,1,360936,0,13,0,0,0,0,0,0,0,0
2,1,360936,0,0,0,0,0,0,0,13,0,0
1,1,360937,0,0,6,0,0,0,0,0,0,0
0,1,360938,0,0,0,0,0,0,0,0,0,0
1,1,360938,0,0,0,0,0,0,0,0,0,0
1,1,360939,8,8,8,8,8,8,8,8,8,8
2,1,360939,0,0,0,0,0,0,0,0,0,0
1,1,360940,0,22,0,0,0,22,0,0,33,21
2,1,360940,0,24,0,0,0,0,0,0,0,0
1,1,360941,0,0,22,0,0,11,0,0,0,0
1,1,360942,0,0,0,0,0,0,0,0,0,0
2,1,360942,0,0,0,0,0,0,20,0,0,0
1,1,360943,0,0,0,0,0,0,0,0,0,0
2,1,360943,0,0,0,0,0,9,0,0,0,0
1,1,360944,0,0,0,0,0,0,0,0,0,0
2,1,360944,0,0,0,0,0,0,0,0,0,0
1,1,360945,27,27,27,27,27,27,27,27,27,27
2,1,360945,25,0,0,0,0,0,10,13,0,0
3,1,360945,10,0,24,0,0,0,0,19,0,0
4,1,360945,22,0,0,0,0,7,0,17,0,18
1,1,360946,0,0,0,0,0,0,4,0,0,0
2,1,360946,0,0,0,0,0,0,0,0,0,0
0,1,360947,0,0,0,0,0,0,0,0,0,0
1,1,360947,3,0,0,0,0,0,0,0,0,0
2,1,360947,0,0,0,0,0,0,0,0,0,0
1,1,360948,0,0,0,0,0,0,0,0,0,0
1,1,360949,0,0,0,0,0,0,0,0,0,0
1,1,360950,0,0,0,0,0,0,0,0,0,0
2,1,360950,0,0,0,0,0,0,0,0,0,0
0,1,360951,29,29,29,29,29,29,29,29,29,29
1,1,360951,0,0,0,0,0,0,0,12,0,0
2,1,360951,0,0,0,0,0,11,0,18,0,0
1,1,360952,15,13,9,23,18,21,6,17,20,13
0,1,360953,9,9,9,9,9,9,9,9,9,9
1,1,360953,1,1,1,1,1,1,1,1,1,1
0,1,360954,0,0,0,0,0,0,0,0,0,0
1,1,360954,0,0,0,0,0,0,0,0,0,0
1,1,360955,0,0,0,0,0,0,0,0,0,0
1,1,360956,0,0,0,0,0,0,0,0,0,0
2,1,360956,0,0,0,0,0,0,0,0,0,2
1,1,360957,11,11,11,11,11,11,11,11,11,11
1,1,360958,0,0,0,0,0,0,0,0,0,0
0,1,360959,0,0,0,0,0,0,0,0,0,0
1,1,360959,0,0,0,0,0,0,0,0,16,0
0,1,360960,0,0,0,0,0,0,0,0,0,0
1,1,360960,0,0,0,16,0,4,0,0,0,0
2,1,360961,29,29,29,29,29,29,29,29,29,29
1,1,360962,0,0,0,0,0,0,0,0,0,0
2,1,360962,12,5,0,0,0,0,0,0,0,0
1,1,360963,0,0,0,0,0,0,0,0,0,0
1,1,360964,0,0,0,0,0,0,0,0,0,0
2,1,360964,0,0,0,0,0,0,0,0,0,0
0,1,360965,0,0,0,0,0,0,0,0,0,0
1,1,360965,0,0,0,0,0,0,0,0,0,0
0,1,360966,19,19,19,19,19,19,19,19,19,19
1,1,360966,7,0,3,8,6,5,0,7,8,11
0,1,360967,0,0,0,0,0,0,0,0,0,0
1,1,360967,0,0,0,0,0,0,0,0,8,0
1,1,360968,16,16,16,16,16,16,16,16,16,16
0,1,360969,0,0,0,0,0,0,0,0,0,0
1,1,360969,0,0,0,0,0,0,0,0,11,0
0,1,360970,0,0,0,0,0,0,0,0,0,0
1,1,360970,0,0,0,0,0,0,0,0,0,0
0,1,360971,0,0,0,0,0,0,0,0,0,0
1,1,360971,0,0,0,0,4,0,0,0,0,0
1,1,360972,0,0,25,14,0,9,0,0,0,0
2,1,360972,0,13,0,0,0,0,0,0,4,0
1,1,360973,0,0,0,0,0,0,0,0,0,0
1,1,360974,5,0,0,3,0,21,0,9,6,0
2,1,360974,0,0,0,0,0,0,0,0,0,0
1,1,360975,0,0,0,0,0,0,0,0,0,0
2,1,360975,0,0,0,0,0,0,0,0,0,0
3,1,360975,0,0,0,0,0,0,0,0,0,0
1,1,360976,0,0,0,0,0,0,0,0,0,0
1,1,360977,11,11,11,11,11,11,11,11,11,11
0,1,360978,0,0,0,0,0,0,0,0,0,0
1,1,360978,0,0,0,0,0,0,0,0,0,0
0,1,360979,0,0,0,0,0,0,0,0,0,0
1,1,360979,0,0,0,0,0,0,0,0,0,0
0,1,360980,0,0,0,0,0,0,0,0,0,0
1,1,360980,0,0,0,0,7,10,4,18,7,0
1,1,360981,0,0,17,0,17,0,0,0,0,0
2,1,360981,0,0,0,0,0,0,0,0,0,0
1,1,360982,0,0,0,0,0,0,0,0,0,0
2,1,360982,0,0,0,0,0,0,0,0,0,0
1,1,360983,10,0,0,0,0,0,0,0,0,0
2,1,360983,0,5,0,0,0,0,0,0,0,0
1,1,360984,18,18,18,18,18,18,18,18,18,18
0,1,360985,29,29,29,29,29,29,29,29,29,29
1,1,360985,29,29,29,29,29,29,29,29,29,29
1,1,360986,12,8,0,0,0,0,0,0,0,15
2,1,360986,0,0,0,0,0,0,0,0,0,0
3,1,360986,14,0,0,0,0,6,0,0,0,0
0,1,360987,0,0,0,0,0,0,0,0,0,0
1,1,360987,19,17,26,8,24,14,15,21,13,16
1,1,360988,0,0,0,0,0,0,10,0,0,0
2,1,360988,22,0,18,18,27,11,29,10,36,12
0,1,360989,0,0,0,0,0,0,16,0,0,0
1,1,360989,0,0,0,0,0,0,0,0,0,0
1,1,360990,31,12,14,11,10,36,10,34,20,21
2,1,360990,26,10,27,0,19,14,16,11,9,10
0,1,360991,0,0,0,0,0,0,0,0,0,0
0,2,360991,0,0,0,0,0,24,0,0,21,14
1,1,360991,0,0,0,15,0,0,0,0,0,0
0,1,360992,0,0,0,0,0,0,0,0,0,0
1,1,360992,0,0,0,0,0,0,0,0,0,1
0,1,360993,0,0,0,0,0,0,0,0,0,0
1,1,360993,0,0,0,0,0,0,0,0,0,0
1,1,360994,0,0,0,0,0,0,0,0,0,0
0,1,360995,0,0,0,0,0,0,0,0,0,0
1,1,360995,0,11,0,0,10,0,0,0,0,0
1,1,360996,0,0,0,0,0,0,0,0,0,0
2,1,360996,10,5,13,14,6,20,9,0,13,11
1,1,360997,0,0,0,0,0,0,12,0,0,0
2,1,360997,0,0,0,0,0,0,0,0,0,0
0,1,360998,35,35,35,35,35,35,35,35,35,35
1,1,360998,0,0,0,0,16,0,21,12,7,0
2,1,360998,0,0,0,0,0,0,0,0,0,0
1,1,360999,0,0,0,0,0,0,0,0,0,0
2,1,360999,0,0,0,0,0,0,4,0,0,0
1,1,361000,0,0,0,11,0,0,0,0,0,0
2,1,361000,0,0,0,0,0,0,0,0,0,0
0,1,361001,0,0,0,0,0,0,0,0,0,0
1,1,361001,0,0,0,0,0,0,0,0,0,0
2,1,361001,0,0,0,0,0,0,0,0,0,0
1,1,361002,0,13,16,0,0,0,0,0,20,0
1,1,361003,0,0,0,0,0,0,0,0,0,16
2,1,361003,0,0,0,0,0,0,0,0,0,0
1,1,361004,0,0,0,0,0,0,0,0,0,0
0,1,361005,0,0,0,0,0,0,0,0,0,0
1,1,361005,0,0,0,0,0,0,0,0,0,0
0,1,361006,0,0,0,0,0,0,0,0,0,0
1,1,361006,0,0,0,0,0,0,0,0,0,0
1,1,361007,0,0,0,0,0,0,0,0,0,0
2,1,361007,0,0,0,0,0,0,0,0,0,0
0,1,361008,0,0,0,0,0,0,0,0,0,0
1,1,361008,0,0,0,0,0,0,0,0,0,0
1,1,361009,0,0,0,0,0,0,7,0,0,0
2,1,361009,0,0,0,0,0,0,0,0,0,0
1,1,361010,0,0,0,0,0,0,0,0,0,0
1,1,361011,13,24,11,21,25,19,15,6,4,4
2,1,361011,0,0,0,0,0,0,0,0,0,0
1,1,361012,0,0,0,0,0,0,0,0,0,0
0,1,361013,0,0,0,0,0,0,0,0,0,0
1,1,361013,0,14,0,0,0,0,0,0,0,0
0,1,361014,0,0,0,0,0,0,0,0,0,0
1,1,361014,0,0,14,32,0,0,0,0,0,0
1,1,361015,0,0,0,0,0,0,0,0,0,0
2,1,361015,0,0,0,0,0,0,0,0,16,0
1,1,361016,0,0,0,0,0,0,0,0,0,0
2,1,361016,0,0,0,0,0,0,0,0,0,11
0,1,361017,0,0,0,0,0,0,0,0,0,0
1,1,361017,0,0,0,0,0,0,0,0,0,0
1,1,361018,0,0,0,0,0,0,0,0,0,0
2,1,361018,0,0,0,0,0,0,0,0,0,25
1,1,361019,5,15,10,24,7,6,11,11,23,11
0,1,361020,0,0,0,0,0,0,0,0,0,0
1,1,361020,0,0,0,0,0,0,0,3,0,0
0,1,361021,0,0,0,0,0,0,0,0,0,0
1,1,361021,0,0,0,0,0,0,0,0,0,0
0,1,361022,0,0,0,0,0,0,0,0,0,0
0,2,361022,0,0,0,0,0,0,0,0,0,0
1,1,361022,0,9,0,0,0,0,0,2,0,0
1,1,361023,0,0,2,24,0,0,0,0,0,0
0,1,361024,12,12,12,12,12,12,12,12,12,12
1,1,361024,0,0,0,0,0,0,0,0,0,0
1,1,361025,0,0,19,11,20,13,25,9,0,20
0,1,361026,11,11,11,11,11,11,11,11,11,11
1,1,361026,24,0,4,7,3,0,0,0,15,4
0,1,361027,0,0,0,0,0,0,0,0,0,0
1,1,361027,0,0,0,0,0,0,0,0,28,0
1,1,361028,0,0,0,0,8,0,0,0,0,0
1,1,361029,0,14,0,0,15,0,3,0,0,0
1,1,361030,8,8,8,8,8,8,8,8,8,8
0,1,361031,0,0,0,0,0,0,0,0,0,0
1,1,361031,0,0,0,0,0,0,0,29,14,0
1,1,361032,21,21,21,21,21,21,21,21,21,21
0,1,361033,8,8,8,8,8,8,8,8,8,8
1,1,361033,17,27,0,0,11,12,0,2,0,0
0,1,361034,10,10,10,10,10,10,10,10,10,10
1,1,361034,0,0,0,0,0,0,0,0,0,0
1,1,361035,9,9,9,9,9,9,9,9,9,9
0,1,361036,0,0,0,0,0,0,0,0,0,0
1,1,361036,5,0,0,0,0,0,9,0,0,0
0,1,361037,28,28,28,28,28,28,28,28,28,28
1,1,361037,16,0,20,0,0,0,20,0,0,14
2,1,361037,0,0,0,0,2,0,0,10,0,0
1,1,361038,21,21,21,21,21,21,21,21,21,21
0,1,361039,0,0,0,0,0,0,0,0,0,0
1,1,361039,0,0,0,0,0,0,0,0,0,0
0,1,361040,0,0,0,0,0,0,0,0,0,0
1,1,361040,0,17,0,0,0,0,0,5,0,0
0,1,361041,3,3,3,3,3,3,3,3,3,3
1,1,361041,0,0,0,0,0,0,0,0,0,0
0,1,361042,0,0,0,0,0,0,0,0,0,0
1,1,361042,0,0,0,9,0,0,0,0,0,0
0,1,361043,0,0,0,0,0,0,0,0,0,0
1,1,361043,0,0,0,0,0,0,0,0,0,0
0,1,361044,0,0,0,0,0,0,0,0,0,0
1,1,361044,0,0,12,0,0,0,0,0,17,0
0,1,361045,0,0,0,0,0,0,0,0,0,0
1,1,361045,0,0,0,0,0,0,0,0,0,0
1,1,361046,0,0,0,0,0,0,0,0,0,0
2,1,361046,0,0,0,0,0,0,0,0,0,0
0,1,361047,0,0,0,0,0,0,0,0,0,0
1,1,361047,0,0,0,0,0,0,0,0,0,0
0,1,361048,0,0,0,0,0,0,0,0,0,0
1,1,361048,0,0,0,10,0,0,0,0,0,0
0,1,361049,0,0,0,0,0,0,0,0,0,0
1,1,361049,0,0,0,0,0,0,0,0,0,0
0,1,361050,5,5,5,5,5,5,5,5,5,5
1,1,361050,9,11,9,11,0,22,0,16,0,0
1,1,361051,0,0,0,0,0,0,0,0,0,0
1,1,361052,0,0,0,0,0,6,0,0,0,0
0,1,361053,0,0,0,0,0,0,0,0,0,0
1,1,361053,0,0,0,0,13,0,0,0,2,0
2,1,361053,0,0,0,6,0,0,0,0,0,0
0,1,361054,0,0,0,0,0,0,0,0,0,0
1,1,361054,0,11,0,0,0,0,17,11,15,0
0,1,361055,0,0,0,0,0,0,0,0,0,0
1,1,361055,15,0,7,0,0,0,0,0,0,23
0,1,361056,0,0,0,0,0,0,0,0,0,0
1,1,361056,0,0,0,0,7,0,0,0,0,0
2,1,361056,0,0,0,0,0,0,0,0,0,0
1,1,361057,0,0,0,0,0,0,0,0,0,0
0,1,361058,0,0,0,0,0,0,0,0,0,0
1,1,361058,0,0,0,0,0,0,0,0,0,0
2,1,361058,0,0,0,0,0,0,0,0,0,15
0,1,361059,0,0,0,0,0,0,0,0,0,0
1,1,361059,13,0,26,16,18,14,14,13,24,16
0,1,361060,0,0,0,0,0,0,0,0,0,0
1,1,361060,0,0,20,0,0,15,13,0,9,0
1,1,361061,0,0,0,0,0,25,0,0,0,0
0,1,361062,0,0,0,0,0,0,0,0,0,0
1,1,361062,0,0,0,7,0,0,0,0,8,0
1,1,361063,8,8,8,8,8,8,8,8,8,8
0,1,361064,0,0,0,0,0,0,0,0,0,0