VEH_NO,PER_NO,ST_CASE,P1,P2,P3,P4,P5,P6,P7,P8,P9,P10
1,1,370633,0,0,0,2,0,0,0,0,0,0
1,1,370634,0,0,0,0,0,0,0,0,0,0
1,1,370635,0,0,0,0,0,0,0,0,0,18
2,1,370635,0,0,0,0,0,0,0,0,0,0
1,1,370636,0,0,0,0,0,0,0,0,0,0
2,1,370636,0,0,0,0,0,0,0,0,0,0
1,1,370637,0,0,0,0,0,0,0,0,0,0
1,1,370638,18,18,18,18,18,18,18,18,18,18
0,1,370639,17,17,17,17,17,17,17,17,17,17
1,1,370639,11,14,31,14,23,0,10,14,0,9
1,1,370640,0,0,0,0,0,0,0,0,0,0
1,1,370641,0,0,0,0,0,0,0,0,0,0
2,1,370641,0,0,0,0,0,0,0,0,0,0
0,1,370642,0,0,0,0,0,0,0,0,0,0
1,1,370642,0,0,0,0,0,0,0,0,0,0
1,1,370643,34,34,34,34,34,34,34,34,34,34
1,1,370644,0,0,0,0,0,0,0,0,0,0
2,1,370644,0,0,0,0,0,0,0,0,0,0
1,1,370645,0,0,0,0,0,0,0,0,0,0
2,1,370645,0,0,0,0,0,0,0,0,0,0
1,1,370646,16,16,16,16,16,16,16,16,16,16
2,1,370646,0,0,0,0,0,0,0,0,0,0
1,1,370647,0,0,0,0,0,0,0,0,0,0
2,1,370647,0,0,0,13,0,0,0,0,0,0
1,1,370648,0,0,0,0,0,0,0,0,0,0
2,1,370648,0,0,0,0,0,0,0,0,0,0
3,1,370648,0,0,0,0,0,0,0,0,0,0
1,1,370649,11,11,11,11,11,11,11,11,11,11
2,1,370649,0,0,0,0,0,0,0,0,0,0
1,1,370650,21,21,21,21,21,21,21,21,21,21
1,1,370651,0,0,0,0,0,0,0,0,0,0
0,1,370652,0,0,0,0,0,0,0,0,0,0
1,1,370652,0,0,0,11,0,0,0,0,0,11
2,1,370652,0,0,0,0,0,0,0,3,0,0
3,1,370652,0,0,0,0,0,0,0,0,0,0
1,1,370653,0,0,0,0,0,0,0,0,0,0
2,1,370653,0,0,0,0,0,0,0,0,0,0
1,1,370654,0,0,0,0,0,0,0,0,0,0
2,1,370654,17,17,17,17,17,17,17,17,17,17
1,1,370655,0,0,0,0,0,0,0,0,0,0
1,1,370656,21,21,21,21,21,21,21,21,21,21
2,1,370656,0,0,0,0,0,0,0,0,0,0
1,1,370657,0,0,0,0,0,0,0,0,0,0
2,1,370657,0,0,0,0,0,0,0,0,0,0
3,1,370657,0,0,0,0,0,0,0,0,0,0
1,1,370658,41,41,41,41,41,41,41,41,41,41
1,1,370659,0,0,0,0,0,0,0,0,0,0
2,1,370659,0,0,0,0,0,0,0,0,0,0
1,1,370660,19,19,19,19,19,19,19,19,19,19
0,1,370661,27,27,27,27,27,27,27,27,27,27
1,1,370661,0,0,11,0,10,17,4,18,0,7
1,1,370662,18,18,18,18,18,18,18,18,18,18
1,1,370663,0,0,0,0,10,0,0,0,0,0
1,1,370664,0,0,10,25,7,0,0,0,9,0
1,1,370665,0,0,0,0,0,0,0,0,0,0
1,1,370666,0,0,0,0,0,0,0,0,0,0
1,1,370667,0,0,0,0,0,0,0,0,0,0
0,1,370668,0,0,0,0,0,0,0,0,0,0
1,1,370668,0,0,0,0,0,0,0,0,17,0
0,1,370669,0,0,0,0,0,0,0,0,0,0
1,1,370669,0,0,0,0,0,0,0,0,0,0
1,1,370670,0,0,0,0,0,0,0,0,0,0
2,1,370670,0,0,0,0,0,0,0,0,0,0
1,1,370671,3,3,3,3,3,3,3,3,3,3
1,1,370672,9,9,9,9,9,9,9,9,9,9
1,1,370673,0,0,0,0,0,0,0,0,0,0
2,1,370673,0,0,0,0,0,0,0,0,0,0
1,1,370674,0,0,0,0,0,0,0,0,0,0
2,1,370674,0,0,0,0,0,0,0,0,0,0
0,1,370675,0,0,0,0,0,0,0,0,0,0
1,1,370675,0,0,0,0,0,0,0,0,0,0
0,1,370676,0,0,0,0,0,0,0,0,0,0
0,2,370676,0,38,20,0,0,0,0,0,32,18
1,1,370676,10,6,7,17,7,9,0,4,14,0
1,1,370677,0,0,0,0,0,0,0,0,0,0
2,1,370677,0,0,0,0,0,0,0,0,0,0
1,1,370678,24,11,15,25,10,5,15,16,22,10
0,1,370679,34,34,34,34,34,34,34,34,34,34
1,1,370679,9,0,7,14,13,0,8,20,0,14
0,1,370680,0,0,0,0,0,0,0,0,0,0
1,1,370680,14,0,20,12,0,0,0,0,8,0
1,1,370681,17,21,0,0,20,5,0,10,0,0
2,1,370681,13,7,10,5,7,5,6,0,0,8
1,1,370682,0,0,0,0,0,0,0,12,0,0
0,1,370683,22,22,22,22,22,22,22,22,22,22
1,1,370683,0,26,0,0,0,0,0,0,0,0
1,1,370684,0,0,0,0,0,0,0,0,0,0
2,1,370684,0,0,0,0,0,0,0,0,0,0
3,1,370684,0,0,0,0,0,0,0,0,0,0
1,1,370685,0,0,0,0,0,0,0,0,0,0
1,1,370686,0,0,0,0,0,0,0,0,0,0
2,1,370686,0,0,0,0,0,0,0,0,0,0
1,1,370687,15,19,12,19,11,14,26,31,16,9
0,1,370688,4,4,4,4,4,4,4,4,4,4
1,1,370688,16,18,7,3,0,10,0,6,0,18
2,1,370689,14,14,14,14,14,14,14,14,14,14
1,1,370690,0,0,0,0,0,0,0,0,0,0
1,1,370691,0,0,0,0,0,0,0,0,0,0
1,1,370692,0,0,0,0,0,0,0,0,0,0
2,1,370692,0,0,0,0,0,0,0,0,0,0
0,1,370693,17,17,17,17,17,17,17,17,17,17
1,1,370693,18,0,0,0,11,0,10,12,5,0
1,1,370694,16,16,16,16,16,16,16,16,16,16
1,1,370695,0,0,0,0,0,0,0,0,0,0
2,1,370695,0,0,0,0,0,0,0,0,0,0
1,1,370696,0,0,0,0,0,0,0,0,6,0
2,1,370696,0,0,0,0,0,0,0,0,0,0
1,1,370697,0,0,0,0,0,0,0,0,0,0
1,1,370698,0,0,0,0,0,0,0,0,0,0
0,1,370699,0,0,0,0,0,0,0,0,0,0
1,1,370700,0,0,0,0,0,0,0,0,0,0
2,1,370700,0,0,0,0,0,0,0,0,0,0
3,1,370700,0,0,0,0,0,0,0,0,0,0
1,1,370701,13,13,13,13,13,13,13,13,13,13
2,1,370701,0,0,0,0,0,0,0,0,0,9
1,1,370703,0,0,0,0,0,0,0,0,0,0
1,1,370704,0,0,0,0,0,0,0,0,0,0
2,1,370704,0,0,0,0,0,0,0,0,0,0
1,1,370705,23,23,23,23,23,23,23,23,23,23
0,1,370706,31,31,31,31,31,31,31,31,31,31
1,1,370706,0,8,9,0,0,14,0,0,17,0
0,1,370707,0,0,0,0,0,0,0,0,0,0
1,1,370707,0,0,0,0,0,0,0,0,0,0
1,1,370708,0,0,0,0,0,0,0,0,0,0
2,1,370708,30,30,30,30,30,30,30,30,30,30
1,1,370709,5,5,5,5,5,5,5,5,5,5
2,1,370709,0,0,0,0,0,0,0,0,0,0
1,1,370710,0,0,0,9,0,0,0,0,0,0
1,1,370711,26,26,26,26,26,26,26,26,26,26
1,1,370712,0,0,0,0,0,0,0,0,0,0
1,1,370713,9,9,9,9,9,9,9,9,9,9
1,1,370714,0,0,0,0,0,0,0,0,0,0
2,1,370714,0,0,0,0,0,0,0,0,0,0
1,1,370715,0,0,0,0,0,0,0,0,0,0
2,1,370715,0,0,0,0,0,0,0,0,0,0
1,1,370716,14,14,14,14,14,14,14,14,14,14
1,1,370717,22,22,22,22,22,22,22,22,22,22
1,1,370718,7,7,7,7,7,7,7,7,7,7
2,1,370718,0,0,0,0,0,0,0,0,0,0
1,1,370719,0,0,0,0,0,0,0,0,0,0
1,1,370720,18,18,18,18,18,18,18,18,18,18
1,1,370721,0,0,0,0,0,0,0,0,0,0
0,1,370722,0,0,0,0,0,0,0,0,0,0
1,1,370722,0,0,0,0,0,0,0,0,0,0
1,1,370723,0,0,0,0,0,0,0,0,0,0
1,1,370724,0,0,0,0,0,0,0,0,0,0
1,1,370725,0,0,0,0,0,0,0,0,0,0
1,1,370726,0,0,0,0,0,0,0,0,0,0
2,1,370726,0,0,0,0,0,0,0,0,0,0
0,1,370727,24,24,24,24,24,24,24,24,24,24
1,1,370727,0,0,0,0,0,0,0,0,0,0
1,1,370728,0,0,0,0,0,0,0,0,0,0
2,1,370728,0,0,0,0,0,0,0,0,0,0
1,1,370729,0,0,0,0,0,0,0,0,0,0
1,1,370730,0,0,0,0,0,0,0,0,0,0
2,1,370730,0,0,0,0,0,0,0,0,0,0
1,1,370731,0,0,0,0,0,0,0,0,13,0
2,1,370731,11,11,11,11,11,11,11,11,11,11
1,1,370732,0,0,0,0,0,0,0,0,0,0
1,1,370733,19,14,0,7,5,11,15,24,0,10
2,1,370733,0,0,0,0,0,0,0,0,0,0
1,1,370734,15,15,15,15,15,15,15,15,15,15
1,1,370735,26,26,26,26,26,26,26,26,26,26
1,1,370736,0,0,0,0,0,0,0,0,0,0
1,1,370737,40,40,40,40,40,40,40,40,40,40
1,1,370738,21,13,27,21,14,10,13,10,19,11
1,1,370739,0,0,0,0,0,0,0,0,0,0
1,1,370740,0,0,0,0,0,0,0,0,0,0
2,1,370740,0,0,0,0,0,0,0,0,0,0
1,1,370741,20,20,20,20,20,20,20,20,20,20
2,1,370741,17,17,17,17,17,17,17,17,17,17
1,1,370742,0,0,0,0,0,0,0,0,0,0
1,1,370743,0,0,0,0,0,0,0,0,0,0
2,1,370743,0,0,0,0,0,0,0,0,0,0
1,1,370744,14,14,14,14,14,14,14,14,14,14
1,1,370745,0,0,0,0,0,0,0,0,0,0
1,1,370746,3,4,20,10,15,10,28,13,17,22
1,1,370747,12,12,12,12,12,12,12,12,12,12
1,1,370748,0,0,0,0,0,0,0,0,0,0
1,1,370749,0,0,0,0,0,0,0,0,0,0
1,1,370750,22,22,22,22,22,22,22,22,22,22
2,1,370750,0,0,0,12,0,0,23,0,0,0
1,1,370751,0,0,0,0,0,0,0,14,0,0
2,1,370751,0,0,0,0,0,0,0,0,0,0
0,1,370752,0,0,0,0,0,0,0,0,0,0
0,2,370752,0,0,0,0,0,0,0,0,0,0
0,3,370752,0,0,0,0,0,0,0,0,11,0
0,4,370752,0,0,0,0,0,0,21,0,0,0
1,1,370752,14,16,10,17,7,14,13,10,21,8
1,1,370753,0,0,0,0,0,0,0,0,0,0
1,1,370754,0,0,0,0,0,0,0,0,0,0
2,1,370754,0,0,0,0,0,0,0,0,0,0
3,1,370754,0,0,0,0,0,0,0,0,0,0
4,1,370754,0,0,0,0,0,0,13,0,0,0
1,1,370755,0,0,0,0,0,0,0,0,0,0
2,1,370755,0,0,0,0,0,0,0,0,0,0
3,1,370755,0,0,0,0,0,0,0,0,0,0
4,1,370755,0,0,0,0,0,0,0,0,0,0
5,1,370755,0,0,0,0,0,0,0,0,0,6
1,1,370756,0,0,0,0,0,0,0,0,0,0
1,1,370757,3,19,10,9,8,10,0,9,13,23
1,1,370758,0,0,0,0,0,0,0,0,0,0
1,1,370759,13,13,13,13,13,13,13,13,13,13
1,1,370760,0,14,0,31,18,12,7,5,12,4
2,1,370760,0,0,0,0,0,0,0,0,0,0
0,1,370761,0,0,0,0,0,0,0,0,0,0
1,1,370761,0,14,0,0,0,5,0,12,0,0
1,1,370762,0,0,0,0,0,0,0,0,0,0
1,1,370763,0,0,0,0,0,0,0,0,0,0
1,1,370764,5,5,5,5,5,5,5,5,5,5
1,1,370765,0,0,0,0,0,0,0,0,0,0
2,1,370765,0,0,0,0,0,0,0,0,0,0
1,1,370766,0,0,0,0,0,0,0,0,0,0
1,1,370767,5,5,5,5,5,5,5,5,5,5
2,1,370767,0,0,0,0,0,0,0,0,0,0
1,1,370768,0,0,0,0,0,0,0,0,0,0
2,1,370768,0,0,0,0,0,0,0,0,0,0
3,1,370768,0,0,9,11,0,0,0,0,0,0
1,1,370769,7,7,7,7,7,7,7,7,7,7
1,1,370770,0,0,0,0,0,0,0,0,0,0
1,1,370771,0,0,0,0,0,0,0,0,0,0
0,1,370772,0,0,0,0,0,0,0,0,0,0
1,1,370772,0,0,0,0,0,0,0,0,0,0
1,1,370773,0,0,0,0,0,0,0,0,0,0
2,1,370773,0,0,0,0,0,0,0,0,0,0
1,1,370774,0,0,0,0,0,0,0,0,0,0
2,1,370774,0,0,0,0,0,0,0,0,0,0
0,1,370775,0,0,0,0,0,0,0,0,0,0
1,1,370775,0,0,0,0,3,0,0,0,0,0
0,1,370776,0,0,0,0,0,0,0,0,0,0
1,1,370776,0,0,0,0,0,0,0,0,0,0
1,1,370777,23,23,23,23,23,23,23,23,23,23
1,1,370778,0,0,0,0,0,0,0,0,0,0
1,1,370779,0,0,0,0,0,0,0,0,0,0
2,1,370779,0,0,0,0,0,0,0,0,0,0
1,1,370780,0,0,0,0,0,0,0,0,0,0
2,1,370780,0,0,0,0,0,0,0,0,0,0
1,1,370781,13,0,12,0,0,0,0,0,0,0
2,1,370781,0,0,0,0,0,0,0,0,0,0
1,1,370782,0,0,0,0,0,0,0,0,0,0
2,1,370782,0,0,0,0,0,0,0,0,0,0
1,1,370783,0,0,0,0,8,18,3,0,10,13
2,1,370783,4,4,4,4,4,4,4,4,4,4
1,1,370784,13,13,13,13,13,13,13,13,13,13
2,1,370784,7,7,7,7,7,7,7,7,7,7
1,1,370785,0,0,0,0,0,0,0,0,0,0
1,1,370786,0,0,0,0,0,0,0,0,0,0
2,1,370786,12,12,12,12,12,12,12,12,12,12
1,1,370787,0,0,0,0,0,0,0,0,0,0
2,1,370787,0,0,0,0,0,0,0,0,0,0
1,1,370788,0,0,0,0,0,0,0,0,0,0
1,1,370789,21,21,21,21,21,21,21,21,21,21
2,1,370789,0,0,0,0,0,0,0,0,0,0
1,1,370790,10,10,10,10,10,10,10,10,10,10
1,1,370791,0,0,0,0,0,0,0,0,0,0
2,1,370791,0,0,0,0,0,0,0,0,0,0
0,1,370792,23,23,23,23,23,23,23,23,23,23
1,1,370792,0,0,4,0,0,0,0,0,0,0
1,1,370793,0,0,0,0,0,0,0,0,0,0
2,1,370793,0,0,0,0,0,0,0,0,0,0
1,1,370794,0,0,0,0,0,0,0,0,0,0
2,1,370794,0,0,0,0,0,0,0,0,0,0
1,1,370795,0,0,0,0,0,0,0,0,0,0
2,1,370795,0,0,0,0,0,0,0,0,0,0
0,1,370796,36,36,36,36,36,36,36,36,36,36
1,1,370796,0,0,0,0,0,0,0,9,0,0
1,1,370797,14,14,14,14,14,14,14,14,14,14
1,1,370798,19,19,19,19,19,19,19,19,19,19
2,1,370798,0,0,0,0,0,0,0,0,0,0
1,1,370799,0,0,0,0,0,0,0,0,0,0
2,1,370799,0,0,0,0,0,0,0,0,0,0
0,1,370800,0,0,0,0,0,0,0,0,0,0
1,1,370800,0,0,0,0,0,0,0,0,0,0
1,1,370801,0,0,0,0,0,0,0,0,0,0
2,1,370801,0,0,0,0,0,0,0,0,0,0
0,1,370802,0,0,0,0,0,0,0,0,0,0
1,1,370802,0,0,0,0,0,0,0,0,0,0
0,1,370803,0,0,0,0,0,0,0,0,0,0
1,1,370803,9,6,0,0,0,0,10,0,0,0
1,1,370804,0,0,0,0,0,0,0,0,0,0
1,1,370805,0,0,0,0,0,0,0,0,0,0
2,1,370805,0,0,0,0,0,0,0,0,0,0
1,1,370806,19,19,19,19,19,19,19,19,19,19
1,1,370807,0,0,0,0,0,0,0,0,0,0
1,1,370808,0,0,0,0,0,0,6,17,0,0
2,1,370808,0,0,0,0,0,0,0,0,5,0
1,1,370809,0,0,0,0,0,0,0,0,0,0
2,1,370809,0,0,0,0,0,0,0,0,0,0
1,1,370810,63,63,63,63,63,63,63,63,63,63
1,1,370811,0,0,0,0,0,0,0,0,0,0
2,1,370811,0,0,0,0,0,0,0,0,0,0
0,1,370812,0,0,0,0,0,0,0,0,0,0
1,1,370812,0,0,0,0,0,0,0,0,0,0
1,1,370813,35,35,35,35,35,35,35,35,35,35
1,1,370814,0,0,0,0,0,0,0,0,0,0
2,1,370814,0,0,0,0,0,0,0,0,0,0
1,1,370815,0,0,0,0,0,0,0,0,0,0
2,1,370815,0,0,0,0,0,0,0,0,0,0
1,1,370816,0,0,0,0,0,0,0,0,0,0
2,1,370816,0,0,0,0,0,0,0,0,0,0
1,1,370817,0,0,0,0,0,0,0,0,0,0
2,1,370817,0,0,0,0,0,0,0,0,0,0
1,1,370818,32,32,32,32,32,32,32,32,32,32
0,1,370819,0,0,0,0,0,0,0,0,0,0
1,1,370819,13,18,34,12,8,13,14,27,4,19
0,1,370820,0,0,0,0,0,0,0,0,0,0
1,1,370820,0,0,0,2,0,0,0,0,16,0
1,1,370821,0,0,0,0,0,0,0,0,0,0
0,1,370822,0,0,0,0,0,0,0,0,0,0
1,1,370822,0,0,0,0,0,0,0,0,0,0
1,1,370823,0,0,0,0,0,0,0,0,0,0
2,1,370823,0,0,0,0,0,0,0,0,0,0
1,1,370824,19,19,19,19,19,19,19,19,19,19
2,1,370824,9,9,9,9,9,9,9,9,9,9
1,1,370825,0,0,0,0,0,0,0,0,0,0
0,1,370826,21,21,21,21,21,21,21,21,21,21
1,1,370826,21,21,21,21,21,21,21,21,21,21
1,1,370827,12,12,12,12,12,12,12,12,12,12
1,1,370828,0,0,0,0,0,0,0,0,0,0
2,1,370828,0,0,0,0,0,0,0,0,0,0
1,1,370829,0,0,0,0,0,0,0,0,0,0
1,1,370830,0,0,0,0,0,0,0,0,0,0
2,1,370830,0,0,0,0,0,0,0,0,0,0
1,1,370831,10,0,0,0,0,0,0,0,0,0
1,1,370832,0,0,0,0,0,0,0,0,0,0
1,1,370833,0,0,0,0,0,0,0,0,0,0
2,1,370833,0,0,0,0,0,0,0,0,0,0
1,1,370834,0,0,0,0,0,0,0,0,0,0
1,1,370835,10,10,10,10,10,10,10,10,10,10
1,1,370836,0,0,0,0,0,0,0,0,0,0
2,1,370836,0,0,0,0,0,0,0,0,0,0
0,1,370838,0,0,0,0,0,0,0,0,0,0
1,1,370838,0,0,0,0,0,0,0,0,0,0
1,1,370839,0,0,0,0,0,0,0,0,0,0
2,1,370839,0,0,0,0,0,0,0,0,0,0
1,1,370840,0,0,0,0,0,0,0,0,0,0
1,1,370841,31,31,31,31,31,31,31,31,31,31
1,1,370842,0,0,0,0,0,0,0,0,0,0
1,1,370843,0,0,0,0,0,0,0,0,0,0
2,1,370843,0,0,0,0,0,0,0,0,0,0
0,1,370844,0,0,0,0,0,0,0,0,0,0
1,1,370844,0,0,0,0,0,0,0,0,0,0
2,1,370844,0,0,0,0,0,0,0,0,0,0
1,1,370845,0,0,0,0,0,0,0,0,0,0
0,1,370846,14,14,14,14,14,14,14,14,14,14
1,1,370846,4,15,8,10,10,7,12,11,9,17
1,1,370847,24,24,24,24,24,24,24,24,24,24
2,1,370847,0,0,0,0,0,0,0,9,0,0
1,1,370848,0,0,0,0,0,0,0,0,0,0
1,1,370849,0,0,0,0,0,0,0,0,0,0
2,1,370849,0,0,0,0,0,0,0,0,0,0
1,1,370850,11,27,0,37,11,15,0,11,11,0
2,1,370850,0,0,0,0,0,0,0,0,0,0
1,1,370851,0,0,0,0,0,0,0,0,0,0
2,1,370851,0,0,0,0,0,0,0,0,0,0
3,1,370851,0,0,0,0,0,0,0,0,0,0
1,1,370852,14,14,14,14,14,14,14,14,14,14
0,1,370853,30,30,30,30,30,30,30,30,30,30
1,1,370853,0,0,0,0,0,0,0,0,0,0
1,1,370854,10,10,10,10,10,10,10,10,10,10
1,1,370855,0,0,0,0,0,0,0,0,0,0
2,1,370855,0,0,0,0,0,0,20,25,0,0
1,1,370856,0,0,0,0,0,0,0,0,0,0
2,1,370856,0,0,0,0,0,0,0,0,0,0
0,1,370857,0,0,0,0,0,0,0,0,0,0
1,1,370857,0,0,0,0,1,0,0,0,0,0
1,1,370858,5,5,5,5,5,5,5,5,5,5
1,1,370859,0,0,0,0,0,0,0,0,0,0
2,1,370859,0,0,0,0,0,0,0,0,0,0
1,1,370860,0,0,0,0,0,0,0,0,0,0
2,1,370860,0,0,0,0,0,0,0,0,0,0
1,1,370861,0,0,0,0,0,0,0,0,0,0
2,1,370861,0,0,0,0,0,0,0,0,0,0
1,1,370862,0,0,0,0,0,0,0,0,0,0
1,1,370863,0,0,0,0,0,0,0,0,0,0
1,1,370864,21,21,21,21,21,21,21,21,21,21
1,1,370865,0,0,0,0,0,0,0,0,0,0
1,1,370866,0,0,0,0,0,0,0,0,0,0
2,1,370866,0,13,0,0,0,0,23,0,0,16
1,1,370867,14,14,14,14,14,14,14,14,14,14
1,1,370868,0,0,0,0,0,0,0,0,0,0
2,1,370868,0,0,0,0,0,0,0,0,0,0
1,1,370869,0,0,0,0,0,0,0,0,0,0
2,1,370869,0,0,0,0,7,0,0,0,0,0
1,1,370870,0,0,4,0,0,0,12,0,0,0
0,1,370871,12,12,12,12,12,12,12,12,12,12
1,1,370871,0,0,0,0,0,0,0,0,0,0
2,1,370871,0,16,0,0,0,0,0,0,0,0
1,1,370872,0,0,0,0,0,0,0,0,0,0
1,1,370873,11,11,11,11,11,11,11,11,11,11
0,1,370874,26,26,26,26,26,26,26,26,26,26
1,1,370874,0,0,9,3,16,0,0,0,0,13
1,1,370875,0,0,0,0,0,0,0,0,0,0
1,1,370876,21,21,21,21,21,21,21,21,21,21
1,1,370877,0,0,0,0,0,0,0,0,0,0
2,1,370877,0,0,0,0,0,0,0,0,0,0
1,1,370878,0,0,0,0,0,0,0,0,0,0
2,1,370878,0,0,0,0,0,0,0,0,0,0
1,1,370879,25,25,25,25,25,25,25,25,25,25
1,1,370880,0,0,0,0,0,0,0,0,0,0
2,1,370880,0,0,0,0,0,0,0,0,0,0
3,1,370880,0,0,0,0,0,0,0,0,0,0
0,1,370881,17,17,17,17,17,17,17,17,17,17
1,1,370881,1,0,0,0,0,0,0,0,0,0
2,1,370882,0,0,0,0,0,0,0,0,0,0
0,1,370883,35,35,35,35,35,35,35,35,35,35
1,1,370883,0,0,0,0,0,0,0,0,0,0
1,1,370884,0,0,0,8,0,0,0,0,0,0
2,1,370884,0,0,0,0,0,0,0,0,0,0
1,1,370885,0,0,0,0,0,0,0,0,0,0
2,1,370885,0,0,0,0,0,0,0,0,0,0
1,1,370886,0,0,0,0,0,0,0,0,0,0
1,1,370887,0,14,0,18,0,0,0,11,0,0
2,1,370887,4,4,4,4,4,4,4,4,4,4
1,1,370888,0,0,0,0,0,0,0,0,0,0
2,1,370888,0,0,0,0,0,0,0,0,0,0
1,1,370889,9,0,0,0,0,0,0,0,0,0
2,1,370889,0,0,0,0,0,0,0,0,0,0
1,1,370890,0,0,0,0,0,0,0,0,0,0
1,1,370891,0,0,0,0,0,0,0,0,0,0
1,1,370892,13,13,13,13,13,13,13,13,13,13
1,1,370893,15,15,15,15,15,15,15,15,15,15
0,1,370894,32,32,32,32,32,32,32,32,32,32
1,1,370894,0,0,17,14,0,6,0,0,0,0
1,1,370895,0,0,0,0,0,0,0,0,0,0
1,1,370896,0,0,0,0,0,0,0,0,0,0
2,1,370896,41,41,41,41,41,41,41,41,41,41
1,1,370897,19,19,19,19,19,19,19,19,19,19
1,1,370898,0,0,0,0,0,0,0,0,0,0
1,1,370899,12,12,12,12,12,12,12,12,12,12
1,1,370900,0,0,0,0,0,0,0,0,0,0
2,1,370900,0,0,0,0,0,0,0,0,0,0
1,1,370901,0,0,0,0,0,2,0,7,0,0
1,1,370902,0,6,0,0,0,0,0,0,0,0
1,1,370903,0,0,0,0,0,0,0,0,0,0
2,1,370903,0,0,11,0,0,0,0,0,0,0
1,1,370904,15,15,15,15,15,15,15,15,15,15
1,1,370905,0,0,0,0,0,0,0,0,0,0
1,1,370906,0,0,0,0,0,0,0,0,0,0
2,1,370906,0,0,0,14,0,0,0,0,0,0
1,1,370907,0,0,0,0,0,0,0,0,0,0
1,1,370908,0,13,0,0,0,0,0,0,0,0
2,1,370908,0,0,0,0,0,0,0,0,0,0
1,1,370909,0,0,0,0,0,0,0,0,0,0
2,1,370909,0,0,0,0,0,0,0,0,0,0
1,1,370910,18,18,18,18,18,18,18,18,18,18
2,1,370910,20,11,0,29,3,20,17,11,0,13
1,1,370911,9,2,17,10,5,32,2,18,9,16
2,1,370911,0,0,0,0,0,0,0,0,0,0
1,1,370912,12,12,12,12,12,12,12,12,12,12
1,1,370913,0,0,0,0,0,0,0,0,0,0
2,1,370913,0,0,0,0,0,0,0,0,0,0
1,1,370914,0,0,0,0,0,0,0,0,0,0
1,1,370915,0,0,0,0,0,9,0,0,0,0
2,1,370915,0,0,0,0,0,0,0,0,0,0
1,1,370916,0,0,0,0,0,0,0,0,0,0
1,1,370917,0,0,0,0,0,0,0,0,0,0
0,1,370918,0,0,0,0,0,0,0,0,0,0
1,1,370918,0,0,0,0,0,0,0,0,0,0
0,1,370919,0,0,0,0,0,0,0,0,0,0
1,1,370919,0,0,0,0,0,0,0,0,0,0
1,1,370920,18,18,18,18,18,18,18,18,18,18
1,1,370921,12,18,13,14,14,15,25,39,36,21
1,1,370922,0,0,20,0,0,0,0,0,0,0
1,1,370923,0,0,0,0,0,0,0,0,0,0
2,1,370923,0,18,0,0,0,0,0,0,0,0
1,1,370924,12,12,12,12,12,12,12,12,12,12
1,1,370925,0,0,0,0,0,0,0,0,0,0
2,1,370925,0,0,0,0,0,0,0,0,0,0
1,1,370926,23,23,23,23,23,23,23,23,23,23
0,1,370927,28,28,28,28,28,28,28,28,28,28
1,1,370927,0,0,0,0,0,0,0,0,0,0
2,1,370927,13,0,0,9,13,6,0,0,0,7
0,1,370928,24,24,24,24,24,24,24,24,24,24
1,1,370928,0,0,0,0,18,0,4,0,0,0
1,1,370929,0,0,0,0,0,0,0,0,0,0
2,1,370929,10,10,10,10,10,10,10,10,10,10
0,1,370930,0,0,0,0,0,0,0,0,0,0
0,2,370930,0,0,0,0,0,0,0,0,0,0
1,1,370930,0,0,0,0,0,0,0,0,0,0
1,1,370931,0,0,0,0,0,0,0,0,0,0
2,1,370931,0,0,0,0,0,0,0,0,0,0
1,1,370932,0,0,0,0,0,0,0,0,0,0
2,1,370932,0,0,0,0,0,0,0,0,0,0
1,1,370933,16,16,16,16,16,16,16,16,16,16
1,1,370934,0,0,0,0,23,0,0,0,0,0
2,1,370934,0,0,0,0,0,0,0,0,0,0
1,1,370935,0,0,0,0,0,0,0,0,0,0
2,1,370935,0,0,0,0,0,0,0,0,0,0
1,1,370936,19,19,19,19,19,19,19,19,19,19
1,1,370937,0,0,0,0,0,0,0,0,0,0
0,1,370938,5,5,5,5,5,5,5,5,5,5
0,2,370938,0,0,0,0,0,8,0,0,0,15
1,1,370938,12,12,12,12,12,12,12,12,12,12
1,1,370939,29,29,29,29,29,29,29,29,29,29
1,1,370940,13,13,13,13,13,13,13,13,13,13
1,1,370941,0,0,0,0,0,0,0,0,0,0
1,1,370942,0,0,0,0,0,0,0,0,0,0
2,1,370942,0,0,17,0,0,0,0,0,0,0
1,1,370943,0,0,0,0,0,0,0,0,0,0
2,1,370943,0,0,0,0,0,0,0,0,0,0
1,1,370944,0,0,0,0,0,0,0,0,0,0
2,1,370944,0,0,0,0,0,0,0,0,0,0
0,1,370945,0,0,0,0,0,0,0,0,0,0
1,1,370945,0,0,0,0,0,0,0,0,0,0
1,1,370946,0,0,0,0,0,0,0,0,0,0
2,1,370946,0,0,0,0,0,2,0,0,0,0
1,1,370947,0,0,0,0,0,0,0,0,0,0
2,1,370947,0,0,0,0,0,0,0,0,0,0
1,1,370948,0,0,0,0,0,0,0,0,0,0
1,1,370949,0,0,0,0,0,0,0,0,0,0
0,1,370950,26,26,26,26,26,26,26,26,26,26