VEH_NO,PER_NO,ST_CASE,P1,P2,P3,P4,P5,P6,P7,P8,P9,P10
2,1,390605,0,0,0,0,0,0,0,0,0,4
0,1,390606,0,0,0,0,0,0,0,0,0,0
1,1,390606,0,0,0,0,0,0,0,0,0,0
1,1,390607,0,0,0,0,0,0,0,0,0,0
2,1,390607,0,0,18,0,0,0,0,0,0,0
3,1,390607,8,8,8,8,8,8,8,8,8,8
1,1,390608,0,0,0,0,0,0,0,0,0,0
2,1,390608,0,0,0,0,0,0,0,0,0,0
1,1,390609,23,23,23,23,23,23,23,23,23,23
1,1,390610,41,23,29,11,15,22,9,25,20,26
1,1,390611,12,12,12,12,12,12,12,12,12,12
2,1,390611,0,0,0,0,0,0,0,0,0,0
1,1,390612,0,0,0,0,0,0,0,0,0,0
2,1,390612,0,0,0,0,0,0,0,0,0,0
1,1,390613,0,0,0,0,0,0,0,0,0,0
1,1,390614,13,13,13,13,13,13,13,13,13,13
1,1,390615,33,33,33,33,33,33,33,33,33,33
1,1,390616,0,0,0,0,0,0,0,0,0,0
0,1,390617,0,0,0,0,0,0,0,0,0,0
1,1,390617,0,0,0,0,0,0,0,0,0,0
1,1,390618,0,0,0,0,0,0,0,0,0,0
1,1,390619,0,0,0,0,0,0,0,0,0,0
1,1,390620,0,0,0,0,0,0,0,0,0,0
2,1,390620,0,0,0,0,0,0,0,0,0,0
1,1,390621,1,1,1,1,1,1,1,1,1,1
1,1,390622,0,0,0,0,0,0,0,0,0,0
1,1,390623,0,0,0,0,0,0,0,0,0,0
1,1,390624,7,7,7,7,7,7,7,7,7,7
1,1,390625,0,0,0,0,0,0,0,0,0,0
2,1,390625,0,0,0,0,0,0,0,0,0,0
1,1,390626,10,10,10,10,10,10,10,10,10,10
1,1,390627,0,0,0,0,0,0,0,0,0,0
0,1,390628,21,21,21,21,21,21,21,21,21,21
1,1,390628,0,0,0,0,0,0,0,0,0,0
1,1,390629,0,0,0,0,0,0,0,0,0,0
2,1,390629,0,0,0,0,0,0,0,0,0,0
1,1,390630,0,0,0,0,0,0,0,0,0,0
2,1,390630,0,0,0,0,0,0,0,0,0,0
1,1,390631,0,0,0,0,0,0,0,0,0,0
0,1,390632,0,0,0,0,0,0,0,0,0,0
1,1,390632,0,0,0,0,0,0,0,0,0,0
1,1,390633,0,0,0,0,0,0,0,0,0,0
2,1,390633,0,0,0,0,0,0,0,0,0,0
3,1,390633,0,0,0,0,0,0,0,0,0,0
4,1,390633,0,0,0,0,0,18,0,0,0,0
5,1,390633,0,0,0,0,0,0,0,0,0,0
6,1,390633,0,0,0,0,0,0,0,0,0,0
0,1,390634,0,0,0,0,0,0,0,0,0,0
1,1,390634,0,0,0,0,0,0,0,0,0,0
1,1,390635,0,0,0,0,0,0,0,0,15,0
1,1,390636,0,0,0,0,0,0,0,0,0,0
2,1,390636,0,0,0,0,0,0,0,0,0,0
0,1,390637,0,0,0,0,0,0,0,0,0,0
1,1,390637,0,0,0,0,0,0,4,0,0,0
1,1,390638,14,14,14,14,14,14,14,14,14,14
2,1,390638,12,0,11,0,8,0,0,0,0,0
1,1,390639,0,0,0,0,0,0,0,0,0,0
2,1,390639,0,0,0,0,0,0,0,0,0,0
1,1,390640,0,0,0,0,0,0,0,0,0,0
2,1,390640,0,0,0,0,0,0,0,0,0,0
3,1,390640,0,0,0,0,0,0,0,0,0,0
4,1,390640,0,0,0,0,0,0,0,0,0,0
1,1,390641,0,0,0,0,0,0,0,0,0,0
2,1,390641,0,0,0,0,0,0,0,0,0,0
3,1,390641,0,0,0,0,0,0,0,0,0,0
4,1,390641,0,0,0,0,0,0,0,0,0,0
1,1,390642,13,13,13,13,13,13,13,13,13,13
1,1,390643,0,0,0,0,0,0,0,0,0,0
1,1,390644,0,0,0,0,0,0,0,0,0,0
1,1,390645,0,0,0,0,0,0,0,0,0,0
2,1,390645,0,0,0,0,0,0,0,0,0,0
1,1,390646,24,24,24,24,24,24,24,24,24,24
1,1,390647,7,7,7,7,7,7,7,7,7,7
1,1,390648,0,0,0,0,0,0,0,0,0,0
0,1,390649,0,0,0,0,0,0,0,0,0,0
1,1,390649,0,0,0,0,0,0,0,0,0,0
0,1,390650,0,0,0,0,0,0,0,0,0,0
1,1,390650,0,0,0,0,0,0,13,0,0,0
0,1,390651,0,0,0,0,0,0,0,0,0,0
1,1,390651,0,0,0,0,0,0,0,0,0,0
1,1,390652,0,0,0,0,0,0,0,0,0,0
2,1,390652,0,0,0,0,0,0,0,0,0,0
1,1,390653,0,0,0,0,0,0,0,0,0,0
2,1,390653,0,0,0,0,0,0,0,0,0,0
0,1,390654,0,0,0,0,0,0,0,0,0,0
0,2,390654,0,0,0,0,0,0,35,15,0,0
1,1,390654,0,0,0,0,0,0,0,0,0,0
2,1,390654,0,0,0,0,0,0,0,0,0,0
1,1,390655,0,0,0,0,0,0,0,0,0,0
0,1,390656,0,0,0,0,0,0,0,0,0,0
1,1,390656,0,0,0,0,0,0,0,0,0,0
1,1,390657,0,0,0,0,0,0,0,0,0,0
2,1,390657,0,0,0,0,0,0,0,0,0,0
1,1,390658,0,0,0,0,0,0,0,0,0,0
2,1,390658,0,0,0,0,0,0,0,0,0,0
1,1,390659,8,8,8,8,8,8,8,8,8,8
0,1,390660,0,0,0,0,0,0,0,0,0,0
1,1,390660,0,0,0,0,0,0,0,0,0,0
1,1,390662,14,14,14,14,14,14,14,14,14,14
1,1,390663,17,17,17,17,17,17,17,17,17,17
0,1,390664,0,0,0,0,0,0,0,0,0,0
1,1,390664,0,0,0,0,0,0,0,0,0,0
2,1,390664,0,16,0,0,0,0,0,0,0,0
1,1,390665,0,0,0,0,0,0,0,0,0,0
0,1,390666,0,0,0,0,0,0,0,0,0,0
1,1,390666,0,0,0,0,0,0,0,0,0,0
1,1,390667,0,0,0,0,6,0,0,0,0,0
0,1,390668,0,0,0,0,0,0,0,0,0,0
1,1,390668,0,0,0,0,0,0,0,0,0,0
1,1,390669,16,16,16,16,16,16,16,16,16,16
1,1,390670,0,0,0,0,0,0,0,0,0,0
2,1,390670,0,0,0,0,0,0,0,0,0,0
1,1,390671,16,16,16,16,16,16,16,16,16,16
1,1,390672,0,0,0,0,0,0,0,0,0,0
2,1,390672,0,0,0,0,0,0,0,0,0,0
1,1,390673,11,11,11,11,11,11,11,11,11,11
1,1,390674,0,0,0,0,0,0,0,0,0,0
2,1,390674,1,1,1,1,1,1,1,1,1,1
1,1,390675,0,0,0,0,0,0,0,0,0,0
1,1,390676,0,0,0,0,0,0,0,0,0,0
2,1,390676,0,0,0,0,0,0,0,0,0,0
1,1,390677,0,0,0,0,0,0,0,0,0,0
2,1,390677,0,0,0,0,0,0,0,0,0,0
1,1,390678,0,0,0,0,0,0,0,0,0,0
2,1,390678,0,0,0,0,0,0,0,0,0,0
1,1,390679,17,17,17,17,17,17,17,17,17,17
2,1,390679,0,0,0,0,0,0,0,0,0,0
1,1,390680,0,0,0,0,0,0,0,0,0,0
2,1,390680,0,0,0,0,0,0,0,0,0,0
3,1,390680,0,0,0,0,0,0,0,0,0,0
1,1,390681,0,8,28,16,15,0,0,19,6,0
1,1,390682,0,0,7,12,30,5,21,22,9,21
1,1,390683,19,19,19,19,19,19,19,19,19,19
1,1,390684,0,0,0,0,0,0,0,0,0,0
2,1,390684,0,0,0,0,0,0,0,0,0,0
1,1,390685,0,0,0,0,0,0,0,0,0,0
2,1,390685,0,0,0,0,0,0,0,0,0,0
1,1,390686,16,16,16,16,16,16,16,16,16,16
1,1,390687,7,7,7,7,7,7,7,7,7,7
0,1,390688,0,0,0,0,0,0,0,0,0,0
1,1,390688,0,0,0,0,0,0,0,0,0,0
2,1,390688,0,0,0,0,0,0,0,0,0,0
1,1,390689,0,0,0,0,0,0,0,0,0,0
2,1,390689,0,0,0,0,0,0,0,0,0,0
3,1,390689,0,0,0,0,0,0,0,0,0,0
0,1,390690,0,0,0,0,0,0,0,0,0,0
1,1,390690,0,0,0,0,0,0,0,0,0,0
1,1,390691,0,0,0,0,0,0,0,0,0,0
2,1,390691,0,0,0,0,0,0,0,0,0,0
1,1,390692,0,0,0,0,0,0,0,0,0,0
2,1,390692,0,0,0,0,0,0,0,0,0,0
1,1,390693,0,0,0,0,0,0,0,0,0,0
2,1,390693,0,0,0,0,0,0,0,0,0,0
1,1,390694,0,0,0,0,6,0,0,0,0,0
2,1,390694,0,0,0,0,0,0,0,0,0,0
1,1,390695,22,22,22,22,22,22,22,22,22,22
2,1,390695,0,0,0,0,0,7,0,0,22,0
1,1,390696,30,30,30,30,30,30,30,30,30,30
0,1,390697,0,0,0,0,0,0,0,0,0,0
1,1,390697,0,0,0,0,0,0,0,0,0,0
1,1,390698,0,0,0,0,0,0,0,0,0,0
2,1,390698,0,0,0,0,0,0,0,0,0,0
3,1,390698,0,0,0,0,0,0,0,0,0,0
1,1,390699,0,0,0,0,0,0,0,0,0,0
1,1,390700,27,27,27,27,27,27,27,27,27,27
2,1,390700,0,0,0,0,0,0,0,0,0,0
3,1,390700,0,0,0,0,0,0,0,0,0,0
1,1,390701,0,0,0,0,0,0,0,0,0,0
2,1,390701,14,15,3,0,0,16,7,16,11,24
1,1,390702,0,0,0,0,0,0,0,0,0,0
1,1,390703,15,15,15,15,15,15,15,15,15,15
1,1,390704,0,0,0,0,0,0,0,0,0,0
2,1,390704,0,0,0,0,0,0,0,0,0,0
1,1,390705,0,0,0,0,0,0,0,0,0,0
2,1,390705,0,0,0,0,0,0,0,0,0,0
1,1,390706,0,0,0,0,0,0,0,0,0,0
1,1,390707,0,0,0,0,0,0,0,0,0,0
0,1,390708,0,0,0,0,0,0,0,0,0,0
1,1,390708,0,0,0,0,0,0,0,0,0,0
1,1,390709,16,16,16,16,16,16,16,16,16,16
1,1,390710,0,0,0,0,0,0,0,0,0,0
2,1,390710,0,0,0,0,0,0,0,0,0,0
1,1,390711,0,0,0,0,0,0,0,0,0,0
1,1,390712,0,0,0,0,0,0,0,0,0,0
1,1,390713,31,31,31,31,31,31,31,31,31,31
2,1,390713,0,0,0,0,0,0,0,0,0,0
1,1,390714,0,0,0,0,0,0,0,0,0,0
2,1,390714,0,0,0,0,0,0,0,0,0,0
1,1,390715,0,0,0,0,0,0,0,0,0,0
2,1,390715,0,0,0,0,0,0,0,0,0,0
1,1,390716,0,0,0,0,0,0,0,0,0,0
1,1,390718,37,37,37,37,37,37,37,37,37,37
2,1,390718,17,17,17,17,17,17,17,17,17,17
1,1,390719,0,0,0,0,0,0,0,0,0,0
2,1,390719,0,0,0,0,0,0,0,0,0,0
1,1,390720,0,0,0,0,0,0,0,0,0,0
2,1,390720,11,0,0,8,0,0,0,0,0,0
1,1,390721,0,0,0,0,0,0,0,0,0,0
0,1,390722,0,0,0,0,0,0,0,0,0,0
1,1,390722,0,0,0,0,0,0,0,0,0,0
1,1,390723,0,0,0,0,0,0,0,0,0,0
1,1,390724,0,0,0,0,0,0,0,0,0,0
2,1,390724,0,0,0,0,0,0,0,0,0,0
1,1,390725,19,19,19,19,19,19,19,19,19,19
1,1,390726,11,11,11,11,11,11,11,11,11,11
1,1,390727,0,0,0,0,0,0,0,0,0,0
2,1,390727,19,19,19,19,19,19,19,19,19,19
0,1,390728,0,0,0,0,0,0,0,0,0,0
1,1,390728,0,0,0,0,0,7,0,12,0,0
1,1,390729,0,0,0,0,0,0,0,0,0,0
1,1,390730,25,25,25,25,25,25,25,25,25,25
1,1,390731,12,0,13,17,13,10,12,17,0,0
1,1,390732,25,25,25,25,25,25,25,25,25,25
2,1,390732,0,0,0,0,0,0,0,0,0,0
0,1,390733,12,12,12,12,12,12,12,12,12,12
2,1,390733,0,0,0,0,0,0,0,0,0,10
1,1,390734,0,0,0,0,0,0,0,0,0,0
1,1,390735,0,0,0,0,0,0,0,0,0,21
2,1,390735,0,0,0,0,0,0,0,0,0,0
3,1,390735,0,7,0,0,16,0,0,0,0,0
0,1,390736,0,0,0,0,0,0,0,0,0,0
0,2,390736,0,0,0,0,0,0,0,0,0,0
1,1,390736,0,0,0,8,0,0,0,0,8,0
1,1,390737,0,0,0,0,0,0,0,0,0,0
2,1,390737,0,0,0,0,0,0,0,0,0,0
1,1,390738,21,21,21,21,21,21,21,21,21,21
1,1,390739,12,12,12,12,12,12,12,12,12,12
2,1,390739,0,0,0,0,0,0,74,0,0,0
0,1,390740,0,0,0,0,0,0,0,0,0,0
1,1,390740,0,0,0,0,0,0,0,0,0,0
1,1,390741,17,17,17,17,17,17,17,17,17,17
1,1,390742,0,0,0,0,0,0,0,0,0,0
2,1,390742,0,0,0,0,0,0,0,0,0,0
1,1,390743,0,0,0,0,0,0,0,0,0,0
2,1,390743,0,0,0,0,0,0,0,0,0,0
1,1,390744,0,0,0,0,0,12,0,0,0,0
0,1,390746,0,0,0,0,0,0,0,0,0,0
1,1,390746,0,0,0,0,0,0,0,0,0,0
1,1,390747,0,0,0,0,0,0,0,0,0,0
2,1,390747,0,0,0,0,0,0,0,0,0,0
1,1,390748,0,0,0,0,0,0,0,0,0,0
1,1,390749,20,20,20,20,20,20,20,20,20,20
2,1,390749,0,0,0,0,0,0,0,0,0,0
1,1,390750,28,28,28,28,28,28,28,28,28,28
1,1,390751,0,0,0,0,0,0,0,0,0,0
2,1,390751,0,0,0,0,0,0,0,0,0,0
1,1,390752,0,0,0,0,0,0,0,0,0,0
2,1,390752,0,0,0,0,0,0,0,0,0,0
1,1,390753,0,0,0,0,0,0,0,0,0,0
2,1,390753,0,0,0,0,0,0,0,0,0,0
1,1,390754,0,0,0,0,0,0,0,0,0,0
2,1,390754,0,0,0,0,0,0,0,0,0,0
1,1,390755,0,0,0,0,0,0,0,0,0,0
2,1,390755,0,0,0,0,0,0,0,0,0,0
1,1,390756,0,0,0,0,0,0,0,0,0,0
2,1,390756,0,0,0,0,0,0,0,0,0,0
1,1,390757,24,24,24,24,24,24,24,24,24,24
2,1,390757,0,0,0,0,0,3,0,0,5,0
1,1,390758,0,0,0,0,0,0,0,0,0,0
0,1,390760,0,0,0,0,0,0,0,0,0,0
1,1,390760,0,17,25,10,20,4,15,7,5,17
1,1,390761,16,16,16,16,16,16,16,16,16,16
1,1,390762,21,21,21,21,21,21,21,21,21,21
1,1,390763,9,9,9,9,9,9,9,9,9,9
1,1,390764,0,0,0,0,0,0,0,0,0,0
2,1,390764,0,0,0,0,0,0,0,0,0,0
1,1,390765,17,17,17,17,17,17,17,17,17,17
1,1,390766,0,0,0,0,0,0,0,0,0,0
2,1,390766,0,0,0,0,0,0,0,0,0,0
0,1,390768,0,0,0,0,0,0,0,0,0,0
1,1,390768,18,0,0,0,8,2,0,17,0,5
1,1,390769,0,0,0,0,0,0,0,0,0,0
2,1,390769,0,9,0,0,0,0,0,15,0,0
1,1,390770,0,0,0,0,0,0,8,0,0,0
2,1,390770,0,0,0,0,0,0,0,0,0,0
1,1,390771,15,15,15,15,15,15,15,15,15,15
0,1,390772,0,0,0,0,0,0,0,0,0,0
1,1,390772,0,0,0,0,0,0,0,0,0,0
1,1,390773,0,0,0,0,0,0,0,0,0,0
1,1,390774,0,0,0,0,0,0,0,0,0,0
2,1,390774,0,0,0,0,0,0,0,0,0,0
1,1,390775,0,0,0,0,0,0,0,0,0,0
1,1,390776,24,24,24,24,24,24,24,24,24,24
0,1,390777,0,0,0,0,0,0,0,0,0,0
1,1,390777,0,0,0,0,0,0,0,0,0,0
1,1,390778,17,17,17,17,17,17,17,17,17,17
2,1,390778,0,0,0,0,0,0,0,0,0,0
1,1,390779,0,0,0,0,0,0,0,0,0,0
2,1,390779,0,0,0,0,0,0,0,0,0,0
3,1,390779,22,7,12,0,13,0,10,0,28,21
1,1,390780,0,0,0,0,0,0,0,16,0,0
1,1,390781,0,0,0,0,0,0,0,0,0,0
1,1,390782,17,17,17,17,17,17,17,17,17,17
0,1,390783,24,24,24,24,24,24,24,24,24,24
1,1,390783,0,0,0,0,0,0,0,0,0,0
1,1,390784,2,2,2,2,2,2,2,2,2,2
1,1,390785,11,11,11,11,11,11,11,11,11,11
1,1,390786,0,0,0,0,0,0,0,0,0,0
2,1,390786,0,0,0,0,0,0,0,0,0,0
1,1,390787,0,0,0,0,0,0,0,0,0,0
1,1,390788,0,0,0,0,0,0,0,0,0,0
2,1,390788,0,0,0,0,0,0,0,0,0,0
3,1,390788,0,0,0,0,0,0,0,0,0,0
1,1,390790,0,0,0,0,0,0,0,0,0,0
1,1,390791,40,11,12,5,17,0,7,20,21,0
1,1,390792,29,29,29,29,29,29,29,29,29,29
1,1,390793,0,0,0,0,0,0,0,0,0,0
2,1,390793,0,0,0,0,0,0,0,0,0,0
1,1,390794,0,0,0,0,0,0,0,0,0,0
2,1,390794,0,0,0,0,0,0,0,0,0,0
1,1,390795,14,14,14,14,14,14,14,14,14,14
2,1,390796,0,0,0,0,0,0,0,0,0,0
1,1,390797,12,12,12,12,12,12,12,12,12,12
1,1,390798,15,15,15,15,15,15,15,15,15,15
1,1,390799,13,13,13,13,13,13,13,13,13,13
1,1,390800,0,0,0,0,0,0,0,0,0,0
2,1,390800,0,0,0,0,0,0,0,0,0,0
1,1,390801,17,17,17,17,17,17,17,17,17,17
0,1,390802,0,0,25,0,15,0,0,0,24,0
1,1,390802,0,0,0,0,0,0,0,0,0,13
1,1,390803,18,18,18,18,18,18,18,18,18,18
1,1,390804,8,8,8,8,8,8,8,8,8,8
1,1,390805,0,0,0,0,0,0,0,0,0,0
2,1,390805,0,0,0,0,0,0,0,0,0,0
1,1,390806,0,0,0,0,0,0,0,0,0,0
1,1,390807,0,0,0,0,0,0,0,0,0,0
1,1,390808,19,19,19,19,19,19,19,19,19,19
2,1,390808,0,0,0,0,0,0,0,0,0,0
1,1,390809,0,0,0,0,0,0,0,0,0,0
1,1,390810,25,25,25,25,25,25,25,25,25,25
0,1,390811,0,0,0,0,0,0,0,0,0,0
1,1,390811,0,0,0,0,0,0,0,0,0,0
1,1,390812,67,67,67,67,67,67,67,67,67,67
1,1,390813,0,0,0,0,0,0,0,0,0,0
2,1,390813,0,0,0,0,0,0,0,0,0,0
1,1,390814,4,4,4,4,4,4,4,4,4,4
1,1,390815,0,0,0,0,0,0,0,0,0,0
2,1,390815,0,0,0,0,0,0,0,0,0,0
2,1,390816,19,19,19,19,19,19,19,19,19,19
1,1,390817,0,0,0,0,0,0,0,0,0,0
2,1,390817,0,0,0,0,0,0,0,0,0,0
1,1,390818,0,0,0,0,0,0,0,0,0,0
0,1,390819,0,0,0,0,0,0,0,0,0,0
1,1,390819,0,0,0,0,0,0,0,0,0,0
1,1,390820,0,0,0,0,0,0,0,0,0,0
2,1,390820,0,0,0,0,0,0,0,0,0,0
1,1,390821,0,0,0,0,0,0,0,0,0,0
2,1,390821,0,0,0,0,0,0,0,0,0,0
1,1,390822,0,0,0,0,0,0,0,0,0,0
1,1,390823,0,0,0,0,0,0,0,0,0,0
1,1,390824,0,0,0,0,0,0,0,0,0,0
1,1,390825,24,24,24,24,24,24,24,24,24,24
1,1,390826,10,24,4,25,25,11,17,28,22,15
0,1,390827,0,0,0,0,0,0,0,0,0,0
1,1,390827,0,0,0,0,0,0,0,0,0,0
1,1,390828,0,0,0,0,0,0,0,0,0,0
2,1,390828,0,0,0,0,0,0,0,0,0,0
1,1,390829,0,0,0,0,0,0,0,0,0,0
2,1,390829,42,42,42,42,42,42,42,42,42,42
0,1,390830,33,33,33,33,33,33,33,33,33,33
1,1,390830,0,0,0,0,8,10,0,0,6,10
1,1,390831,0,0,0,0,0,0,0,0,0,0
2,1,390831,0,0,0,0,0,0,0,0,0,0
1,1,390832,21,21,21,21,21,21,21,21,21,21
0,1,390833,0,0,0,0,0,0,0,0,0,0
1,1,390833,0,0,0,0,0,0,0,0,0,0
1,1,390834,16,16,16,16,16,16,16,16,16,16
1,1,390835,33,33,33,33,33,33,33,33,33,33
1,1,390838,0,0,0,0,0,0,0,0,0,0
2,1,390838,0,0,0,0,0,0,0,0,0,0
3,1,390838,0,0,0,0,35,0,0,0,0,0
1,1,390839,0,0,0,0,0,0,7,0,0,0
1,1,390840,7,7,7,7,7,7,7,7,7,7
2,1,390840,0,0,0,0,0,0,0,0,0,0
1,1,390841,0,0,0,0,0,0,0,0,0,0
1,1,390842,0,0,0,0,0,0,0,0,0,0
1,1,390843,0,0,0,0,0,0,0,0,0,0
1,1,390844,0,0,0,0,0,0,0,0,0,0
1,1,390845,0,0,0,0,0,0,0,0,0,0
1,1,390846,0,0,8,0,0,0,0,0,0,0
2,1,390846,7,7,7,7,7,7,7,7,7,7
1,1,390847,0,0,0,0,0,0,0,0,0,0
2,1,390847,0,0,0,0,0,0,0,0,0,0
1,1,390848,0,0,0,0,0,0,0,0,0,0
2,1,390848,0,0,0,0,0,0,0,0,0,0
3,1,390848,0,0,0,0,0,0,0,0,0,0
4,1,390848,22,0,0,0,0,0,0,0,0,0
1,1,390849,12,12,12,12,12,12,12,12,12,12
1,1,390850,0,0,0,0,0,0,0,0,0,0
1,1,390852,20,20,20,20,20,20,20,20,20,20
0,1,390853,22,22,22,22,22,22,22,22,22,22
1,1,390853,0,0,0,0,0,0,0,0,0,0
0,1,390854,26,26,26,26,26,26,26,26,26,26
1,1,390854,0,0,0,0,0,0,1,0,0,0
1,1,390855,0,0,0,0,0,0,0,0,0,0
2,1,390855,0,0,0,0,0,0,0,0,0,0
1,1,390856,0,0,0,0,0,0,0,0,0,0
1,1,390858,25,25,25,25,25,25,25,25,25,25
2,1,390858,0,0,0,0,0,0,0,0,0,0
1,1,390860,17,17,17,17,17,17,17,17,17,17
2,1,390860,0,0,0,0,0,0,0,0,0,0
1,1,390861,20,20,20,20,20,20,20,20,20,20
1,1,390862,0,0,0,0,0,0,0,0,0,0
1,1,390863,0,0,0,0,0,0,0,0,0,0
2,1,390863,26,26,26,26,26,26,26,26,26,26
1,1,390864,0,0,0,0,0,0,0,0,0,0
2,1,390864,0,0,0,0,0,12,0,0,0,0
1,1,390865,29,29,29,29,29,29,29,29,29,29
1,1,390866,19,19,19,19,19,19,19,19,19,19
1,1,390867,15,15,15,15,15,15,15,15,15,15
1,1,390868,0,0,0,0,0,0,0,0,0,0
2,1,390868,0,0,0,0,0,0,0,0,0,0
1,1,390869,20,20,20,20,20,20,20,20,20,20
0,1,390870,0,0,0,0,0,0,0,0,0,0
1,1,390870,0,0,0,0,0,0,0,0,0,0
1,1,390871,13,13,13,13,13,13,13,13,13,13
2,1,390871,9,0,0,0,0,0,0,6,0,0
1,1,390872,0,0,0,0,0,0,0,0,0,0
2,1,390872,0,0,0,0,0,0,0,0,0,0
1,1,390873,2,0,0,0,0,0,0,0,0,0
1,1,390874,0,0,0,0,0,0,0,0,0,0
1,1,390875,0,0,0,0,0,0,0,0,0,0
2,1,390875,0,0,0,0,0,0,0,0,0,0
1,1,390876,0,0,0,0,0,0,0,0,0,0
1,1,390877,0,0,0,0,0,0,0,0,0,0
2,1,390877,0,0,0,0,0,0,0,0,0,0
1,1,390878,24,29,21,27,27,20,18,11,0,21
1,1,390879,26,26,26,26,26,26,26,26,26,26
2,1,390879,0,0,0,0,0,0,0,0,0,0
1,1,390880,0,0,0,0,0,0,0,0,0,0
2,1,390880,0,0,0,0,0,0,0,0,0,0
1,1,390881,0,0,0,0,0,0,0,0,0,0
1,1,390882,0,0,0,0,0,0,0,0,0,0
2,1,390882,0,0,0,0,0,0,0,0,0,0
0,1,390883,0,0,0,0,0,0,0,0,0,0
1,1,390883,0,0,0,0,0,0,0,0,0,0
1,1,390884,0,0,0,0,0,0,0,0,0,0
2,1,390884,10,10,10,10,10,10,10,10,10,10
1,1,390885,0,0,0,0,0,0,0,0,0,0
2,1,390885,0,0,0,0,0,0,0,0,0,0
1,1,390886,0,0,0,0,0,0,0,0,0,0
1,1,390887,0,0,0,0,0,0,0,0,0,0
2,1,390887,0,0,0,0,0,0,0,0,0,0
1,1,390888,0,0,0,0,0,0,0,0,0,0
2,1,390888,0,0,0,0,0,0,0,0,0,0
1,1,390889,0,0,0,0,0,0,0,0,0,0
1,1,390890,0,0,0,0,0,0,0,0,0,0
2,1,390890,0,0,0,0,0,0,0,0,0,0
1,1,390892,0,0,0,0,0,0,0,0,0,0
2,1,390892,0,0,0,0,0,0,0,0,0,0
1,1,390893,28,28,28,28,28,28,28,28,28,28
1,1,390894,0,0,0,0,0,0,0,0,0,0
1,1,390895,20,20,20,20,20,20,20,20,20,20
2,1,390895,0,0,0,0,0,0,0,0,0,0
1,1,390897,0,0,0,0,0,0,0,0,0,0
2,1,390897,0,0,0,0,0,0,0,0,0,0
1,1,390898,22,22,22,22,22,22,22,22,22,22
2,1,390898,0,0,0,0,0,0,0,0,0,0
0,1,390899,0,0,0,0,0,0,0,0,0,0
1,1,390899,0,0,0,0,0,0,0,0,0,0
1,1,390900,0,0,0,0,0,0,0,0,0,0
1,1,390901,29,29,29,29,29,29,29,29,29,29
1,1,390902,0,0,0,0,0,0,0,0,0,0
1,1,390903,0,0,0,0,0,0,0,0,0,0
2,1,390903,0,0,0,0,0,0,0,0,0,0
1,1,390905,0,0,19,0,0,12,0,0,0,0
0,1,390906,0,0,0,0,0,0,0,0,0,0
0,2,390906,0,0,0,0,0,0,0,0,0,0
1,1,390906,11,0,0,21,13,13,6,4,10,22
1,1,390907,0,0,0,0,0,6,0,0,0,0
1,1,390908,0,0,0,0,0,0,0,0,0,0
1,1,390909,0,0,0,0,0,0,0,0,0,0
2,1,390909,0,0,0,0,0,0,0,0,11,0
1,1,390910,0,0,0,0,0,0,0,0,0,0
1,1,390911,19,19,19,19,19,19,19,19,19,19
1,1,390912,0,0,0,0,0,0,0,0,0,0
2,1,390912,22,22,22,22,22,22,22,22,22,22
0,1,390913,0,0,0,0,0,0,0,0,0,0
1,1,390913,0,0,0,0,0,0,0,0,0,0
1,1,390914,0,0,0,0,0,0,0,0,0,0
1,1,390915,0,0,0,0,0,0,0,0,0,0
2,1,390915,0,0,0,0,0,0,0,0,0,0
1,1,390916,0,0,0,0,0,0,0,0,0,0
2,1,390916,39,39,39,39,39,39,39,39,39,39
0,1,390917,0,0,24,0,0,18,0,21,0,0
0,2,390917,0,0,0,48,8,0,0,0,0,12
0,3,390917,0,0,16,0,0,0,0,0,0,0
0,4,390917,12,0,14,0,24,0,0,16,0,10
1,1,390917,0,0,0,0,0,0,0,0,0,0
2,1,390917,0,0,0,0,0,0,0,0,0,0
1,1,390918,0,0,0,0,0,0,0,0,0,0
2,1,390918,0,0,0,0,0,0,0,0,0,0
1,1,390919,7,7,7,7,7,7,7,7,7,7
0,1,390920,11,11,11,11,11,11,11,11,11,11
1,1,390920,0,0,0,0,0,0,0,0,0,0
0,1,390921,0,0,0,0,0,0,0,0,0,0
1,1,390921,0,0,0,0,0,0,0,0,0,0
1,1,390922,0,0,0,0,0,0,0,0,0,0
2,1,390922,0,0,0,0,0,0,0,0,0,0
0,1,390923,33,15,0,8,0,0,13,30,8,8
1,1,390923,0,0,0,0,0,0,0,0,0,0
0,1,390924,8,15,0,0,0,14,0,4,26,0
1,1,390924,0,0,0,0,0,0,16,0,0,20
1,1,390925,14,14,14,14,14,14,14,14,14,14
1,1,390926,0,0,0,0,0,0,0,0,0,0
2,1,390926,0,0,0,0,0,0,0,0,0,0
3,1,390926,0,0,0,14,0,0,0,0,0,0
4,1,390926,0,0,0,0,0,0,0,0,0,0
1,1,390927,21,21,21,21,21,21,21,21,21,21
2,1,390927,0,0,0,0,0,0,0,0,0,0
1,1,390928,0,0,0,0,0,0,0,0,0,28
2,1,390928,0,0,0,0,0,0,0,0,0,0
3,1,390928,0,0,0,0,0,0,0,0,0,0
1,1,390929,6,6,6,6,6,6,6,6,6,6