VEH_NO,PER_NO,ST_CASE,P1,P2,P3,P4,P5,P6,P7,P8,P9,P10
2,1,390929,0,0,0,0,0,0,0,0,0,0
1,1,390930,4,4,4,4,4,4,4,4,4,4
2,1,390930,0,0,0,0,0,0,0,0,0,0
1,1,390931,0,0,0,0,0,0,0,0,0,0
2,1,390931,30,30,30,30,30,30,30,30,30,30
1,1,390932,0,0,0,0,0,0,0,0,0,0
2,1,390932,0,0,0,0,0,0,0,13,0,0
3,1,390932,0,0,0,0,0,0,0,0,0,0
1,1,390933,0,0,0,0,0,0,0,0,0,0
1,1,390934,0,0,0,0,0,0,0,0,0,0
1,1,390935,0,0,0,0,0,0,0,0,0,0
2,1,390935,0,0,0,0,0,0,0,0,0,0
1,1,390936,0,0,0,0,0,0,10,0,0,16
2,1,390936,21,21,21,21,21,21,21,21,21,21
1,1,390937,0,0,0,0,0,0,0,0,0,0
2,1,390937,0,0,0,0,0,0,0,0,0,0
0,1,390938,0,0,0,0,4,0,0,0,0,0
1,1,390938,0,0,0,0,0,0,0,0,0,0
2,1,390938,0,0,0,0,2,0,0,0,0,0
0,1,390939,0,0,0,0,0,0,0,0,0,0
1,1,390939,0,0,0,0,0,0,0,0,0,0
1,1,390940,0,0,0,0,0,0,0,0,0,0
0,1,390941,0,0,0,0,0,0,0,0,0,9
1,1,390941,0,0,0,0,0,0,0,0,0,0
1,1,390942,0,0,0,0,0,0,0,0,0,9
2,1,390942,0,0,0,0,0,0,0,0,0,0
1,1,390943,0,0,0,0,0,0,0,0,0,0
2,1,390943,0,0,0,0,0,0,0,0,0,0
1,1,390944,2,2,2,2,2,2,2,2,2,2
2,1,390944,0,0,0,0,0,0,0,0,0,0
1,1,390945,0,0,0,0,0,0,0,0,0,0
2,1,390945,0,0,20,0,0,0,0,0,0,0
3,1,390945,0,0,0,0,0,0,0,0,0,0
1,1,390946,4,0,0,0,0,0,0,0,0,0
0,1,390947,0,0,0,0,0,0,0,0,0,0
1,1,390947,0,0,0,0,0,0,0,0,0,0
2,1,390947,0,0,0,0,6,0,0,0,0,0
1,1,390948,9,0,0,2,0,0,0,0,0,0
1,1,390949,37,13,8,15,20,14,24,34,20,13
1,1,390950,0,0,0,0,0,0,0,0,0,0
2,1,390950,0,0,0,0,0,0,0,0,0,0
1,1,390951,0,0,0,0,0,0,0,0,0,0
2,1,390951,18,18,18,18,18,18,18,18,18,18
0,1,390952,18,18,18,18,18,18,18,18,18,18
1,1,390952,14,9,0,8,0,2,0,0,0,2
2,1,390952,0,8,0,0,0,0,0,0,0,0
1,1,390953,0,0,0,0,0,0,0,0,0,0
2,1,390953,0,0,0,0,0,0,0,0,0,0
1,1,390954,0,0,0,0,0,0,0,0,0,0
1,1,390955,0,0,0,0,0,0,0,0,0,0
2,1,390955,0,0,0,0,0,0,0,0,0,0
1,1,390956,0,0,0,0,0,0,0,9,0,0
1,1,390957,0,0,0,0,0,0,0,0,0,0
0,1,390958,0,0,0,0,0,0,0,0,0,0
1,1,390958,0,0,0,0,0,0,0,0,0,0
2,1,390958,0,0,0,0,0,0,0,0,0,0
1,1,390959,0,0,0,0,0,0,0,0,0,0
0,1,390960,0,0,0,0,0,0,0,0,0,0
1,1,390960,0,0,0,0,0,0,0,0,0,0
1,1,390961,0,0,0,0,0,0,0,0,0,0
2,1,390961,0,0,0,0,0,0,0,0,0,0
1,1,390962,24,24,24,24,24,24,24,24,24,24
1,1,390963,0,0,0,0,0,0,0,0,0,0
2,1,390963,7,0,0,0,0,0,0,0,0,0
3,1,390963,0,3,0,17,0,0,0,0,0,0
1,1,390964,0,0,0,0,0,0,0,0,0,0
0,1,390965,0,0,0,0,0,0,0,0,0,0
1,1,390965,0,0,0,0,0,0,0,0,0,0
1,1,390966,0,0,0,0,0,0,0,0,0,0
2,1,390966,0,0,0,0,0,0,0,0,0,0
1,1,390967,0,0,0,0,0,0,0,0,0,0
1,1,390968,0,0,0,0,0,0,0,0,0,0
1,1,390969,0,0,0,0,0,0,0,0,0,0
2,1,390969,0,0,0,0,0,0,0,0,0,0
0,1,390970,0,0,0,0,0,0,0,0,0,0
0,2,390970,0,0,0,0,0,0,0,0,0,0
1,1,390970,0,0,0,0,0,0,0,0,0,0
1,1,390971,4,0,19,0,4,0,0,11,25,0
1,1,390972,32,32,32,32,32,32,32,32,32,32
1,1,390974,18,18,18,18,18,18,18,18,18,18
1,1,390976,0,0,0,0,0,0,0,0,0,0
1,1,390977,17,17,17,17,17,17,17,17,17,17
1,1,390978,12,12,12,12,12,12,12,12,12,12
1,1,390979,7,14,16,23,12,16,17,10,10,8
1,1,390980,19,19,19,19,19,19,19,19,19,19
1,1,390981,0,0,0,0,0,0,0,0,0,0
2,1,390981,0,0,0,0,0,0,0,0,0,0
1,1,390982,0,0,0,0,0,0,0,0,0,0
2,1,390982,0,0,0,0,0,0,0,0,0,0
1,1,390983,0,0,0,0,0,0,0,0,0,0
2,1,390983,0,0,4,0,6,0,0,0,0,0
3,1,390983,0,0,0,0,0,0,0,0,0,0
4,1,390983,0,0,0,0,0,0,0,0,0,0
5,1,390983,0,0,0,0,0,0,0,0,0,0
1,1,390984,31,31,31,31,31,31,31,31,31,31
1,1,390985,0,0,6,0,0,0,0,0,0,0
2,1,390985,0,0,0,0,0,0,0,0,0,0
1,1,400001,10,10,10,10,10,10,10,10,10,10
1,1,400002,0,0,0,0,0,0,0,0,0,0
2,1,400002,0,0,0,0,0,0,0,0,0,0
1,1,400003,0,0,0,0,0,0,0,0,0,0
2,1,400003,0,0,0,0,0,0,0,0,0,0
1,1,400004,0,0,0,0,0,0,0,0,0,0
2,1,400004,0,0,0,0,0,0,0,0,0,0
3,1,400004,0,0,0,0,0,0,0,0,0,0
1,1,400005,0,0,0,0,0,0,0,0,0,0
1,1,400006,18,18,18,18,18,18,18,18,18,18
1,1,400007,0,0,0,0,0,0,0,0,0,0
2,1,400007,0,0,0,0,0,0,0,0,0,0
3,1,400007,0,0,0,0,0,0,0,0,0,0
1,1,400008,0,0,0,0,0,0,0,0,0,0
2,1,400008,0,0,0,0,0,0,0,0,0,0
1,1,400009,0,0,0,0,0,0,0,0,0,0
2,1,400009,0,0,0,0,0,0,0,0,0,0
1,1,400010,0,0,0,0,0,0,0,0,0,0
2,1,400010,0,0,0,0,0,0,0,0,0,0
1,1,400011,22,22,22,22,22,22,22,22,22,22
1,1,400012,0,0,0,0,0,0,0,0,0,0
2,1,400012,4,4,4,4,4,4,4,4,4,4
1,1,400013,0,0,0,0,0,0,0,0,0,0
2,1,400013,0,0,0,0,0,0,0,0,0,0
1,1,400014,36,36,36,36,36,36,36,36,36,36
1,1,400015,0,0,0,0,0,0,0,0,0,0
2,1,400015,0,0,0,0,0,0,0,0,0,0
3,1,400015,0,0,0,0,0,0,0,0,0,0
1,1,400016,11,11,11,11,11,11,11,11,11,11
1,1,400017,0,0,0,0,0,0,0,0,0,0
1,1,400018,0,0,0,0,0,0,0,0,0,0
1,1,400019,0,0,0,0,0,0,0,0,0,0
1,1,400020,0,0,0,0,0,0,0,0,0,0
1,1,400021,11,11,11,11,11,11,11,11,11,11
1,1,400022,0,0,0,0,0,0,0,0,0,0
1,1,400023,19,19,19,19,19,19,19,19,19,19
1,1,400024,30,30,30,30,30,30,30,30,30,30
0,1,400025,31,31,31,31,31,31,31,31,31,31
1,1,400025,11,0,0,9,0,0,0,0,0,15
2,1,400025,0,0,0,0,8,0,0,0,0,0
3,1,400025,0,0,0,8,0,0,2,11,0,0
1,1,400026,0,0,0,0,0,0,0,0,0,0
2,1,400026,0,0,0,0,0,0,0,0,0,0
1,1,400027,0,0,0,0,0,0,0,0,0,0
2,1,400027,0,0,0,0,0,0,0,0,0,0
1,1,400028,34,34,34,34,34,34,34,34,34,34
1,1,400029,33,33,33,33,33,33,33,33,33,33
1,1,400030,13,13,13,13,13,13,13,13,13,13
1,1,400031,0,0,14,0,10,0,0,0,0,0
1,1,400032,10,0,0,0,0,0,7,0,0,0
1,1,400033,0,0,0,0,0,0,0,0,0,0
1,1,400034,0,0,0,0,0,0,0,0,0,0
2,1,400034,0,0,0,0,0,0,0,0,0,0
3,1,400034,0,0,0,0,0,0,0,0,0,0
1,1,400035,0,0,0,0,0,0,0,0,0,0
2,1,400035,0,0,13,0,0,0,0,0,0,0
1,1,400036,0,0,0,0,0,0,0,0,0,0
1,1,400037,0,0,0,0,0,0,0,0,0,0
2,1,400037,0,0,0,0,0,0,0,0,0,0
0,1,400038,0,0,0,0,0,0,0,0,0,0
1,1,400038,0,0,0,0,7,0,0,0,0,0
1,1,400039,13,13,13,13,13,13,13,13,13,13
1,1,400040,0,0,0,0,0,0,0,0,0,0
1,1,400041,0,0,0,0,0,0,0,0,0,0
1,1,400042,0,0,0,0,0,0,0,0,0,0
1,1,400043,0,0,0,0,0,0,0,0,0,0
2,1,400043,0,0,0,0,0,0,0,0,0,0
1,1,400044,35,35,35,35,35,35,35,35,35,35
2,1,400044,0,0,0,0,11,0,16,0,0,3
1,1,400045,0,0,0,0,0,0,0,0,0,0
2,1,400045,0,0,0,0,0,0,0,0,0,0
1,1,400046,0,0,0,0,0,0,0,0,0,0
2,1,400046,0,0,0,0,0,0,0,0,0,0
1,1,400047,0,0,0,0,0,0,0,0,0,0
1,1,400048,0,0,0,0,0,0,0,0,0,0
2,1,400048,0,0,0,0,0,0,0,0,0,0
1,1,400049,8,9,0,18,0,7,0,0,16,10
1,1,400050,0,0,18,0,0,0,0,0,0,0
1,1,400051,0,0,0,0,0,0,0,0,0,0
2,1,400051,0,0,0,0,0,0,0,0,0,0
1,1,400052,0,0,0,0,0,0,0,0,0,0
2,1,400052,0,0,0,0,0,0,0,0,0,0
1,1,400053,20,20,20,20,20,20,20,20,20,20
2,1,400053,0,0,0,0,0,0,0,0,0,0
3,1,400053,0,0,0,0,0,0,0,0,0,0
0,1,400054,0,0,0,0,0,0,0,0,0,0
1,1,400054,0,0,0,0,0,0,0,0,0,0
2,1,400054,0,0,0,0,0,0,0,0,0,0
1,1,400055,17,17,17,17,17,17,17,17,17,17
1,1,400056,0,0,13,0,0,21,0,0,12,0
1,1,400057,0,0,0,0,0,0,0,0,0,0
1,1,400058,0,0,0,0,22,0,0,0,0,0
2,1,400058,0,0,0,0,0,0,0,0,0,0
1,1,400059,16,16,16,16,16,16,16,16,16,16
1,1,400060,10,13,8,12,20,19,0,0,20,0
1,1,400061,9,0,13,0,13,10,0,0,7,10
1,1,400062,0,0,0,0,0,0,0,0,0,0
1,1,400063,0,0,0,0,0,0,0,0,0,0
2,1,400063,0,0,0,0,0,0,0,0,0,0
1,1,400064,18,18,18,18,18,18,18,18,18,18
1,1,400065,0,0,0,0,0,0,0,0,0,0
1,1,400066,0,0,0,0,0,0,0,0,0,0
2,1,400066,9,9,9,9,9,9,9,9,9,9
3,1,400066,6,0,0,0,0,0,0,0,0,0
1,1,400067,0,0,0,0,0,0,0,0,0,0
2,1,400067,0,0,0,0,0,0,0,0,0,0
1,1,400068,26,26,26,26,26,26,26,26,26,26
1,1,400069,12,12,12,12,12,12,12,12,12,12
1,1,400070,0,0,0,0,0,0,0,0,0,0
2,1,400070,0,0,0,0,0,6,0,0,0,4
1,1,400071,20,20,20,20,20,20,20,20,20,20
1,1,400072,0,0,0,0,0,0,0,0,0,0
1,1,400073,0,0,0,0,0,0,0,0,0,0
1,1,400074,0,0,0,0,0,0,0,0,0,0
1,1,400075,13,13,13,13,13,13,13,13,13,13
1,1,400076,0,0,0,3,0,0,0,0,0,0
2,1,400076,0,0,0,0,0,0,0,0,0,0
3,1,400076,0,0,18,0,0,0,13,0,0,0
1,1,400077,14,14,14,14,14,14,14,14,14,14
1,1,400078,0,0,0,0,0,0,0,0,0,0
1,1,400079,0,0,0,0,0,0,0,0,0,0
1,1,400080,20,20,20,20,20,20,20,20,20,20
1,1,400081,16,16,16,16,16,16,16,16,16,16
1,1,400082,15,15,15,15,15,15,15,15,15,15
1,1,400083,10,10,10,10,10,10,10,10,10,10
1,1,400084,16,16,16,16,16,16,16,16,16,16
1,1,400085,0,0,0,0,0,0,0,0,0,0
2,1,400085,0,0,0,0,0,0,0,0,0,0
1,1,400086,22,22,22,22,22,22,22,22,22,22
1,1,400087,0,0,0,0,0,0,0,0,0,0
2,1,400087,0,0,0,0,0,0,0,0,0,0
1,1,400088,0,0,0,0,0,0,0,0,0,0
1,1,400089,21,21,21,21,21,21,21,21,21,21
1,1,400090,28,28,28,28,28,28,28,28,28,28
1,1,400091,0,0,0,0,0,0,0,0,0,0
2,1,400091,0,0,0,0,0,0,0,0,0,0
3,1,400091,0,0,0,0,0,0,0,0,0,0
1,1,400092,23,23,23,23,23,23,23,23,23,23
1,1,400093,0,0,0,0,0,0,0,0,0,0
2,1,400093,0,0,0,0,0,0,0,0,0,0
1,1,400094,15,15,15,15,15,15,15,15,15,15
1,1,400095,0,0,0,0,0,0,0,0,0,0
0,1,400096,0,0,0,0,0,0,0,0,0,0
1,1,400096,0,0,0,0,0,0,0,0,0,0
2,1,400096,0,0,0,19,0,0,0,12,0,0
1,1,400097,20,20,20,20,20,20,20,20,20,20
1,1,400098,0,0,0,0,0,0,0,0,0,0
2,1,400098,0,0,0,0,0,0,0,0,0,0
0,1,400099,0,0,0,0,0,0,0,0,0,0
1,1,400099,0,0,0,0,0,0,2,0,0,0
1,1,400100,0,0,0,0,0,0,0,0,0,0
2,1,400100,0,0,0,0,0,0,0,0,0,0
1,1,400101,22,22,22,22,22,22,22,22,22,22
1,1,400102,0,0,0,0,0,0,0,0,0,0
2,1,400102,0,0,0,0,0,0,0,0,0,0
1,1,400103,0,0,0,0,0,0,0,0,0,0
2,1,400103,0,0,0,0,0,0,0,0,0,0
1,1,400104,29,29,29,29,29,29,29,29,29,29
1,1,400105,0,0,0,0,0,0,0,0,0,0
2,1,400105,13,13,13,13,13,13,13,13,13,13
1,1,400106,0,0,0,0,0,0,0,0,0,0
1,1,400107,0,0,0,0,0,0,0,0,0,0
2,1,400107,0,0,0,0,0,0,0,0,0,0
0,1,400108,0,0,0,0,0,0,0,0,0,0
1,1,400108,2,0,0,0,0,0,0,0,0,0
1,1,400109,20,20,20,20,20,20,20,20,20,20
1,1,400110,0,0,0,0,0,0,0,0,0,0
1,1,400111,0,0,0,0,0,0,0,0,0,0
2,1,400111,0,0,0,0,0,0,0,0,0,0
1,1,400112,0,0,0,0,0,0,0,0,0,0
2,1,400112,0,0,0,0,0,0,0,0,0,0
1,1,400113,0,0,0,0,0,0,0,0,0,0
1,1,400114,4,4,4,4,4,4,4,4,4,4
1,1,400115,0,0,0,0,0,0,0,0,0,0
2,1,400115,0,0,0,0,0,0,0,0,0,0
1,1,400116,0,0,0,0,0,0,0,0,0,0
1,1,400117,0,0,0,0,0,0,0,0,0,0
1,1,400118,0,0,0,0,0,0,0,0,0,0
1,1,400119,15,15,15,15,15,15,15,15,15,15
1,1,400120,0,0,0,0,0,0,0,0,0,0
2,1,400120,0,0,0,0,0,0,0,0,0,0
3,1,400120,0,0,0,0,0,0,0,0,0,0
4,1,400120,0,0,0,0,0,0,0,0,0,0
1,1,400121,31,31,31,31,31,31,31,31,31,31
2,1,400121,0,0,0,0,0,0,0,0,0,0
1,1,400122,22,22,22,22,22,22,22,22,22,22
1,1,400124,0,0,0,0,0,0,0,0,0,0
1,1,400125,9,9,9,9,9,9,9,9,9,9
2,1,400125,15,0,0,0,0,0,0,0,0,4
3,1,400125,0,0,0,0,0,0,0,0,0,13
1,1,400126,29,29,29,29,29,29,29,29,29,29
1,1,400127,0,0,0,0,0,0,0,0,0,0
1,1,400128,0,0,0,0,0,0,0,0,0,0
1,1,400129,0,0,0,0,0,0,0,0,0,0
2,1,400129,0,0,0,0,0,0,0,0,0,0
3,1,400129,0,0,0,0,0,0,0,0,0,0
1,1,400130,0,0,0,0,0,0,0,0,0,0
2,1,400130,0,0,0,0,0,0,0,0,0,0
1,1,400131,0,0,0,0,0,0,0,0,0,0
1,1,400132,0,0,0,0,0,0,0,0,0,0
1,1,400133,3,3,3,3,3,3,3,3,3,3
1,1,400134,0,0,0,0,0,0,0,0,0,0
1,1,400135,14,14,14,14,14,14,14,14,14,14
1,1,400136,16,16,16,16,16,16,16,16,16,16
1,1,400137,0,0,0,0,0,0,0,0,0,0
2,1,400137,0,0,0,0,0,0,0,0,0,0
1,1,400138,0,0,0,0,0,0,0,0,0,0
2,1,400138,0,0,0,0,0,0,0,0,0,0
1,1,400139,0,0,0,0,0,0,21,0,7,11
1,1,400140,0,0,0,0,0,0,0,0,0,0
1,1,400141,2,2,2,2,2,2,2,2,2,2
1,1,400142,0,0,0,0,13,0,0,0,0,0
2,1,400142,0,0,0,0,0,0,0,0,0,0
1,1,400143,0,0,0,0,0,12,0,0,12,19
1,1,400144,0,0,0,0,0,0,0,0,0,0
1,1,400145,0,0,0,0,8,0,0,0,0,0
2,1,400145,0,0,0,0,0,0,0,0,0,0
1,1,400146,0,0,0,0,0,0,0,0,0,0
2,1,400146,0,0,0,0,0,0,0,0,0,0
0,1,400147,0,0,0,0,0,0,0,0,0,0
1,1,400147,5,5,5,5,5,5,5,5,5,5
1,1,400148,0,0,0,0,0,0,0,0,0,0
2,1,400148,0,0,0,0,0,0,0,0,0,0
1,1,400149,0,0,0,0,0,0,0,0,0,0
1,1,400150,0,0,0,0,0,0,0,0,0,0
1,1,400151,0,0,0,0,0,0,0,0,0,0
2,1,400151,0,0,0,0,0,0,0,0,0,0
0,1,400152,9,9,9,9,9,9,9,9,9,9
1,1,400152,0,0,0,0,0,0,0,0,0,0
1,1,400153,0,0,0,0,0,0,0,0,0,0
0,1,400154,0,0,0,0,0,0,0,0,0,0
1,1,400154,0,0,0,0,0,0,0,0,0,0
1,1,400156,0,0,0,0,0,0,0,0,0,0
2,1,400156,0,0,0,0,0,0,0,5,0,0
0,1,400157,0,0,0,0,0,0,0,0,0,0
1,1,400157,0,0,17,0,0,0,0,0,0,0
1,1,400158,0,0,0,0,0,0,0,0,0,0
1,1,400159,0,0,0,0,0,0,0,0,0,0
2,1,400159,0,0,0,0,0,0,0,0,0,0
1,1,400160,0,0,0,0,0,0,0,0,0,0
1,1,400161,0,0,0,0,0,0,0,0,0,0
2,1,400161,0,0,0,0,0,0,0,0,0,0
1,1,400162,0,0,0,0,0,0,0,0,0,0
2,1,400162,9,0,0,0,0,0,0,0,0,0
1,1,400163,3,3,3,3,3,3,3,3,3,3
2,1,400163,0,0,0,0,0,0,0,0,0,0
1,1,400164,0,0,0,0,0,0,0,0,0,0
1,1,400165,0,0,0,0,0,0,0,0,0,0
2,1,400165,0,0,0,0,0,0,0,0,0,0
1,1,400166,0,0,0,0,0,0,0,0,0,0
2,1,400166,0,0,0,0,0,0,0,0,0,0
1,1,400167,13,13,13,13,13,13,13,13,13,13
1,1,400168,0,0,0,0,0,0,0,0,0,0
2,1,400168,12,12,12,12,12,12,12,12,12,12
1,1,400170,0,0,0,0,0,0,0,0,0,0
2,1,400170,0,0,0,0,0,0,0,0,0,0
1,1,400171,0,0,0,0,0,0,0,0,0,0
2,1,400171,0,0,0,0,0,0,0,0,0,0
3,1,400171,0,0,0,0,0,0,0,0,0,0
1,1,400172,0,0,0,0,0,0,0,0,0,0
2,1,400172,0,0,0,0,0,0,0,0,0,0
1,1,400173,0,0,0,0,0,0,0,0,0,0
1,1,400174,0,0,0,0,0,0,0,0,0,0
2,1,400174,9,9,9,9,9,9,9,9,9,9
3,1,400174,0,0,0,0,0,0,0,0,0,0
4,1,400174,0,0,0,0,0,0,0,0,0,0
1,1,400175,13,13,13,13,13,13,13,13,13,13
1,1,400176,0,0,0,0,0,0,0,0,0,0
0,1,400177,21,21,21,21,21,21,21,21,21,21
1,1,400177,0,9,9,8,7,5,13,5,6,2
1,1,400178,16,16,16,16,16,16,16,16,16,16
1,1,400179,14,14,14,14,14,14,14,14,14,14
1,1,400180,0,0,0,0,0,0,0,0,0,0
2,1,400180,0,0,0,0,0,0,0,0,0,0
1,1,400181,13,13,13,13,13,13,13,13,13,13
1,1,400182,0,0,0,0,0,0,0,0,0,0
1,1,400183,0,0,0,0,0,0,0,0,0,0
2,1,400183,0,0,0,0,0,0,0,0,0,0
1,1,400184,0,0,0,0,0,0,0,0,0,0
2,1,400184,0,0,0,0,0,0,0,0,0,0
1,1,400185,21,21,21,21,21,21,21,21,21,21
1,1,400186,16,16,16,16,16,16,16,16,16,16
1,1,400187,0,0,0,0,0,0,0,0,0,0
0,1,400188,0,0,0,0,0,0,0,0,0,0
1,1,400188,0,0,0,0,0,0,0,0,0,0
0,1,400189,0,0,0,0,0,0,0,0,0,0
0,2,400189,0,13,0,0,30,0,0,0,0,0
1,1,400189,0,0,0,0,0,0,0,0,0,0
1,1,400190,0,0,0,0,0,0,0,0,0,0
2,1,400190,0,0,0,0,0,0,0,0,0,0
1,1,400191,0,0,0,0,0,0,0,0,0,0
2,1,400191,0,0,0,0,0,0,0,0,5,0
0,1,400192,0,0,0,0,0,0,0,0,0,0
0,2,400192,0,0,0,0,0,0,0,0,0,0
1,1,400192,0,0,0,0,0,0,0,0,0,0
1,1,400193,29,29,29,29,29,29,29,29,29,29
2,1,400193,0,0,0,0,0,0,0,0,0,0
1,1,400194,0,0,0,0,0,0,0,0,0,0
2,1,400194,0,0,0,0,0,0,0,0,0,0
1,1,400195,0,0,0,0,0,0,0,0,0,0
1,1,400196,0,0,0,0,0,0,0,0,0,0
2,1,400196,0,0,0,0,0,0,0,0,0,0
1,1,400197,0,0,0,0,0,0,0,0,0,0
2,1,400197,0,0,0,0,0,0,0,0,0,0
1,1,400198,0,0,0,0,0,0,0,0,0,0
2,1,400198,0,0,0,0,0,0,0,0,0,0
1,1,400199,18,18,18,18,18,18,18,18,18,18
1,1,400200,32,32,32,32,32,32,32,32,32,32
1,1,400201,0,0,0,0,0,0,0,0,0,0
1,1,400202,27,27,27,27,27,27,27,27,27,27
1,1,400203,0,0,0,0,0,0,0,0,0,0
2,1,400203,0,0,0,0,0,0,0,0,0,0
0,1,400204,18,18,18,18,18,18,18,18,18,18
1,1,400204,0,0,0,0,17,0,0,0,0,0
1,1,400205,0,0,0,0,0,0,0,0,0,0
1,1,400206,0,0,0,0,0,0,0,0,0,0
2,1,400206,0,0,0,0,0,0,0,0,0,0
0,1,400207,0,0,0,0,0,0,0,0,0,0
1,1,400207,0,0,0,0,0,0,0,0,0,0
1,1,400208,14,14,14,14,14,14,14,14,14,14
1,1,400209,0,0,0,0,0,0,0,0,0,0
1,1,400210,0,0,0,0,0,0,0,0,0,0
1,1,400211,0,0,0,0,0,0,0,0,0,0
1,1,400212,0,0,0,0,0,0,0,0,0,0
2,1,400212,0,0,0,0,0,0,0,0,0,0
1,1,400213,0,0,0,0,0,0,0,0,0,0
2,1,400213,0,0,0,0,0,0,0,0,0,0
3,1,400213,0,0,0,4,0,0,0,0,0,0
0,1,400214,0,0,0,0,0,0,0,0,0,0
1,1,400214,0,0,0,0,0,0,0,0,0,0
1,1,400215,9,9,9,9,9,9,9,9,9,9
1,1,400216,18,18,18,18,18,18,18,18,18,18
1,1,400217,0,0,0,0,0,0,0,0,0,0
2,1,400217,0,0,0,0,0,0,0,0,0,0
3,1,400217,0,0,0,0,0,0,0,0,0,0
1,1,400218,27,27,27,27,27,27,27,27,27,27
2,1,400218,0,0,0,0,0,0,0,0,0,0
1,1,400219,1,1,1,1,1,1,1,1,1,1
2,1,400219,0,0,0,0,0,0,0,0,0,0
3,1,400219,0,0,0,0,0,0,0,0,0,0
1,1,400220,0,0,0,0,0,0,0,0,0,0
1,1,400221,25,25,25,25,25,25,25,25,25,25
1,1,400222,0,0,0,0,0,0,0,0,0,0
1,1,400223,0,0,0,0,0,0,0,0,0,0
1,1,400224,0,0,0,0,0,0,0,0,0,0
2,1,400224,0,0,0,0,0,0,0,0,0,0
3,1,400224,0,0,0,0,0,0,0,0,0,0
1,1,400225,7,7,7,7,7,7,7,7,7,7
1,1,400226,0,0,0,0,0,0,0,0,0,0
1,1,400227,21,21,21,21,21,21,21,21,21,21
2,1,400227,0,0,0,0,0,0,0,0,0,0
1,1,400228,0,0,0,0,0,0,0,0,0,0
2,1,400228,0,0,0,0,0,0,0,0,0,0
3,1,400228,0,0,0,0,0,0,0,0,0,0
1,1,400229,0,0,0,0,0,0,0,0,0,0
2,1,400229,0,0,0,11,0,0,0,0,0,0
1,1,400230,0,0,0,0,0,0,0,0,0,0
2,1,400230,0,0,0,0,0,0,0,0,0,0
1,1,400231,0,0,0,0,0,0,0,0,0,0
1,1,400232,26,26,26,26,26,26,26,26,26,26
1,1,400233,10,10,10,10,10,10,10,10,10,10
1,1,400234,0,0,0,0,0,0,0,0,0,0
0,1,400235,0,0,0,0,0,0,0,0,25,0
1,1,400235,0,0,0,0,0,0,0,0,0,0
1,1,400236,0,0,0,0,0,0,0,0,0,0
1,1,400237,0,0,0,0,0,0,0,0,0,0
2,1,400237,0,0,0,0,0,0,0,0,0,0
1,1,400238,0,0,0,0,0,0,0,0,0,0
2,1,400238,0,0,0,0,0,0,0,0,0,0
1,1,400239,18,18,18,18,18,18,18,18,18,18
1,1,400240,0,0,0,0,0,0,0,0,0,0
2,1,400240,0,0,0,0,0,0,0,0,0,0
1,1,400241,0,0,0,0,0,0,0,0,0,0
1,1,400242,0,0,0,0,0,0,0,0,0,0
2,1,400242,9,9,9,9,9,9,9,9,9,9
1,1,400243,0,0,0,0,0,0,0,0,0,0
2,1,400243,0,0,0,0,0,0,0,0,0,0
1,1,400244,16,16,16,16,16,16,16,16,16,16
1,1,400245,0,0,0,0,0,0,0,0,0,0
2,1,400245,3,3,3,3,3,3,3,3,3,3
1,1,400246,0,0,0,0,0,0,0,0,0,0
1,1,400247,0,0,0,0,0,0,0,0,0,0
1,1,400248,0,0,0,0,0,0,0,0,0,0
2,1,400248,0,0,0,0,0,0,0,0,0,0
1,1,400249,14,22,18,5,31,28,18,4,17,20
2,1,400249,0,0,0,0,0,0,0,0,0,0
3,1,400249,0,0,0,0,0,0,0,0,0,0
1,1,400250,17,17,17,17,17,17,17,17,17,17
1,1,400251,0,0,0,0,0,0,0,0,0,0
1,1,400252,17,0,0,22,0,0,0,0,0,11
2,1,400252,0,0,0,0,0,0,0,0,0,0
1,1,400253,0,0,0,0,0,0,0,0,0,0
2,1,400253,0,0,0,0,0,0,0,0,0,0
1,1,400254,11,11,11,11,11,11,11,11,11,11
2,1,400254,0,0,0,0,0,0,0,0,0,0
1,1,400255,0,0,0,0,0,0,0,0,0,0
1,1,400257,0,0,0,0,0,0,0,0,0,0
2,1,400257,0,0,0,0,0,0,0,0,0,0
1,1,400258,8,8,8,8,8,8,8,8,8,8
1,1,400259,31,31,31,31,31,31,31,31,31,31
1,1,400260,0,0,0,0,0,0,0,0,0,0
2,1,400260,0,0,0,0,0,0,0,0,0,0
1,1,400261,0,0,0,0,0,0,0,0,0,0
1,1,400262,0,0,0,0,0,0,0,0,0,0
2,1,400262,0,0,0,0,0,0,0,0,0,0
0,1,400263,0,0,0,0,0,0,0,0,0,0
0,2,400263,0,0,0,0,0,0,0,0,0,0
0,3,400263,0,0,0,0,0,0,3,0,0,0
1,1,400263,9,9,9,9,9,9,9,9,9,9
1,1,400264,0,0,0,0,0,0,0,0,0,0
1,1,400265,0,0,0,0,0,0,0,0,0,0
1,1,400266,0,0,0,0,0,0,0,0,0,0
1,1,400267,0,0,0,0,0,0,0,0,0,0
1,1,400268,0,0,0,0,0,0,0,0,0,0
2,1,400268,0,0,0,0,0,0,0,0,0,0
1,1,400269,5,5,5,5,5,5,5,5,5,5
1,1,400270,0,0,0,0,0,0,0,0,0,0
1,1,400271,20,20,20,20,20,20,20,20,20,20
1,1,400272,42,42,42,42,42,42,42,42,42,42
1,1,400273,14,14,14,14,14,14,14,14,14,14
1,1,400274,0,0,0,0,0,0,0,0,0,0