VEH_NO,PER_NO,ST_CASE,P1,P2,P3,P4,P5,P6,P7,P8,P9,P10
1,1,420565,0,0,0,0,0,0,0,0,0,0
2,1,420565,0,0,0,0,0,0,0,0,0,0
1,1,420566,0,0,0,0,0,0,0,0,0,0
2,1,420566,0,0,0,0,0,0,0,0,0,0
1,1,420567,0,0,21,0,0,0,34,0,0,0
1,1,420568,0,0,0,0,0,0,0,0,0,0
1,1,420569,0,0,0,0,0,0,0,0,0,0
1,1,420570,23,23,23,23,23,23,23,23,23,23
1,1,420571,15,15,15,15,15,15,15,15,15,15
1,1,420572,0,0,0,0,0,0,0,0,0,0
1,1,420573,10,10,10,10,10,10,10,10,10,10
1,1,420574,14,14,14,14,14,14,14,14,14,14
0,1,420575,19,0,0,6,0,0,0,33,19,0
1,1,420575,14,0,0,15,0,0,0,0,0,0
1,1,420576,40,40,40,40,40,40,40,40,40,40
1,1,420577,18,18,18,18,18,18,18,18,18,18
1,1,420578,0,0,0,0,0,0,0,0,0,0
2,1,420578,0,0,0,0,0,0,0,0,0,0
1,1,420579,0,0,0,0,0,0,0,0,0,0
2,1,420579,0,0,0,0,0,0,0,0,3,0
1,1,420580,0,0,0,0,0,0,0,0,0,0
1,1,420581,0,0,0,0,0,0,0,0,0,0
2,1,420581,0,0,0,0,0,0,0,0,0,0
1,1,420582,0,0,0,0,0,0,0,0,0,0
1,1,420583,0,0,0,0,0,0,0,0,0,0
2,1,420583,0,0,0,0,0,0,0,0,0,0
1,1,420584,0,0,0,0,0,0,0,0,0,0
1,1,420585,15,15,15,15,15,15,15,15,15,15
0,1,420586,0,0,0,0,0,0,0,0,0,0
1,1,420586,0,4,0,0,11,0,0,0,0,0
1,1,420587,0,0,0,0,0,0,0,0,0,0
1,1,420588,0,0,0,0,0,0,0,0,0,0
2,1,420588,0,0,0,0,0,0,0,0,0,0
1,1,420589,0,0,0,0,0,0,0,0,0,0
2,1,420589,0,0,0,0,0,0,0,0,0,0
1,1,420590,8,17,16,27,6,25,12,20,12,15
1,1,420591,0,17,19,20,6,4,16,9,6,24
2,1,420591,0,0,0,0,0,0,0,0,0,0
3,1,420591,0,0,0,0,0,0,0,0,0,0
1,1,420592,5,5,5,5,5,5,5,5,5,5
1,1,420593,1,1,1,1,1,1,1,1,1,1
2,1,420593,0,0,0,0,0,0,0,0,0,0
3,1,420593,0,0,0,0,0,0,0,0,0,0
1,1,420594,8,8,8,8,8,8,8,8,8,8
1,1,420595,0,0,0,0,0,0,0,0,0,0
2,1,420595,0,0,0,0,0,0,0,0,0,0
1,1,420596,0,0,0,0,0,0,0,0,0,0
2,1,420596,0,0,0,0,0,0,0,0,0,0
1,1,420597,0,0,0,0,0,0,0,0,0,0
2,1,420597,0,0,0,0,0,0,0,0,0,0
1,1,420598,11,0,0,0,0,0,0,0,0,0
1,1,420599,21,21,21,21,21,21,21,21,21,21
1,1,420600,0,0,0,0,0,0,0,0,0,0
2,1,420600,0,0,0,0,0,0,0,0,0,0
1,1,420601,12,12,12,12,12,12,12,12,12,12
2,1,420601,18,0,0,0,0,0,0,0,0,0
1,1,420602,19,19,19,19,19,19,19,19,19,19
0,1,420603,30,30,30,30,30,30,30,30,30,30
0,2,420603,30,30,30,30,30,30,30,30,30,30
1,1,420603,17,17,17,17,17,17,17,17,17,17
1,1,420604,0,0,0,0,0,0,0,0,0,0
2,1,420604,0,0,0,0,0,0,0,0,0,0
0,1,420605,0,0,0,0,0,0,0,0,0,0
1,1,420605,0,0,0,0,0,0,0,0,0,0
1,1,420606,7,0,0,0,19,0,0,0,0,0
1,1,420607,0,0,0,0,0,0,0,0,0,0
2,1,420607,0,0,0,0,0,0,0,0,0,0
1,1,420608,22,22,22,22,22,22,22,22,22,22
1,1,420609,0,0,0,0,0,0,0,0,0,0
1,1,420610,24,24,24,24,24,24,24,24,24,24
1,1,420611,20,20,20,20,20,20,20,20,20,20
1,1,420612,0,0,0,0,0,0,0,0,0,0
1,1,420613,20,20,20,20,20,20,20,20,20,20
1,1,420614,0,10,0,0,12,0,14,0,0,0
1,1,420615,0,0,0,0,0,0,0,0,0,0
2,1,420615,0,0,0,0,0,0,0,0,0,0
1,1,420616,0,0,0,0,0,0,0,0,0,0
2,1,420616,0,0,0,0,0,0,0,0,0,0
1,1,420617,14,14,14,14,14,14,14,14,14,14
1,1,420618,5,5,5,5,5,5,5,5,5,5
2,1,420618,10,0,13,0,6,0,0,25,0,0
1,1,420619,5,5,5,5,5,5,5,5,5,5
1,1,420620,0,0,0,0,0,5,0,0,0,0
2,1,420620,0,0,0,0,0,0,0,0,0,0
1,1,420621,0,0,0,0,0,0,0,0,0,0
1,1,420622,0,0,0,0,0,0,0,0,0,0
2,1,420622,0,0,0,0,0,0,0,0,0,0
1,1,420623,24,24,24,24,24,24,24,24,24,24
1,1,420624,0,0,0,0,0,0,0,0,0,0
2,1,420624,0,0,7,0,0,0,0,0,0,0
3,1,420624,0,0,0,0,0,0,0,0,0,0
4,1,420624,0,0,0,0,0,0,0,0,0,0
0,1,420625,0,0,0,0,0,0,0,0,0,0
1,1,420625,11,0,0,0,0,0,0,0,0,0
0,1,420626,14,14,14,14,14,14,14,14,14,14
1,1,420626,0,0,0,0,0,0,0,0,14,0
0,1,420627,0,0,0,0,0,0,0,0,0,0
1,1,420627,0,0,0,0,0,0,0,0,0,0
1,1,420628,0,0,0,0,0,0,0,0,0,0
1,1,420629,0,0,0,0,0,0,3,0,17,0
2,1,420629,3,3,3,3,3,3,3,3,3,3
3,1,420629,0,0,0,0,0,0,0,0,0,0
1,1,420630,0,0,0,0,0,0,0,0,0,0
0,1,420631,0,0,0,0,0,0,0,0,0,0
0,2,420631,0,24,0,23,23,14,10,0,0,0
1,1,420631,0,0,20,0,0,6,0,0,9,16
1,1,420632,0,0,0,0,0,0,0,0,0,0
2,1,420632,0,0,0,0,0,0,0,0,0,0
1,1,420633,5,5,5,5,5,5,5,5,5,5
1,1,420634,20,0,0,14,11,0,0,13,20,0
2,1,420634,0,0,15,0,12,0,0,0,0,16
1,1,420635,0,0,0,0,0,0,0,0,0,0
2,1,420635,0,0,0,0,0,0,0,0,0,0
1,1,420636,0,0,0,0,0,0,0,0,0,0
2,1,420636,0,0,0,0,0,0,0,0,0,0
3,1,420636,0,0,0,0,0,0,0,0,0,0
1,1,420637,0,0,0,0,0,0,0,0,0,0
2,1,420637,0,0,0,0,0,6,0,0,0,0
1,1,420638,9,9,9,9,9,9,9,9,9,9
1,1,420639,0,0,0,0,0,0,0,0,0,0
2,1,420639,0,0,0,0,0,0,0,0,0,0
1,1,420640,0,0,0,0,10,0,0,0,0,0
2,1,420640,13,0,0,0,0,0,0,0,0,0
1,1,420641,0,0,0,0,0,0,0,0,0,0
1,1,420642,0,0,0,0,0,0,0,0,0,0
1,1,420643,3,3,3,3,3,3,3,3,3,3
1,1,420644,2,2,2,2,2,2,2,2,2,2
2,1,420644,0,0,0,0,0,0,0,0,0,0
1,1,420645,0,0,0,0,0,0,0,0,0,0
2,1,420645,0,0,0,0,0,0,0,0,0,0
1,1,420646,0,0,0,0,0,0,0,0,0,0
2,1,420646,0,0,0,0,0,0,0,0,0,0
1,1,420647,14,0,0,0,0,0,0,0,0,0
2,1,420647,0,0,0,0,0,0,19,0,0,0
1,1,420648,0,0,0,0,0,0,0,0,0,0
2,1,420648,0,0,0,0,0,0,0,0,0,0
1,1,420649,0,0,0,0,0,0,0,0,0,0
2,1,420649,0,0,0,0,0,0,0,0,0,0
1,1,420650,0,0,0,0,0,0,0,0,0,0
2,1,420650,0,0,0,0,0,0,0,0,0,0
1,1,420651,0,0,0,0,0,0,0,0,0,6
2,1,420651,0,0,0,0,0,0,0,0,0,0
1,1,420652,0,0,0,0,0,0,0,0,0,0
2,1,420652,0,0,0,0,0,0,0,0,0,0
1,1,420653,0,0,0,0,0,0,0,0,0,0
1,1,420654,0,0,0,0,0,0,0,0,0,0
2,1,420654,0,0,0,0,0,0,0,0,0,0
1,1,420655,30,30,30,30,30,30,30,30,30,30
2,1,420655,17,17,17,17,17,17,17,17,17,17
1,1,420656,0,0,0,0,0,0,0,0,0,0
2,1,420656,0,0,0,0,0,0,0,0,0,0
1,1,420657,0,0,0,0,0,0,8,0,0,0
2,1,420657,0,0,0,0,0,0,0,0,0,0
1,1,420658,27,27,27,27,27,27,27,27,27,27
1,1,420659,31,31,31,31,31,31,31,31,31,31
1,1,420660,0,0,0,0,0,0,0,0,0,0
2,1,420660,0,0,0,0,0,0,0,0,0,0
1,1,420661,0,0,0,0,0,0,0,0,0,0
2,1,420661,0,0,0,0,0,0,0,0,0,0
1,1,420662,0,0,0,0,0,0,0,0,0,0
2,1,420662,0,0,0,0,0,0,0,0,0,0
1,1,420663,0,0,0,0,0,0,0,0,0,0
1,1,420664,0,0,0,0,0,0,0,0,0,0
2,1,420664,0,0,0,0,0,0,0,0,0,0
1,1,420665,0,0,0,0,0,0,0,0,0,0
2,1,420665,0,0,0,0,0,0,0,0,0,0
0,1,420666,0,0,0,0,0,0,0,0,0,0
1,1,420666,0,0,0,0,0,0,0,0,0,0
1,1,420667,22,22,22,22,22,22,22,22,22,22
2,1,420667,0,0,0,0,0,0,0,0,0,0
1,1,420668,0,0,0,0,0,0,0,0,0,0
1,1,420669,0,0,0,0,0,0,0,0,0,0
2,1,420669,0,0,0,0,0,0,0,0,0,0
1,1,420670,0,0,0,0,0,0,0,0,0,0
2,1,420670,0,0,0,0,0,0,0,0,0,0
1,1,420671,0,0,0,0,0,0,0,0,0,0
2,1,420671,0,0,0,0,0,0,0,0,0,0
3,1,420671,0,0,0,0,0,0,0,0,0,0
4,1,420671,0,0,0,0,0,0,0,0,0,0
5,1,420671,0,0,0,0,0,0,0,0,0,0
6,1,420671,0,0,0,0,0,0,0,0,0,0
7,1,420671,0,0,0,0,0,0,0,0,0,0
1,1,420672,0,0,0,0,0,0,0,0,0,0
2,1,420672,0,0,0,0,0,0,0,0,0,0
1,1,420673,0,0,9,0,0,0,0,0,0,0
1,1,420674,8,13,16,16,5,11,9,18,12,13
1,1,420675,0,0,0,0,0,0,0,0,0,0
2,1,420675,0,0,0,0,0,0,0,0,0,0
1,1,420676,0,0,0,0,0,0,0,0,0,0
1,1,420677,15,0,10,0,4,15,16,0,0,18
2,1,420677,0,0,0,0,0,0,0,0,0,0
1,1,420678,0,0,0,0,0,0,0,0,0,0
2,1,420678,0,0,0,0,0,0,0,0,0,0
1,1,420679,13,13,13,13,13,13,13,13,13,13
1,1,420680,0,0,0,0,0,0,0,0,0,0
2,1,420680,0,0,0,0,0,0,0,0,0,0
1,1,420681,11,11,11,11,11,11,11,11,11,11
1,1,420682,27,27,27,27,27,27,27,27,27,27
2,1,420682,0,0,0,0,0,0,0,0,0,0
1,1,420683,22,22,22,22,22,22,22,22,22,22
0,1,420684,7,7,7,7,7,7,7,7,7,7
1,1,420684,0,0,0,0,0,0,0,0,0,0
1,1,420685,0,0,0,0,0,0,0,0,0,0
2,1,420685,0,0,0,0,0,0,0,0,0,0
1,1,420686,20,20,20,20,20,20,20,20,20,20
1,1,420687,0,0,0,0,0,0,0,0,0,0
2,1,420687,0,0,0,0,0,0,0,0,0,0
1,1,420688,16,16,16,16,16,16,16,16,16,16
1,1,420689,0,0,0,0,0,0,0,0,0,0
2,1,420689,0,0,0,0,0,0,0,0,0,0
0,1,420690,0,0,0,0,0,0,0,0,0,0
1,1,420690,0,0,0,0,0,0,0,0,0,0
1,1,420691,0,0,0,0,0,0,0,0,0,0
2,1,420691,0,0,0,0,0,0,0,0,0,0
1,1,420692,0,0,0,0,0,0,0,0,0,0
2,1,420692,0,0,23,7,0,18,0,14,0,0
1,1,420693,31,31,31,31,31,31,31,31,31,31
1,1,420694,6,6,6,6,6,6,6,6,6,6
2,1,420694,0,0,0,0,0,0,0,0,0,0
3,1,420694,0,0,0,0,0,0,0,0,0,0
1,1,420695,0,0,0,0,0,0,0,0,0,0
2,1,420695,0,11,4,0,0,0,0,0,0,0
1,1,420696,0,0,0,0,0,0,0,0,0,0
2,1,420696,0,0,0,0,0,0,0,0,0,0
1,1,420697,23,23,23,23,23,23,23,23,23,23
2,1,420697,0,0,0,0,0,0,0,0,0,0
1,1,420698,26,26,26,26,26,26,26,26,26,26
0,1,420699,0,0,0,0,0,0,0,0,0,0
1,1,420699,0,0,0,0,0,0,0,0,0,0
1,1,420700,0,0,0,0,0,0,0,0,0,0
2,1,420700,0,0,0,0,0,0,0,0,0,0
1,1,420701,0,0,0,0,0,0,0,0,0,0
1,1,420702,0,0,0,11,5,0,0,0,9,0
2,1,420702,0,0,0,0,0,0,0,0,0,0
1,1,420703,0,0,0,5,0,0,0,0,0,8
1,1,420704,0,0,0,0,0,0,0,0,0,0
1,1,420705,0,0,0,11,0,3,0,0,0,0
2,1,420705,0,0,0,0,0,0,0,6,0,0
1,1,420706,27,27,27,27,27,27,27,27,27,27
2,1,420706,0,0,0,0,0,0,10,0,0,0
1,1,420707,0,0,0,0,0,0,0,0,0,0
1,1,420708,6,6,6,6,6,6,6,6,6,6
1,1,420709,0,0,0,0,0,0,0,0,0,0
1,1,420710,0,0,0,0,0,0,0,0,0,0
1,1,420711,0,0,0,0,0,0,0,0,0,0
1,1,420712,0,0,0,0,0,0,0,0,0,0
2,1,420712,0,0,0,0,0,0,0,0,0,0
1,1,420713,0,0,0,0,0,0,0,0,0,0
2,1,420713,0,0,0,0,0,0,0,0,0,0
1,1,420714,0,0,0,0,0,0,0,0,0,0
2,1,420714,0,0,0,0,0,0,0,0,0,0
1,1,420715,11,11,11,11,11,11,11,11,11,11
0,1,420716,2,2,2,2,2,2,2,2,2,2
1,1,420716,0,0,0,0,0,0,0,0,0,0
0,1,420717,18,18,18,18,18,18,18,18,18,18
1,1,420717,0,0,0,0,0,0,0,0,0,0
1,1,420718,8,8,8,8,8,8,8,8,8,8
1,1,420719,0,0,0,0,0,0,0,0,0,0
2,1,420719,0,0,0,0,0,0,0,0,0,0
1,1,420720,0,0,0,0,0,0,0,0,0,0
1,1,420721,22,22,22,22,22,22,22,22,22,22
2,1,420721,0,0,8,0,0,18,0,7,0,0
1,1,420722,0,4,0,0,0,0,0,0,0,0
0,1,420723,0,0,0,0,0,0,0,0,0,0
1,1,420723,0,0,0,0,0,0,0,0,0,0
1,1,420724,15,15,15,15,15,15,15,15,15,15
2,1,420724,0,0,0,0,0,0,0,0,0,0
1,1,420725,32,32,32,32,32,32,32,32,32,32
1,1,420726,13,13,13,13,13,13,13,13,13,13
1,1,420727,0,0,0,0,0,0,0,0,0,0
1,1,420728,0,0,0,0,0,0,0,0,0,0
2,1,420728,7,0,0,0,0,0,0,0,0,0
1,1,420729,0,0,0,0,0,0,0,0,0,0
2,1,420729,0,0,0,0,0,0,0,0,0,0
3,1,420729,0,0,0,0,0,0,0,0,0,0
1,1,420730,0,0,0,0,0,0,7,0,0,0
0,1,420731,35,35,35,35,35,35,35,35,35,35
1,1,420731,0,0,0,0,0,0,0,0,0,0
1,1,420732,1,1,1,1,1,1,1,1,1,1
2,1,420732,5,5,5,5,5,5,5,5,5,5
1,1,420733,0,0,0,0,0,0,0,0,0,0
1,1,420734,4,4,4,4,4,4,4,4,4,4
1,1,420735,13,11,21,18,28,0,0,20,14,17
1,1,420736,6,0,0,0,0,7,0,0,0,0
2,1,420736,0,0,0,0,0,0,0,0,0,0
1,1,420737,24,24,24,24,24,24,24,24,24,24
1,1,420738,7,7,7,7,7,7,7,7,7,7
2,1,420738,0,0,0,0,0,0,0,0,0,0
1,1,420739,0,0,0,0,8,0,0,0,0,0
2,1,420739,3,3,3,3,3,3,3,3,3,3
1,1,420740,0,0,0,0,0,0,0,0,0,0
1,1,420741,0,0,19,0,0,0,0,0,0,0
2,1,420741,0,0,0,0,0,0,0,0,0,0
0,1,420742,0,0,12,14,16,0,0,9,11,0
1,1,420742,0,0,0,0,0,0,0,0,0,0
2,1,420742,0,0,0,0,0,0,0,0,8,0
0,1,420743,6,0,15,0,0,0,0,28,0,5
1,1,420743,0,0,0,0,0,0,0,0,0,0
0,1,420744,0,0,0,0,0,0,0,0,0,0
1,1,420744,0,0,0,0,0,0,0,0,0,0
1,1,420745,17,0,10,13,22,0,10,0,0,12
1,1,420746,0,0,7,0,0,0,0,0,0,0
2,1,420746,0,0,0,0,0,0,0,0,0,0
1,1,420747,0,0,0,0,0,0,13,0,0,0
2,1,420747,0,0,0,0,0,0,0,0,0,0
1,1,420748,13,13,13,13,13,13,13,13,13,13
1,1,420749,0,0,0,0,0,0,0,0,0,0
2,1,420749,0,0,0,0,0,0,0,0,0,0
1,1,420750,5,19,8,24,0,12,17,9,12,25
2,1,420750,0,0,0,0,0,0,0,0,0,0
1,1,420751,0,0,0,0,0,0,0,0,0,0
2,1,420751,0,0,0,0,13,0,0,0,0,0
1,1,420752,0,0,0,0,0,0,0,0,0,0
2,1,420752,0,0,0,0,0,0,0,0,0,0
1,1,420753,0,0,0,0,0,0,0,7,0,0
1,1,420754,29,29,29,29,29,29,29,29,29,29
1,1,420755,0,0,0,0,21,0,0,0,0,0
2,1,420755,0,0,0,0,0,0,0,0,0,0
1,1,420756,0,0,0,0,0,0,0,0,8,17
1,1,420757,21,21,21,21,21,21,21,21,21,21
2,1,420757,0,0,0,0,0,0,0,0,0,0
1,1,420758,0,0,0,0,0,0,0,0,0,0
2,1,420758,0,0,0,0,0,0,0,0,0,0
1,1,420759,8,8,8,8,8,8,8,8,8,8
2,1,420759,0,0,0,0,0,0,0,0,0,0
1,1,420760,0,0,0,0,0,0,0,0,0,0
2,1,420760,0,0,0,0,0,0,0,0,0,0
1,1,420761,21,21,21,21,21,21,21,21,21,21
1,1,420762,0,0,0,0,0,0,0,0,0,0
2,1,420762,0,0,0,0,0,0,0,0,0,0
1,1,420763,0,0,0,0,0,0,0,0,0,0
2,1,420763,0,0,0,0,0,0,0,0,0,0
1,1,420764,23,23,23,23,23,23,23,23,23,23
2,1,420764,0,0,0,0,0,0,0,0,0,0
0,1,420765,0,0,0,0,0,0,0,0,0,0
1,1,420765,0,0,0,0,0,0,0,0,0,0
1,1,420766,0,0,0,0,0,0,0,0,0,0
2,1,420766,0,0,0,0,0,0,0,0,0,0
1,1,420767,18,18,18,18,18,18,18,18,18,18
2,1,420767,0,0,0,0,0,0,0,0,0,0
1,1,420768,0,0,0,0,0,0,0,0,0,0
2,1,420768,0,0,0,0,0,0,0,11,0,7
3,1,420768,0,0,0,0,0,0,0,0,0,0
1,1,420769,0,0,0,0,0,0,0,0,0,0
2,1,420769,0,0,0,0,0,0,0,0,0,0
3,1,420769,0,0,0,0,0,0,0,0,0,0
1,1,420770,29,29,29,29,29,29,29,29,29,29
2,1,420770,0,0,0,0,0,0,0,0,0,0
3,1,420770,0,0,0,0,0,0,0,0,0,0
1,1,420771,0,0,0,0,0,0,0,0,0,0
2,1,420771,0,0,0,0,0,0,0,0,0,0
0,1,420772,35,35,35,35,35,35,35,35,35,35
1,1,420772,0,0,0,0,0,0,0,0,0,0
0,1,420773,0,0,0,0,0,0,0,0,0,0
1,1,420773,0,0,0,0,0,0,0,0,0,0
1,1,420774,0,0,0,0,0,0,0,0,0,0
2,1,420774,0,0,0,0,0,0,0,0,0,0
1,1,420775,29,29,29,29,29,29,29,29,29,29
2,1,420775,9,9,9,9,9,9,9,9,9,9
1,1,420776,27,27,27,27,27,27,27,27,27,27
1,1,420777,0,0,0,0,0,0,0,0,0,0
1,1,420778,0,0,0,0,0,0,0,0,0,0
2,1,420778,0,0,0,0,0,0,0,0,0,0
1,1,420779,34,34,34,34,34,34,34,34,34,34
1,1,420780,0,0,0,0,0,0,0,0,0,0
2,1,420780,0,0,0,0,0,0,0,0,0,0
1,1,420781,0,0,0,0,0,0,0,0,0,0
2,1,420781,0,0,0,0,0,0,0,0,0,0
1,1,420782,0,0,0,0,0,0,0,0,0,0
1,1,420783,0,0,0,0,0,0,0,0,0,0
1,1,420784,14,14,14,14,14,14,14,14,14,14
1,1,420785,17,17,17,17,17,17,17,17,17,17
1,1,420786,11,11,11,11,11,11,11,11,11,11
0,1,420787,0,0,0,0,0,0,0,0,0,0
1,1,420787,0,0,0,0,0,0,0,0,0,0
1,1,420788,30,30,30,30,30,30,30,30,30,30
1,1,420789,0,0,0,0,0,0,0,0,0,0
2,1,420789,0,0,0,0,0,0,0,0,0,0
1,1,420790,0,0,0,0,0,0,0,0,0,0
2,1,420790,0,0,0,0,0,0,0,0,0,0
1,1,420791,0,0,0,0,0,0,0,0,0,0
1,1,420792,0,0,0,0,0,0,0,0,2,0
2,1,420792,0,0,0,0,0,0,0,0,0,0
1,1,420793,0,0,0,0,0,0,0,0,0,0
2,1,420793,0,0,0,0,0,0,0,0,0,0
1,1,420794,0,0,0,0,0,0,0,0,0,0
2,1,420794,0,0,0,0,0,0,0,0,0,0
0,1,420795,19,19,19,19,19,19,19,19,19,19
1,1,420795,0,0,0,0,0,0,0,0,0,0
0,1,420796,0,0,2,0,0,0,0,0,0,0
1,1,420796,0,0,0,0,0,0,0,0,0,0
1,1,420797,0,0,0,0,0,0,0,0,0,0
2,1,420797,0,0,0,0,0,0,0,4,0,0
1,1,420798,22,22,22,22,22,22,22,22,22,22
2,1,420798,0,0,0,0,0,0,0,0,0,0
2,1,420799,0,20,10,25,15,14,7,7,0,12
1,1,420800,14,14,14,14,14,14,14,14,14,14
1,1,420801,31,31,31,31,31,31,31,31,31,31
1,1,420802,29,29,29,29,29,29,29,29,29,29
1,1,420803,0,0,0,0,0,0,0,0,0,0
2,1,420803,0,0,0,0,0,0,0,0,0,0
1,1,420804,14,0,0,0,0,0,0,0,0,0
1,1,420805,18,20,19,19,16,23,18,14,9,11
1,1,420806,0,0,0,0,0,0,0,0,0,0
1,1,420807,0,0,0,0,0,0,0,0,0,0
1,1,420808,14,14,14,14,14,14,14,14,14,14
1,1,420809,0,0,0,0,0,0,0,0,0,0
1,1,420810,0,0,0,0,0,0,0,0,0,0
1,1,420811,0,0,0,0,0,0,0,0,0,0
1,1,420812,0,0,0,0,0,0,0,0,0,0
1,1,420813,0,0,0,0,0,0,0,0,0,0
1,1,420814,17,17,17,17,17,17,17,17,17,17
1,1,420815,0,0,0,0,0,0,0,0,0,0
2,1,420815,0,0,0,0,0,0,0,0,0,0
1,1,420816,0,0,0,0,0,0,0,0,0,0
2,1,420817,0,0,0,0,0,0,0,0,0,0
3,1,420817,0,0,0,0,0,0,0,0,0,0
1,1,420818,0,0,6,0,20,28,12,10,0,0
1,1,420819,0,0,0,0,0,0,0,0,0,0
1,1,420820,17,17,17,17,17,17,17,17,17,17
2,1,420820,0,0,0,0,0,0,0,0,0,0
1,1,420821,10,10,10,10,10,10,10,10,10,10
2,1,420821,0,0,0,0,0,0,0,0,0,0
1,1,420822,34,34,34,34,34,34,34,34,34,34
1,1,420823,0,0,0,0,0,0,0,0,0,0
1,1,420824,19,19,19,19,19,19,19,19,19,19
1,1,420825,0,0,0,0,0,0,0,0,0,0
1,1,420826,1,1,1,1,1,1,1,1,1,1
1,1,420827,0,0,0,0,0,0,0,0,0,0
2,1,420827,0,0,0,0,0,0,0,0,0,0
3,1,420827,0,0,0,0,0,0,0,0,0,0
1,1,420828,0,0,0,0,0,0,0,0,0,0
1,1,420829,0,0,0,0,0,0,0,0,0,0
1,1,420830,0,0,0,0,0,0,0,0,0,0
1,1,420831,0,0,0,0,0,0,0,0,0,0
1,1,420832,0,0,0,0,0,0,0,0,0,0
2,1,420832,0,0,0,0,0,0,0,0,0,0
1,1,420833,0,0,0,0,0,0,0,0,0,0
2,1,420833,0,0,0,0,0,0,0,0,0,0
1,1,420834,19,19,19,19,19,19,19,19,19,19
2,1,420834,0,0,0,0,0,0,0,0,0,0
1,1,420835,14,14,14,14,14,14,14,14,14,14
1,1,420836,0,0,0,0,0,0,0,0,0,0
2,1,420836,0,0,0,0,0,0,0,0,0,0
1,1,420837,0,0,0,0,0,0,0,0,0,0
2,1,420837,0,0,0,0,0,0,0,0,0,0
1,1,420838,0,0,0,0,0,0,0,0,0,0
2,1,420838,0,0,0,0,0,0,0,0,0,0
1,1,420839,0,0,0,0,0,0,0,0,0,0
2,1,420839,0,0,0,0,0,0,0,0,0,0
1,1,420840,0,16,26,15,16,16,18,16,28,16
2,1,420840,0,0,0,0,0,0,0,0,0,0
1,1,420841,8,8,8,8,8,8,8,8,8,8
1,1,420842,0,0,0,0,0,0,0,0,0,0
2,1,420842,0,0,0,0,0,0,0,0,0,0
1,1,420843,3,3,3,3,3,3,3,3,3,3
1,1,420844,0,0,0,0,0,0,0,0,0,0
1,1,420845,9,9,9,9,9,9,9,9,9,9
2,1,420845,9,9,9,9,9,9,9,9,9,9
1,1,420846,0,0,0,0,0,0,0,0,0,0
1,1,420847,10,10,10,10,10,10,10,10,10,10
2,1,420847,0,0,0,0,0,0,0,0,0,0
0,1,420848,0,0,0,0,5,0,0,0,0,26
1,1,420848,0,17,0,3,0,0,0,0,0,0
1,1,420849,0,0,0,0,0,0,0,0,0,0
2,1,420849,0,0,0,0,0,0,0,0,0,0
1,1,420850,0,0,0,0,0,0,0,0,0,0
2,1,420850,0,0,0,0,0,0,0,0,0,0
1,1,420851,0,0,0,0,0,0,0,0,0,0
1,1,420852,0,0,0,0,0,0,0,0,0,0
1,1,420853,14,14,14,14,14,14,14,14,14,14
2,1,420853,0,0,0,0,0,0,0,0,0,0
1,1,420854,0,0,0,0,0,0,0,0,0,0
2,1,420854,0,0,0,0,0,0,0,0,0,0
0,1,420855,27,15,21,20,19,10,30,6,25,17
1,1,420855,20,20,20,20,20,20,20,20,20,20
1,1,420856,0,0,0,0,0,0,0,0,0,0
2,1,420856,0,0,0,0,0,0,0,0,0,0
1,1,420857,26,26,26,26,26,26,26,26,26,26
1,1,420858,0,0,0,0,3,0,0,0,0,0
2,1,420858,0,0,0,0,0,0,0,0,0,0
1,1,420859,6,6,6,6,6,6,6,6,6,6
1,1,420860,0,0,0,0,0,0,0,0,0,0
1,1,420861,0,0,0,0,0,0,0,0,0,0
2,1,420861,0,0,0,0,0,0,0,0,0,0
1,1,420862,0,0,0,0,0,0,0,0,0,0
2,1,420862,0,0,0,0,0,0,0,0,0,0
1,1,420863,0,0,0,0,0,0,0,0,0,14
2,1,420863,0,0,0,0,0,0,0,0,0,0
3,1,420863,0,0,0,0,0,0,0,0,0,0
4,1,420863,8,0,0,0,0,0,0,0,0,0
1,1,420864,0,0,0,0,0,0,0,0,0,0
2,1,420864,0,0,0,0,0,0,0,9,0,0
1,1,420865,0,0,0,0,0,0,0,0,0,0
1,1,420866,24,24,24,24,24,24,24,24,24,24
1,1,420867,0,0,0,0,0,0,0,0,0,0
1,1,420868,0,0,3,0,0,0,0,0,0,0
1,1,420869,0,0,0,0,0,0,0,0,0,0
1,1,420870,0,0,0,0,0,0,0,0,0,11
2,1,420870,0,0,0,0,0,0,0,0,0,0
0,1,420871,0,0,0,0,0,0,0,0,0,0
1,1,420871,0,0,0,0,0,0,0,0,0,0
1,1,420872,16,16,16,16,16,16,16,16,16,16
2,1,420872,0,0,0,0,0,0,0,0,0,0
1,1,420873,15,15,15,15,15,15,15,15,15,15
2,1,420873,15,15,15,15,15,15,15,15,15,15
1,1,420874,0,0,0,0,0,0,0,0,0,0
2,1,420874,0,0,0,0,0,0,0,0,0,0
1,1,420875,0,0,0,0,0,0,0,0,0,0
2,1,420875,0,0,0,0,0,0,0,0,0,0
1,1,420876,0,0,0,0,0,0,0,0,0,0
1,1,420877,3,3,3,3,3,3,3,3,3,3
1,1,420878,0,0,0,0,0,0,0,0,0,0
2,1,420878,0,0,0,0,0,0,0,0,0,0
1,1,420879,0,0,0,0,0,0,0,0,0,0
2,1,420879,0,0,0,0,0,0,0,0,0,0
1,1,420880,0,0,9,0,0,0,0,0,0,0