VEH_NO,PER_NO,ST_CASE,P1,P2,P3,P4,P5,P6,P7,P8,P9,P10
1,1,440055,0,0,0,0,0,0,0,0,0,0
0,1,440056,31,31,31,31,31,31,31,31,31,31
1,1,440056,0,0,0,0,0,0,0,0,0,0
1,1,440057,0,0,0,0,0,0,0,0,0,0
2,1,440057,0,0,0,0,0,0,0,0,0,0
1,1,440058,7,7,7,7,7,7,7,7,7,7
1,1,440059,8,8,8,8,8,8,8,8,8,8
0,1,440060,14,14,14,14,14,14,14,14,14,14
1,1,440060,0,0,0,0,0,0,0,0,0,0
1,1,440061,13,0,0,0,0,20,0,20,0,25
1,1,440062,12,12,12,12,12,12,12,12,12,12
2,1,440063,0,0,0,0,0,0,0,0,0,0
1,1,440064,0,0,0,0,0,0,0,0,0,0
2,1,440064,0,0,0,0,0,0,0,0,0,0
0,1,440065,0,0,0,0,0,0,0,0,0,0
1,1,440065,0,0,0,10,0,10,0,0,0,0
1,1,440067,0,0,0,0,0,0,0,0,0,0
1,1,440068,4,6,0,5,28,45,6,14,17,15
1,1,440069,0,0,0,0,0,0,0,0,0,0
1,1,440070,16,16,16,16,16,16,16,16,16,16
2,1,440070,0,0,4,0,0,0,0,7,0,8
0,1,440071,0,0,0,0,0,0,0,0,0,0
1,1,440071,0,20,0,0,0,0,0,12,0,0
1,1,440072,17,0,10,27,4,0,0,0,20,0
1,1,440073,0,0,0,0,0,0,0,0,0,0
2,1,440073,14,12,0,0,0,19,6,17,22,23
3,1,440073,0,0,14,0,0,2,0,10,0,0
1,1,440074,7,2,0,17,0,0,28,0,0,0
1,1,440075,8,0,0,0,0,0,0,0,0,19
2,1,440075,0,0,0,0,0,0,0,0,0,0
1,1,440076,0,0,0,0,0,0,0,0,0,0
2,1,440076,0,13,0,0,26,0,0,15,10,16
1,1,440078,0,0,0,0,0,0,0,0,0,0
0,1,440079,0,0,0,0,0,0,0,0,0,0
1,1,440079,0,0,0,0,0,0,0,0,0,0
0,1,450001,0,0,0,0,0,0,0,0,0,0
0,2,450001,0,0,0,0,0,0,0,0,0,0
1,1,450001,0,12,0,7,20,0,0,0,0,0
1,1,450002,9,9,9,9,9,9,9,9,9,9
2,1,450002,27,27,27,27,27,27,27,27,27,27
1,1,450003,0,0,0,0,0,0,0,0,0,0
2,1,450003,0,0,0,0,0,0,0,0,0,0
1,1,450004,0,0,7,0,0,0,0,0,0,0
2,1,450004,0,0,0,0,0,0,0,0,0,0
1,1,450005,15,15,15,15,15,15,15,15,15,15
0,1,450006,0,0,0,0,0,0,0,0,0,0
1,1,450006,0,0,0,0,0,0,0,0,0,0
0,1,450007,33,33,33,33,33,33,33,33,33,33
1,1,450007,0,0,0,0,0,15,10,0,0,0
1,1,450008,0,0,0,0,0,0,0,0,0,0
2,1,450008,0,0,0,0,0,0,0,0,0,0
1,1,450009,24,0,0,22,0,0,0,0,0,44
1,1,450010,0,0,0,0,0,0,0,0,0,0
2,1,450010,0,0,0,0,0,0,0,0,0,0
1,1,450011,0,0,0,0,0,0,0,0,0,0
2,1,450011,0,0,0,0,0,0,0,0,0,0
1,1,450012,0,0,0,0,0,0,0,0,0,0
1,1,450013,14,14,14,14,14,14,14,14,14,14
1,1,450014,20,20,20,20,20,20,20,20,20,20
2,1,450014,0,0,0,0,0,0,0,0,0,16
1,1,450015,0,0,0,0,0,0,13,0,0,0
2,1,450015,22,22,22,22,22,22,22,22,22,22
1,1,450016,0,0,0,0,0,0,0,0,0,0
2,1,450016,0,0,0,0,0,0,0,0,0,0
0,1,450017,0,0,0,0,0,0,0,0,0,0
1,1,450017,0,16,0,21,0,0,0,0,6,0
1,1,450018,0,0,0,0,0,0,0,0,0,0
1,1,450019,28,28,28,28,28,28,28,28,28,28
1,1,450020,0,0,0,3,0,0,0,0,0,0
2,1,450020,0,0,11,0,0,0,0,0,0,0
1,1,450021,0,0,0,0,0,0,0,0,0,0
2,1,450021,0,0,0,0,0,0,0,0,0,9
1,1,450022,3,3,3,3,3,3,3,3,3,3
1,1,450023,0,0,0,0,0,0,0,0,0,0
2,1,450023,15,15,15,15,15,15,15,15,15,15
1,1,450024,23,14,19,13,27,19,31,5,38,32
1,1,450025,0,0,0,0,0,0,0,0,0,0
2,1,450025,0,0,0,0,0,0,0,0,0,0
3,1,450025,0,0,0,0,0,0,0,0,0,0
4,1,450025,0,0,0,0,0,0,0,0,0,0
1,1,450026,0,0,0,0,0,0,0,0,0,0
1,1,450027,0,0,0,0,0,0,0,0,0,0
1,1,450028,14,8,14,0,25,5,18,11,11,15
1,1,450029,16,20,31,23,34,27,19,13,19,18
1,1,450030,11,11,11,11,11,11,11,11,11,11
1,1,450031,21,21,21,21,21,21,21,21,21,21
1,1,450032,0,7,0,0,22,0,0,0,16,0
1,1,450033,20,20,20,20,20,20,20,20,20,20
0,1,450034,14,14,14,14,14,14,14,14,14,14
1,1,450034,0,0,0,0,0,7,0,0,0,0
1,1,450035,0,0,0,0,0,0,0,0,0,0
2,1,450035,0,0,0,0,0,0,0,0,0,0
1,1,450036,5,5,5,5,5,5,5,5,5,5
1,1,450037,0,11,8,0,23,0,0,0,6,0
1,1,450038,0,0,0,0,10,16,0,0,0,0
2,1,450038,24,24,24,24,24,24,24,24,24,24
3,1,450038,0,0,0,0,0,0,0,0,0,0
1,1,450039,0,0,0,0,0,0,0,0,0,0
2,1,450039,0,0,0,0,0,0,0,0,0,0
1,1,450040,9,9,9,9,9,9,9,9,9,9
1,1,450041,22,22,22,22,22,22,22,22,22,22
1,1,450042,25,25,25,25,25,25,25,25,25,25
2,1,450042,0,0,0,11,7,0,0,0,0,0
3,1,450042,0,7,0,0,0,0,0,0,0,0
1,1,450043,0,0,0,0,0,0,0,0,0,0
1,1,450044,0,0,0,0,0,0,0,0,0,0
1,1,450045,0,0,0,0,0,0,0,0,0,0
1,1,450046,7,0,0,7,0,10,10,0,13,10
1,1,450047,28,28,28,28,28,28,28,28,28,28
1,1,450048,25,25,25,25,25,25,25,25,25,25
1,1,450049,0,0,0,0,0,0,0,0,0,0
1,1,450050,0,0,0,0,0,0,0,0,0,0
1,1,450051,26,26,26,26,26,26,26,26,26,26
1,1,450052,29,29,29,29,29,29,29,29,29,29
1,1,450053,26,26,26,26,26,26,26,26,26,26
2,1,450053,23,14,4,8,18,7,19,14,13,9
1,1,450054,0,0,0,0,0,0,0,0,0,0
2,1,450054,0,0,0,0,0,0,0,0,0,0
1,1,450055,0,0,0,0,0,0,0,0,0,0
2,1,450055,0,0,0,0,0,0,0,0,0,0
1,1,450056,6,6,11,0,11,8,10,9,6,16
2,1,450056,25,25,25,25,25,25,25,25,25,25
1,1,450057,0,0,0,0,0,0,0,0,0,0
1,1,450058,16,16,16,16,16,16,16,16,16,16
1,1,450059,0,0,0,0,0,0,0,0,0,0
2,1,450059,0,0,0,0,0,0,0,0,0,0
1,1,450060,12,12,12,12,12,12,12,12,12,12
1,1,450061,13,13,13,13,13,13,13,13,13,13
1,1,450062,11,11,11,11,11,11,11,11,11,11
1,4,450063,0,0,0,0,39,26,0,0,0,0
1,1,450064,24,24,24,24,24,24,24,24,24,24
1,1,450065,18,18,18,18,18,18,18,18,18,18
1,1,450066,0,0,0,0,0,0,0,0,0,0
1,1,450067,28,28,28,28,28,28,28,28,28,28
1,1,450068,28,9,30,26,25,20,10,17,13,38
1,1,450069,26,26,26,26,26,26,26,26,26,26
1,1,450070,10,10,10,10,10,10,10,10,10,10
1,1,450071,22,22,22,22,22,22,22,22,22,22
2,1,450071,0,0,0,0,0,0,0,0,0,0
1,1,450072,0,0,0,0,0,0,0,0,0,0
2,1,450072,0,0,0,0,8,0,20,0,0,0
3,1,450072,0,0,0,12,0,0,0,0,0,0
1,1,450073,31,31,31,31,31,31,31,31,31,31
0,1,450074,0,31,0,0,0,0,0,0,0,0
0,2,450074,0,0,12,0,0,11,0,0,0,0
1,1,450074,0,0,0,0,0,0,0,0,0,0
1,1,450075,0,0,0,0,0,0,0,0,0,0
2,1,450075,0,0,0,0,0,0,0,0,0,0
0,1,450076,0,0,0,0,0,0,0,0,0,26
1,1,450076,0,0,0,0,0,0,0,0,0,0
1,1,450077,0,0,0,0,0,0,0,0,0,0
1,1,450078,18,18,18,18,18,18,18,18,18,18
1,1,450079,10,10,10,10,10,10,10,10,10,10
1,1,450080,0,0,0,0,0,0,0,0,0,0
2,1,450080,0,0,0,0,0,0,0,0,0,0
1,1,450081,27,27,27,27,27,27,27,27,27,27
1,1,450082,0,19,0,34,10,0,0,0,0,13
2,1,450082,0,0,0,0,0,0,0,0,0,0
1,1,450083,0,0,0,0,0,0,0,0,0,0
2,1,450083,0,0,0,0,0,0,0,0,0,0
1,1,450084,0,0,0,0,0,0,0,0,0,0
2,1,450084,0,0,0,0,0,0,0,0,0,23
1,1,450085,0,0,0,0,0,0,0,0,0,0
2,1,450085,0,0,0,0,0,0,0,0,0,0
0,1,450086,31,31,31,31,31,31,31,31,31,31
1,1,450086,0,0,0,0,0,0,0,0,4,0
1,1,450087,0,0,0,0,0,0,0,0,0,0
2,1,450087,12,0,0,0,22,0,0,0,0,0
0,1,450088,4,0,0,0,0,0,12,0,0,0
1,1,450088,21,21,21,21,21,21,21,21,21,21
1,1,450089,0,0,0,0,0,0,0,0,0,0
2,1,450089,10,0,0,33,20,20,0,25,0,0
1,1,450090,0,0,0,0,0,0,0,0,0,0
2,1,450090,0,0,0,0,0,0,0,0,0,0
3,1,450090,0,0,0,0,0,0,0,0,0,0
4,1,450090,0,0,0,0,0,0,0,0,0,0
1,1,450091,21,7,23,18,21,0,9,20,7,14
1,1,450092,0,0,0,0,0,0,0,0,0,0
1,1,450093,0,0,0,0,0,5,0,0,8,0
2,1,450093,0,0,0,0,0,0,0,0,0,0
1,1,450094,0,0,0,0,0,0,0,0,0,0
2,1,450094,0,0,25,0,0,0,0,0,0,18
1,1,450095,43,43,43,43,43,43,43,43,43,43
1,1,450096,10,10,10,10,10,10,10,10,10,10
1,1,450097,0,0,0,0,0,0,0,11,0,0
2,1,450097,0,0,0,0,0,0,0,0,0,0
1,1,450099,19,19,19,19,19,19,19,19,19,19
1,1,450100,18,18,18,18,18,18,18,18,18,18
1,1,450101,0,0,0,0,0,0,0,0,0,0
2,1,450101,0,0,0,0,0,0,0,0,0,0
1,1,450102,0,0,0,0,0,0,0,0,0,0
2,1,450102,3,0,0,7,0,0,0,0,0,0
0,1,450103,25,25,25,25,25,25,25,25,25,25
1,1,450103,7,9,0,15,0,0,0,20,0,14
1,1,450104,0,0,0,0,0,0,0,0,0,0
1,1,450105,21,21,21,21,21,21,21,21,21,21
2,1,450105,13,15,22,14,0,10,0,11,27,27
0,1,450106,0,0,0,0,0,0,12,0,0,0
1,1,450106,0,0,0,0,0,22,0,0,0,0
1,1,450107,9,9,9,9,9,9,9,9,9,9
1,1,450108,6,6,6,6,6,6,6,6,6,6
1,1,450109,8,8,8,8,8,8,8,8,8,8
1,1,450110,0,0,0,0,0,0,0,0,0,0
1,1,450111,0,0,0,0,0,0,0,0,0,0
1,1,450112,0,0,0,0,14,0,0,0,0,0
2,1,450112,0,0,0,0,0,0,0,0,0,0
1,1,450113,26,28,23,15,30,16,31,16,17,15
1,1,450114,38,38,38,38,38,38,38,38,38,38
1,1,450115,32,32,32,32,32,32,32,32,32,32
0,1,450116,0,0,0,0,0,0,0,0,0,0
1,1,450116,0,0,0,0,0,0,0,0,0,0
1,1,450117,20,20,20,20,20,20,20,20,20,20
1,1,450118,0,0,0,0,0,0,0,0,0,0
1,1,450119,0,0,0,0,0,0,0,0,0,0
2,1,450119,0,0,0,0,0,0,0,0,0,0
3,1,450119,0,0,0,0,0,0,0,0,0,0
1,1,450120,22,22,22,22,22,22,22,22,22,22
1,1,450121,17,17,17,17,17,17,17,17,17,17
1,3,450122,3,14,0,0,24,31,15,0,29,14
1,1,450123,17,17,17,17,17,17,17,17,17,17
1,1,450124,0,0,0,0,0,0,0,0,0,0
1,1,450125,22,22,22,22,22,22,22,22,22,22
1,1,450126,0,5,17,9,0,8,0,0,0,0
2,1,450126,0,0,0,17,0,0,0,0,0,0
1,1,450127,26,26,26,26,26,26,26,26,26,26
1,1,450128,19,19,19,19,19,19,19,19,19,19
1,1,450129,0,14,23,0,16,0,25,35,0,0
1,1,450130,19,19,19,19,19,19,19,19,19,19
0,1,450131,0,0,0,16,0,17,0,0,0,0
1,1,450131,0,0,0,0,0,0,0,0,0,0
1,1,450132,0,29,0,23,10,0,18,0,0,0
1,1,450133,0,0,0,0,0,0,0,0,20,0
1,1,450134,0,7,1,0,2,0,3,0,0,0
2,1,450134,0,0,0,0,0,0,0,0,0,0
1,1,450135,0,0,0,0,0,0,0,0,0,0
2,1,450135,0,0,0,0,4,0,0,0,18,0
1,1,450136,0,0,0,0,0,0,0,0,0,0
1,1,450137,17,17,17,17,17,17,17,17,17,17
1,1,450138,34,14,21,28,23,36,52,16,16,19
1,1,450139,0,0,0,0,0,0,0,0,0,0
1,1,450140,0,0,0,0,0,0,0,0,0,0
1,1,450141,23,23,23,23,23,23,23,23,23,23
1,1,450142,0,0,0,0,0,0,0,0,0,0
2,1,450142,12,12,12,12,12,12,12,12,12,12
1,1,450143,0,0,0,0,0,0,0,0,0,0
2,1,450143,0,0,0,0,0,0,0,0,0,13
0,1,450144,0,16,0,29,0,15,24,47,25,30
1,1,450144,29,29,29,29,29,29,29,29,29,29
1,1,450145,0,0,0,0,0,0,0,0,0,0
2,1,450145,0,0,0,0,0,0,0,0,0,0
1,1,450146,18,8,7,21,18,18,17,22,8,19
2,1,450146,0,0,0,0,0,0,7,0,0,0
1,1,450147,0,0,0,0,0,0,0,0,0,0
2,1,450147,0,0,3,0,0,0,0,0,35,0
3,1,450147,10,10,10,10,10,10,10,10,10,10
1,1,450148,0,0,0,0,0,0,0,0,0,0
1,1,450149,0,0,0,0,0,0,0,0,0,0
1,1,450150,12,12,12,12,12,12,12,12,12,12
1,1,450151,0,22,0,0,24,0,0,0,0,0
1,1,450152,0,0,0,0,11,0,0,0,0,12
1,1,450153,19,19,19,19,19,19,19,19,19,19
1,1,450154,0,0,0,0,0,0,0,0,0,0
2,1,450154,3,3,3,3,3,3,3,3,3,3
3,1,450154,0,0,0,0,12,0,0,0,0,0
1,1,450155,13,13,13,13,13,13,13,13,13,13
1,1,450156,0,0,0,0,0,0,0,0,0,0
1,1,450157,6,6,6,6,6,6,6,6,6,6
1,1,450158,0,0,0,0,0,0,0,0,0,0
2,1,450158,0,0,0,0,0,0,0,0,0,0
0,1,450159,29,29,29,29,29,29,29,29,29,29
1,1,450159,22,13,19,22,15,0,12,28,16,25
1,1,450160,8,8,8,8,8,8,8,8,8,8
0,1,450161,0,0,0,0,0,0,0,0,0,0
1,1,450161,0,7,0,0,0,14,0,0,6,0
0,1,450162,8,8,8,8,8,8,8,8,8,8
1,1,450162,0,10,0,24,0,0,0,0,0,7
1,1,450163,0,0,0,0,0,0,0,0,0,0
2,1,450163,0,0,0,0,0,0,0,0,0,0
1,1,450164,0,0,0,0,0,9,0,3,0,14
2,1,450164,0,0,0,0,0,0,0,0,0,0
1,1,450165,0,0,0,0,0,0,0,0,0,0
1,1,450166,0,0,0,0,0,0,0,0,0,0
2,1,450166,14,0,0,0,0,0,0,0,0,0
3,1,450166,0,0,0,0,0,0,0,0,0,0
1,1,450167,0,0,0,0,0,12,0,0,0,0
2,1,450167,0,0,0,0,0,0,0,0,0,0
1,1,450168,0,0,0,0,0,0,0,0,0,0
2,1,450168,0,0,0,0,0,0,0,11,0,0
1,1,450169,23,23,23,23,23,23,23,23,23,23
2,1,450169,0,0,0,0,0,0,0,0,0,0
1,1,450170,16,28,41,28,10,24,16,9,18,18
1,1,450171,0,0,0,0,0,0,0,0,0,0
2,1,450171,0,0,0,0,0,0,0,0,0,0
1,1,450172,9,9,9,9,9,9,9,9,9,9
1,1,450173,27,27,27,27,27,27,27,27,27,27
1,1,450174,9,9,9,9,9,9,9,9,9,9
1,1,450175,10,0,0,0,0,0,0,0,16,0
1,1,450176,0,0,0,0,0,0,0,0,14,0
1,1,450177,0,0,0,0,0,0,0,0,0,0
2,1,450177,0,0,0,0,0,0,0,0,0,0
1,1,450178,16,0,0,0,0,0,0,0,0,0
2,1,450178,0,0,0,0,0,0,0,0,0,0
1,1,450179,24,24,24,24,24,24,24,24,24,24
1,1,450180,0,8,0,8,0,24,0,2,0,0
1,1,450181,0,0,0,0,0,0,33,0,0,0
1,1,450182,0,0,0,0,0,0,0,0,0,0
2,1,450182,0,0,12,0,0,0,0,0,0,0
1,1,450183,34,34,34,34,34,34,34,34,34,34
1,1,450184,20,20,20,20,20,20,20,20,20,20
1,1,450185,0,0,0,0,0,0,0,0,0,0
2,1,450185,16,16,16,16,16,16,16,16,16,16
1,1,450186,0,0,20,0,16,0,0,20,0,12
1,1,450187,9,9,9,9,9,9,9,9,9,9
1,1,450188,28,28,28,28,28,28,28,28,28,28
1,1,450189,19,19,19,19,19,19,19,19,19,19
2,1,450189,8,8,8,8,8,8,8,8,8,8
1,1,450190,13,13,13,13,13,13,13,13,13,13
1,1,450191,0,0,0,0,0,0,0,0,0,0
2,1,450191,0,0,0,0,0,0,0,0,0,0
3,1,450191,0,0,0,0,0,0,0,0,0,0
1,1,450192,0,0,0,0,0,0,0,0,0,0
2,1,450192,20,20,20,20,20,20,20,20,20,20
1,1,450193,10,10,10,10,10,10,10,10,10,10
1,1,450194,0,0,0,0,0,0,0,0,0,0
2,1,450194,0,0,0,0,0,0,0,0,0,0
1,1,450195,0,0,0,0,0,0,0,0,0,0
2,1,450195,0,0,0,0,0,0,8,2,0,0
3,1,450195,0,0,0,0,8,0,0,0,0,0
1,1,450196,0,0,0,33,0,0,0,16,17,0
2,1,450196,15,15,15,15,15,15,15,15,15,15
1,1,450197,8,8,8,8,8,8,8,8,8,8
1,1,450198,11,11,11,11,11,11,11,11,11,11
1,1,450199,21,17,0,26,0,0,15,0,0,12
1,1,450200,9,0,0,0,0,0,0,0,0,0
2,1,450200,0,0,0,0,0,0,0,0,0,0
1,1,450201,0,0,0,0,0,0,0,0,0,0
2,1,450201,0,0,0,0,0,0,0,0,0,0
0,1,450202,23,23,23,23,23,23,23,23,23,23
1,1,450202,14,0,0,0,0,0,0,0,0,0
1,1,450203,0,0,0,0,0,0,0,0,0,0
1,1,450204,0,0,0,0,0,0,0,0,0,0
1,1,450205,0,8,0,0,0,0,0,0,0,0
2,1,450205,10,0,0,0,13,0,0,0,0,0
1,1,450206,0,0,0,0,0,0,0,0,0,0
2,1,450206,0,0,27,0,0,0,0,0,0,0
0,1,450207,0,0,0,0,0,0,0,0,0,0
1,1,450207,0,0,0,0,0,0,0,0,0,0
1,1,450208,0,0,0,0,0,0,0,0,0,0
2,1,450208,0,0,0,0,0,0,0,0,0,3
1,1,450209,4,4,4,4,4,4,4,4,4,4
0,1,450210,5,12,18,16,25,12,0,50,28,4
1,1,450210,9,0,6,0,0,0,9,0,0,0
1,1,450211,0,0,0,0,0,0,0,0,0,0
2,1,450211,0,0,0,0,0,0,0,0,0,0
3,1,450211,19,19,19,19,19,19,19,19,19,19
1,1,450212,0,0,0,0,0,0,0,0,0,0
1,1,450213,12,12,12,12,12,12,12,12,12,12
1,1,450214,15,15,15,15,15,15,15,15,15,15
1,1,450215,0,0,0,0,0,0,0,0,0,0
1,1,450216,14,11,6,0,27,0,3,14,11,2
1,1,450217,10,0,0,0,0,0,0,0,34,0
2,1,450217,0,0,0,0,0,0,0,0,0,0
1,1,450218,16,16,16,16,16,16,16,16,16,16
1,1,450219,0,0,0,0,0,0,0,0,0,0
2,1,450219,0,0,0,0,0,0,0,0,0,0
1,1,450220,18,18,18,18,18,18,18,18,18,18
1,1,450221,18,18,18,18,18,18,18,18,18,18
1,1,450222,13,0,0,0,14,0,0,16,12,0
1,1,450223,24,24,24,24,24,24,24,24,24,24
1,1,450224,0,0,0,0,0,0,0,0,0,0
2,1,450224,0,0,0,0,0,0,0,0,0,0
1,1,450225,0,0,0,0,11,0,4,0,6,0
2,1,450225,4,0,0,0,0,0,0,0,0,0
1,1,450226,0,0,0,0,0,0,0,0,0,13
2,1,450226,15,15,15,15,15,15,15,15,15,15
1,1,450227,0,0,14,0,0,0,0,0,15,0
2,1,450227,0,0,0,0,10,0,14,0,0,7
1,1,450228,0,0,0,0,0,0,0,0,0,0
2,1,450228,0,0,0,0,0,0,0,0,0,0
1,1,450229,17,17,17,17,17,17,17,17,17,17
1,1,450230,20,8,25,0,12,0,18,0,6,14
1,1,450231,7,0,0,0,0,0,0,16,14,12
2,1,450231,17,17,17,17,17,17,17,17,17,17
1,1,450232,13,12,0,15,4,0,0,0,0,0
2,1,450232,0,0,0,0,0,0,0,0,0,0
1,1,450233,11,11,11,11,11,11,11,11,11,11
1,1,450234,0,0,0,0,0,0,0,0,0,0
1,1,450235,0,0,0,10,0,17,0,0,0,14
1,1,450236,0,0,0,0,0,0,5,0,0,0
2,1,450236,0,0,0,0,7,0,0,0,0,0
1,1,450237,26,26,26,26,26,26,26,26,26,26
0,1,450238,0,0,0,0,0,0,0,0,0,0
1,1,450238,0,0,8,5,6,11,7,17,10,0
1,1,450239,21,21,21,21,21,21,21,21,21,21
1,1,450240,3,3,3,3,3,3,3,3,3,3
1,1,450241,16,16,16,16,16,16,16,16,16,16
1,1,450242,0,0,0,0,0,0,0,0,0,0
2,1,450242,0,0,0,0,0,0,12,0,22,0
1,1,450243,0,0,0,0,8,12,11,0,4,3
2,1,450243,0,0,24,0,0,0,0,0,0,0
0,1,450244,0,0,0,0,0,0,0,0,0,0
1,1,450244,0,0,0,0,0,15,0,20,13,0
1,1,450245,32,32,32,32,32,32,32,32,32,32
1,1,450246,0,0,0,0,0,0,0,0,0,0
2,1,450246,0,0,0,0,0,0,0,0,0,0
1,1,450247,0,0,0,0,0,0,10,0,0,0
2,1,450247,0,0,0,0,0,12,0,0,0,0
2,1,450248,16,16,16,16,16,16,16,16,16,16
1,1,450249,0,0,0,0,0,0,0,0,0,23
1,1,450250,0,0,0,0,0,0,0,0,0,0
2,1,450250,0,0,0,0,0,0,0,0,0,0
1,1,450251,0,0,0,0,0,0,0,0,0,0
2,1,450251,0,0,0,0,0,0,0,0,0,0
1,1,450252,0,0,0,0,0,0,0,0,0,0
1,1,450253,1,1,1,1,1,1,1,1,1,1
0,1,450254,4,0,24,0,0,0,29,0,6,0
1,1,450254,0,0,0,0,0,0,0,0,0,0
0,1,450255,12,12,12,12,12,12,12,12,12,12
1,1,450255,0,0,0,0,5,13,15,0,0,0
1,1,450256,4,4,4,4,4,4,4,4,4,4
1,1,450257,0,0,0,0,0,0,0,0,0,0
2,1,450257,0,0,0,0,0,6,0,0,0,0
3,1,450257,0,0,6,0,0,15,0,0,0,13
0,1,450258,22,22,22,22,22,22,22,22,22,22
1,1,450258,0,0,0,0,0,0,0,0,0,0
1,1,450259,0,0,0,0,0,0,0,0,0,0
2,1,450259,0,0,0,0,0,0,0,0,0,0
1,1,450260,0,0,0,0,0,0,0,0,0,0
2,1,450260,15,15,0,0,4,13,0,0,0,0
1,1,450261,0,0,0,0,0,0,14,22,0,0
1,1,450262,6,6,6,6,6,6,6,6,6,6
1,1,450263,0,0,0,0,0,0,0,0,0,0
0,1,450264,0,17,0,0,0,0,0,0,0,0
1,1,450264,0,0,0,0,0,0,0,0,0,0
1,1,450265,0,0,0,0,0,0,0,0,0,0
2,1,450265,0,0,0,0,0,0,0,0,0,0
3,1,450265,0,0,0,0,0,0,0,0,0,0
1,1,450266,0,0,0,0,0,0,0,0,0,0
2,1,450266,0,0,0,0,0,0,0,0,0,0
1,1,450267,15,36,29,17,16,41,23,20,16,31
1,1,450268,22,22,22,22,22,22,22,22,22,22
1,1,450269,0,0,0,0,0,0,0,0,0,0
2,1,450269,22,22,22,22,22,22,22,22,22,22
1,1,450270,0,0,0,5,9,5,0,10,14,10
2,1,450270,18,18,18,18,18,18,18,18,18,18
1,1,450271,0,0,0,0,0,0,0,0,0,0
1,1,450272,0,0,10,0,27,0,19,0,0,0
1,1,450273,0,0,0,0,0,0,0,0,0,0
1,1,450274,0,0,0,0,0,0,0,0,0,0
2,1,450274,0,0,0,0,0,0,0,0,0,0
1,1,450275,0,0,0,0,0,0,0,0,0,0
2,1,450275,0,0,0,0,0,0,0,0,0,0
1,1,450276,19,7,8,9,0,0,4,5,8,1
2,1,450276,7,0,0,2,10,0,0,8,0,0
3,1,450276,0,0,7,0,0,0,0,0,0,0
4,1,450276,8,0,16,0,0,0,12,0,0,0
1,1,450277,3,0,0,0,10,0,0,0,1,0
2,1,450277,25,25,25,25,25,25,25,25,25,25
1,1,450278,12,0,0,19,6,0,16,0,15,0
1,1,450279,0,0,0,0,0,0,0,0,0,0
1,1,450280,0,0,0,0,0,0,0,0,0,0
1,1,450281,11,11,11,11,11,11,11,11,11,11
1,1,450282,0,0,0,0,0,0,15,9,0,0
1,1,450283,0,0,0,0,0,0,0,0,0,0
1,1,450284,0,0,0,0,0,0,0,0,0,0
0,1,450285,24,24,24,24,24,24,24,24,24,24
1,1,450285,18,12,12,22,19,12,29,9,5,16
0,1,450286,0,0,0,0,0,0,0,0,0,20
1,1,450286,13,0,0,0,0,0,0,0,0,0
1,1,450287,11,11,11,11,11,11,11,11,11,11
1,1,450288,19,19,19,19,19,19,19,19,19,19
0,1,450289,12,12,12,12,12,12,12,12,12,12
1,1,450289,0,0,0,15,0,0,0,0,0,0
1,1,450290,0,0,0,0,0,0,0,0,0,0
2,1,450290,0,0,0,0,0,0,0,0,0,0
0,1,450291,0,0,0,0,0,0,0,0,0,0
1,1,450291,0,0,0,0,0,0,16,0,0,0
1,1,450292,0,0,0,0,0,0,0,0,0,0
2,1,450292,0,0,0,0,0,0,0,0,0,0
1,1,450293,0,0,0,0,0,0,0,0,0,0
2,1,450293,0,0,0,0,0,0,0,0,0,0
0,1,450294,22,22,22,22,22,22,22,22,22,22
1,1,450294,13,0,8,0,5,0,6,0,20,9
2,1,450295,0,0,0,0,0,16,0,0,15,0
1,1,450296,0,0,0,0,0,0,0,0,0,0
1,1,450297,8,8,8,8,8,8,8,8,8,8
1,1,450298,0,0,0,0,0,9,34,0,0,0
1,1,450299,0,0,0,5,0,0,0,0,0,0
2,1,450299,27,27,27,27,27,27,27,27,27,27
1,1,450300,0,0,0,0,0,0,0,0,0,0
2,1,450300,27,27,27,27,27,27,27,27,27,27
1,1,450301,0,0,0,0,0,0,0,0,0,0
1,1,450302,11,11,11,11,11,11,11,11,11,11
1,1,450303,8,0,0,0,0,0,0,0,0,0
2,1,450303,0,0,6,0,12,0,0,0,0,0
0,1,450304,3,0,0,0,16,18,20,0,0,0
3,1,450304,0,9,0,0,0,0,0,0,0,0
1,1,450305,5,0,0,0,0,13,13,0,0,14
0,1,450306,3,3,3,3,3,3,3,3,3,3