VEH_NO,PER_NO,ST_CASE,P1,P2,P3,P4,P5,P6,P7,P8,P9,P10
1,1,450629,11,11,11,11,11,11,11,11,11,11
1,1,450630,0,0,0,0,0,0,0,0,0,0
2,1,450630,0,0,0,0,0,0,0,0,0,0
1,1,450631,0,0,0,0,0,0,0,0,0,0
1,1,450632,0,0,0,0,0,0,0,0,0,0
1,1,450633,3,3,3,3,3,3,3,3,3,3
1,1,450634,0,14,15,0,13,0,11,0,8,32
1,1,450635,8,8,8,8,8,8,8,8,8,8
2,1,450636,0,0,0,0,0,0,0,0,0,0
1,1,450637,3,3,3,3,3,3,3,3,3,3
2,1,450637,0,27,14,13,0,14,8,7,14,0
1,1,450638,0,0,0,0,0,0,0,0,0,0
2,1,450638,0,0,0,0,0,0,0,0,0,0
1,1,450639,0,0,0,0,0,0,0,0,0,0
2,1,450639,0,0,0,0,0,0,0,0,0,0
0,1,450640,14,0,31,0,13,12,24,0,27,24
1,1,450640,0,0,0,0,16,0,8,0,0,0
1,1,450641,24,0,0,16,0,0,0,0,30,0
1,1,450642,0,0,0,8,0,0,0,11,0,0
2,1,450642,0,3,0,0,0,0,0,0,0,0
1,1,450643,23,23,23,23,23,23,23,23,23,23
1,1,450644,11,11,11,11,11,11,11,11,11,11
2,1,450644,0,21,0,0,8,0,10,0,0,0
1,1,450645,0,0,9,9,0,0,14,7,23,0
1,1,450646,0,0,0,0,0,0,0,0,0,0
2,1,450646,0,0,0,0,0,0,0,0,0,0
1,1,450647,0,0,0,0,0,8,14,0,0,0
1,1,450648,0,0,0,0,0,0,0,0,0,0
2,1,450648,0,0,0,15,0,15,0,0,0,0
1,1,450649,0,0,0,0,0,5,0,0,0,0
2,1,450649,0,0,0,0,0,0,0,0,0,0
1,1,450650,18,12,0,0,0,0,0,0,21,0
1,1,450651,0,0,0,0,0,0,0,0,0,0
2,1,450651,0,0,0,0,0,0,0,0,0,0
1,1,450652,0,0,0,0,4,0,0,0,0,0
1,1,450653,0,0,0,0,0,0,0,0,0,0
2,1,450653,0,0,0,0,0,0,0,0,0,0
0,1,450654,1,1,1,1,1,1,1,1,1,1
1,1,450654,12,0,0,0,0,10,13,12,0,0
1,1,450655,0,0,0,0,0,0,0,0,0,0
1,1,450656,0,0,0,0,0,0,0,0,0,0
1,1,450657,17,17,17,17,17,17,17,17,17,17
1,1,450658,15,15,15,15,15,15,15,15,15,15
1,1,450659,33,33,33,33,33,33,33,33,33,33
1,1,450660,0,0,0,0,0,0,0,0,0,0
1,1,450661,26,26,26,26,26,26,26,26,26,26
1,1,450662,0,0,0,0,0,0,0,0,0,0
2,1,450662,0,0,0,0,0,0,0,0,0,0
0,1,450663,0,0,0,0,0,0,0,0,0,0
1,1,450663,0,0,0,0,0,0,0,0,0,0
1,1,450664,16,16,16,16,16,16,16,16,16,16
0,1,450665,30,30,30,30,30,30,30,30,30,30
1,1,450665,0,0,0,0,0,0,0,0,0,0
1,1,450666,36,36,36,36,36,36,36,36,36,36
1,1,450667,19,19,19,19,19,19,19,19,19,19
1,1,450668,3,3,3,3,3,3,3,3,3,3
2,1,450668,0,0,0,11,0,0,14,0,15,28
1,1,450670,0,0,0,0,0,0,0,0,0,0
2,1,450670,0,0,0,0,0,0,0,8,0,0
1,1,450671,19,19,19,19,19,19,19,19,19,19
1,1,450672,12,12,12,12,12,12,12,12,12,12
2,1,450672,0,0,0,0,0,0,0,0,0,0
1,1,450673,0,0,0,0,0,0,0,0,0,0
2,1,450673,0,0,0,0,0,0,0,0,0,0
1,1,450674,0,0,0,0,0,0,0,0,0,0
1,1,450675,0,10,10,0,11,0,0,0,0,0
1,1,450676,0,0,0,0,0,0,0,0,0,0
0,1,450677,26,26,26,26,26,26,26,26,26,26
1,1,450677,0,0,25,0,0,0,0,17,0,15
1,1,450678,0,0,0,0,0,0,0,0,0,0
1,1,450679,0,0,0,0,0,0,0,0,0,0
2,1,450679,0,0,0,0,0,0,0,0,18,0
0,1,450680,22,22,22,22,22,22,22,22,22,22
1,1,450680,0,0,0,0,0,0,0,0,0,0
0,1,450681,3,3,3,3,3,3,3,3,3,3
1,1,450681,0,0,0,10,0,0,0,0,0,0
0,1,450682,0,0,0,0,0,7,0,23,0,0
0,2,450682,0,0,0,0,25,16,22,23,22,17
1,1,450682,0,0,6,10,0,0,0,0,0,0
1,1,450683,2,2,2,2,2,2,2,2,2,2
2,1,450683,0,0,0,0,0,0,0,0,0,0
1,1,450684,0,0,0,0,0,0,0,0,0,0
1,1,450685,4,0,0,0,0,0,0,0,0,0
2,1,450685,0,0,0,13,0,0,0,0,10,0
3,1,450685,0,0,0,0,0,0,0,0,0,0
0,1,450686,26,26,26,26,26,26,26,26,26,26
1,1,450686,10,8,11,0,20,19,4,4,0,0
1,1,450687,0,0,9,0,0,0,0,0,0,15
2,1,450687,0,0,0,0,0,0,0,30,13,0
0,1,450688,8,17,0,0,12,0,0,0,0,25
1,1,450688,0,0,0,0,0,0,10,0,0,0
1,1,450689,0,0,0,0,0,0,0,0,0,0
2,1,450689,0,0,0,0,0,0,0,0,0,0
1,1,450690,0,0,0,0,0,0,0,0,0,0
1,1,450691,0,0,0,0,0,0,0,0,0,0
2,1,450691,0,0,0,0,0,0,0,0,0,0
1,1,450692,10,0,0,0,0,0,0,0,0,0
1,1,450693,14,14,14,14,14,14,14,14,14,14
0,1,450694,0,0,0,0,0,0,0,0,0,0
1,1,450694,0,0,0,0,0,0,0,0,0,0
1,1,450695,0,0,0,0,0,0,0,0,0,0
2,1,450695,0,0,0,0,0,0,0,0,0,0
1,1,450696,0,0,0,0,0,0,0,0,0,0
1,1,450697,0,0,0,0,0,0,0,0,0,0
1,1,450698,0,0,0,0,0,0,0,0,0,0
2,1,450698,0,0,0,0,0,0,0,0,0,0
1,1,450699,0,0,0,0,0,17,0,0,0,0
1,1,450700,18,18,18,18,18,18,18,18,18,18
1,1,450701,25,25,25,25,25,25,25,25,25,25
1,1,450702,24,0,9,0,0,0,0,0,9,0
2,1,450702,0,0,0,0,0,0,0,0,0,0
1,1,450703,23,23,23,23,23,23,23,23,23,23
1,1,450704,14,14,14,14,14,14,14,14,14,14
1,1,450705,0,0,0,0,16,0,0,11,0,0
1,1,450706,15,15,15,15,15,15,15,15,15,15
1,1,450707,0,0,0,0,16,0,0,14,0,15
1,1,450708,0,0,0,0,0,0,0,0,0,0
2,1,450708,0,0,0,0,0,0,0,0,0,0
1,1,450709,0,0,0,0,0,0,0,0,0,0
1,1,450710,14,14,14,14,14,14,14,14,14,14
1,1,450711,0,0,0,0,0,0,0,0,0,0
2,1,450711,10,10,10,10,10,10,10,10,10,10
1,1,450712,19,19,19,19,19,19,19,19,19,19
1,1,450713,0,0,0,0,0,0,0,0,0,0
2,1,450713,0,0,0,0,0,19,0,0,0,0
3,1,450713,0,0,0,0,0,0,0,0,0,12
1,1,450714,0,0,0,0,0,0,0,0,0,0
2,1,450714,0,0,0,0,0,0,0,0,0,0
1,1,450715,26,26,26,26,26,26,26,26,26,26
1,1,450716,10,10,10,10,10,10,10,10,10,10
1,1,450717,19,19,19,19,19,19,19,19,19,19
1,1,450718,0,0,0,0,0,0,0,0,0,0
0,1,450719,34,30,36,7,29,20,29,23,19,0
2,1,450719,0,0,0,0,0,0,0,0,0,0
1,1,450720,0,0,0,0,0,0,0,0,0,0
1,1,450721,0,0,0,0,0,0,0,0,0,0
0,1,450722,0,0,0,0,0,0,0,0,0,0
2,1,450722,0,0,0,0,0,0,0,0,0,0
1,1,450723,15,0,31,0,0,0,0,0,0,0
0,1,450724,0,0,0,0,0,0,0,0,0,0
1,1,450724,17,13,23,7,24,28,8,0,12,9
1,1,450725,0,0,0,0,0,0,0,0,0,0
2,1,450725,0,0,0,0,0,0,0,0,0,0
1,1,450726,24,24,24,24,24,24,24,24,24,24
1,1,450727,0,0,0,0,0,0,0,0,0,0
1,1,450728,9,21,0,0,20,0,0,0,27,0
1,1,450729,0,0,0,0,0,0,0,0,0,0
2,1,450729,0,0,0,0,0,0,0,0,0,0
0,1,450730,0,0,0,0,0,0,0,0,0,0
0,2,450730,11,0,30,14,0,14,7,30,0,0
1,1,450730,0,0,0,0,0,0,0,0,0,0
2,1,450730,0,0,0,0,0,0,0,0,17,0
1,1,450731,22,22,0,22,20,15,11,20,19,20
0,1,450732,0,10,18,0,29,0,15,26,0,29
1,1,450732,0,0,0,0,0,0,0,27,0,0
1,1,450733,12,8,21,10,29,24,17,19,23,8
1,1,450734,0,0,0,0,0,0,0,0,0,0
2,1,450734,0,0,0,0,0,0,0,0,0,0
1,1,450735,0,0,0,0,0,0,0,12,0,0
2,1,450735,0,0,0,0,0,0,0,7,0,0
1,1,450736,4,18,0,21,15,0,6,32,15,0
1,1,450737,0,0,0,0,0,0,0,0,0,0
1,1,450738,0,12,0,0,3,0,0,0,0,0
1,1,450739,0,0,0,0,0,0,0,0,0,0
2,1,450739,16,21,7,28,11,18,7,0,14,19
3,1,450739,0,0,0,0,0,0,0,0,0,0
0,1,450740,29,43,12,27,18,27,7,24,24,21
1,1,450740,11,27,0,0,0,0,0,0,14,0
1,1,450741,0,23,16,27,35,0,0,35,22,0
1,1,450742,0,0,0,0,0,0,0,0,0,0
2,1,450742,19,3,0,11,13,9,16,0,21,8
1,1,450743,11,11,11,11,11,11,11,11,11,11
1,1,450744,10,10,10,10,10,10,10,10,10,10
1,1,450745,23,37,37,23,0,16,27,29,20,20
1,1,450746,13,0,24,6,11,0,27,13,24,0
1,1,450747,0,0,0,0,0,0,0,0,0,0
2,1,450747,0,0,0,0,0,0,0,0,0,0
1,1,450748,0,0,0,0,0,0,0,0,0,0
1,1,450749,0,0,0,0,0,0,0,0,0,0
1,1,450750,0,0,0,0,0,0,0,0,0,0
1,1,450751,0,0,0,0,0,0,0,0,0,0
1,1,450752,0,10,0,0,0,0,0,0,18,0
0,1,450753,0,0,0,0,0,0,0,0,0,0
1,1,450753,0,0,0,0,12,0,0,0,0,0
2,1,450753,0,0,18,0,5,0,0,0,0,0
1,1,450754,10,0,12,0,0,0,10,0,0,21
1,1,450755,0,0,0,0,0,0,0,0,0,0
1,1,450756,0,0,0,0,0,0,0,0,0,0
2,1,450756,0,0,0,0,0,9,0,0,0,17
1,1,450757,0,0,0,0,0,0,0,0,0,0
2,1,450757,0,7,0,0,0,0,0,0,0,0
3,1,450757,15,0,0,0,0,0,0,0,0,0
1,1,450758,7,0,0,0,0,0,0,0,0,0
2,1,450758,19,19,19,19,19,19,19,19,19,19
0,1,450759,22,16,0,16,23,0,0,0,0,0
1,1,450759,0,0,0,0,0,0,8,15,0,0
1,1,450760,39,39,39,39,39,39,39,39,39,39
1,1,450761,0,10,0,9,0,11,0,0,15,0
2,1,450761,0,0,0,0,0,0,0,0,0,0
1,1,450762,7,20,16,17,0,0,0,0,0,14
2,1,450762,15,0,0,24,9,0,0,8,10,8
0,1,450763,5,5,5,5,5,5,5,5,5,5
0,2,450763,0,13,0,20,17,0,19,0,26,3
1,1,450763,20,20,13,0,18,26,0,28,40,15
2,1,450763,0,0,0,0,0,0,0,0,0,10
1,1,450764,20,20,20,20,20,20,20,20,20,20
1,1,450765,0,0,0,0,0,0,0,0,0,0
1,1,450766,8,8,8,8,8,8,8,8,8,8
1,1,450767,20,20,20,20,20,20,20,20,20,20
1,1,450768,0,0,0,0,0,0,0,0,0,0
2,1,450768,0,0,0,0,0,0,0,0,0,0
0,1,450769,24,24,24,24,24,24,24,24,24,24
1,1,450769,0,14,0,0,0,0,0,0,0,16
1,1,450770,0,0,0,0,0,0,0,0,0,0
2,1,450770,0,0,0,0,0,0,0,0,0,0
1,1,450771,22,22,22,22,22,22,22,22,22,22
1,1,450772,10,10,2,19,24,12,15,8,23,4
1,1,450773,0,0,0,3,0,24,0,0,0,0
2,1,450773,29,29,29,29,29,29,29,29,29,29
1,1,450774,15,13,10,19,13,20,0,8,21,23
1,1,450775,22,22,22,22,22,22,22,22,22,22
1,1,450776,0,0,0,0,0,0,0,0,0,0
1,1,450777,0,0,0,0,0,0,0,0,0,0
1,1,450778,20,20,20,20,20,20,20,20,20,20
1,1,450779,0,0,0,10,0,7,0,13,0,0
2,1,450779,0,0,10,0,0,10,0,0,0,0
1,1,450780,0,0,0,0,0,0,0,0,0,0
2,1,450780,0,0,0,0,0,0,0,0,0,0
2,1,450781,0,0,0,0,0,0,0,0,0,0
1,1,450782,4,4,4,4,4,4,4,4,4,4
1,1,450783,25,25,25,25,25,25,25,25,25,25
1,1,450784,28,28,28,28,28,28,28,28,28,28
1,1,450785,27,27,27,27,27,27,27,27,27,27
2,1,450785,0,0,0,0,0,0,0,0,0,0
3,1,450785,0,0,0,0,0,0,0,0,0,0
1,1,450786,23,9,14,41,28,17,0,7,21,18
0,1,450787,24,24,24,24,24,24,24,24,24,24
1,1,450787,0,0,0,0,0,0,0,0,0,0
0,1,450788,20,20,20,20,20,20,20,20,20,20
1,1,450788,0,0,0,0,0,0,0,0,0,0
1,1,450789,0,0,0,0,0,0,0,0,0,0
2,1,450789,0,0,0,0,0,0,0,0,3,0
3,1,450789,22,22,22,22,22,22,22,22,22,22
0,1,450790,17,0,0,18,0,12,25,0,0,9
0,2,450790,22,2,37,18,17,23,0,0,0,0
1,1,450790,0,0,0,0,0,0,0,0,0,0
1,1,450791,32,32,32,32,32,32,32,32,32,32
1,1,450792,23,23,23,23,23,23,23,23,23,23
1,1,450793,16,16,16,16,16,16,16,16,16,16
1,1,450794,0,0,0,0,0,0,0,0,12,0
1,1,450795,17,17,17,17,17,17,17,17,17,17
0,1,450796,0,0,0,0,0,0,0,0,0,0
1,1,450796,0,0,0,0,0,0,0,0,0,0
0,1,450797,0,0,0,0,0,0,0,0,0,0
1,1,450797,0,0,0,0,0,0,0,17,0,0
1,1,450798,25,0,12,0,0,0,6,0,0,18
2,1,450798,0,0,0,0,0,0,0,0,0,0
3,1,450798,17,0,16,0,0,0,0,0,0,0
1,1,450799,18,18,18,18,18,18,18,18,18,18
1,1,450800,0,0,0,0,0,0,0,8,7,0
2,1,450800,0,0,0,0,0,0,0,0,0,0
1,1,450801,0,0,0,0,0,0,0,0,0,0
2,1,450801,4,0,3,0,0,0,0,0,0,0
1,1,450802,0,9,0,0,0,19,0,0,0,0
2,1,450802,0,0,0,0,0,0,0,0,0,0
1,1,450803,0,0,0,0,0,0,13,0,8,0
2,1,450803,8,8,8,8,8,8,8,8,8,8
3,1,450803,9,0,0,4,0,0,0,0,0,10
1,1,450804,0,0,0,0,0,0,0,0,0,0
2,1,450804,17,17,17,17,17,17,17,17,17,17
1,1,450805,0,0,0,0,0,0,18,0,0,0
2,1,450805,0,0,0,0,0,0,0,0,0,0
1,1,450806,10,10,10,10,10,10,10,10,10,10
0,1,450807,18,18,18,18,18,18,18,18,18,18
1,1,450807,0,0,0,0,0,0,0,0,0,0
1,1,450808,0,0,0,0,0,0,0,0,0,0
2,1,450808,0,0,0,0,0,0,0,0,0,0
1,1,450809,4,0,18,0,0,25,8,21,15,17
1,1,450810,0,0,0,0,0,0,0,0,0,0
2,1,450810,0,0,0,0,0,0,0,0,0,0
1,1,450811,15,15,15,15,15,15,15,15,15,15
2,1,450811,0,0,0,0,0,0,0,0,0,0
1,1,450812,0,0,12,0,0,0,0,0,0,0
1,1,450813,0,0,0,0,0,0,0,0,0,0
0,1,450814,0,0,0,0,0,0,0,0,0,0
1,1,450814,14,14,14,14,14,14,14,14,14,14
1,1,450815,0,0,0,0,0,0,0,0,0,0
1,1,450816,0,0,0,0,0,0,0,0,0,0
2,1,450816,0,0,28,0,0,0,13,0,0,0
0,1,450817,7,0,0,0,0,0,0,0,0,0
0,2,450817,0,0,0,0,0,0,0,0,0,0
1,1,450817,0,0,0,0,0,0,0,0,0,0
1,1,450818,0,0,0,0,0,0,0,0,0,0
2,1,450818,0,0,0,0,0,0,0,0,0,0
3,1,450818,0,0,0,0,0,0,0,0,0,0
2,1,450819,0,0,0,0,0,0,0,0,0,0
3,1,450819,0,0,0,8,0,0,0,0,0,0
4,1,450819,0,0,0,0,0,0,0,0,0,0
5,1,450819,0,0,0,0,0,0,0,0,0,0
1,1,450820,14,0,0,0,0,0,15,0,0,0
2,1,450820,0,0,0,0,0,0,0,0,0,0
1,1,460001,0,0,0,0,0,0,0,0,0,0
1,1,460002,0,0,0,0,0,0,0,0,0,0
1,1,460003,0,0,0,0,0,0,0,0,0,0
2,1,460003,0,0,0,0,0,0,0,0,0,0
1,1,460004,0,0,0,0,0,0,0,0,0,0
1,1,460005,0,0,0,0,0,0,0,0,0,0
1,1,460006,0,0,0,0,0,0,0,0,0,0
1,1,460007,0,0,0,0,0,0,0,0,0,0
1,1,460008,26,26,26,26,26,26,26,26,26,26
1,1,460009,0,0,0,0,0,0,0,0,0,0
2,1,460009,0,0,0,0,0,0,0,0,0,0
1,1,460010,24,24,24,24,24,24,24,24,24,24
1,1,460011,0,0,0,0,0,0,0,0,11,0
1,1,460012,0,0,0,0,0,0,0,0,0,0
1,1,460013,0,0,0,0,0,0,0,0,0,0
2,1,460013,0,0,0,0,0,0,0,0,0,0
1,1,460014,0,0,0,0,0,0,0,0,0,0
1,1,460015,0,0,0,0,0,0,0,0,0,0
1,1,460016,0,0,0,0,0,0,0,0,0,0
2,1,460016,0,0,0,0,0,0,0,0,0,0
1,1,460017,22,22,22,22,22,22,22,22,22,22
1,1,460018,0,0,0,0,0,0,0,0,0,0
1,1,460019,0,0,0,0,0,0,0,0,0,0
2,1,460019,0,0,0,0,0,0,0,0,0,0
1,1,460020,9,9,9,9,9,9,9,9,9,9
1,1,460021,0,0,0,0,0,0,0,0,0,0
1,1,460022,17,17,17,17,17,17,17,17,17,17
1,1,460023,0,0,0,0,0,0,0,0,0,0
1,1,460024,0,0,0,0,0,0,0,0,0,0
2,1,460024,16,16,16,16,16,16,16,16,16,16
1,1,460025,16,16,16,16,16,16,16,16,16,16
1,1,460026,0,0,0,0,0,0,0,0,0,0
1,1,460027,0,0,0,0,0,0,0,0,0,0
2,1,460027,0,0,0,0,0,0,0,0,0,0
1,1,460028,17,17,17,17,17,17,17,17,17,17
1,1,460029,18,18,18,18,18,18,18,18,18,18
1,1,460030,0,12,14,18,0,0,11,9,15,7
1,1,460031,0,0,0,0,0,0,0,0,0,0
1,1,460032,21,21,21,21,21,21,21,21,21,21
1,1,460033,0,0,0,0,4,16,0,17,0,0
1,1,460034,0,0,0,0,0,0,0,0,0,0
1,1,460035,7,7,7,7,7,7,7,7,7,7
1,1,460036,0,0,0,0,0,0,11,0,0,0
2,1,460036,0,0,0,0,0,0,0,0,0,0
1,1,460037,22,22,22,22,22,22,22,22,22,22
1,1,460038,0,0,0,0,0,0,0,0,0,0
2,1,460038,0,0,0,0,0,0,0,0,0,0
3,1,460038,0,0,0,0,0,0,0,0,0,0
1,1,460039,0,0,0,0,0,0,0,0,0,0
1,1,460040,0,0,0,0,0,0,0,0,0,0
2,1,460040,0,0,0,0,0,0,0,0,0,0
1,1,460041,0,0,0,0,0,0,0,0,0,0
1,1,460042,0,0,0,0,0,0,0,0,0,0
1,1,460043,0,0,0,0,0,0,0,0,0,0
1,1,460044,0,0,0,0,0,0,0,0,0,0
2,1,460044,0,0,0,0,0,0,0,0,0,0
1,1,460045,0,0,0,0,0,0,0,0,0,0
2,1,460045,0,0,0,0,0,0,0,0,0,0
1,1,460046,0,0,0,0,0,0,0,0,0,0
2,1,460046,0,0,0,0,0,0,0,0,0,0
1,1,460047,0,0,0,0,0,9,0,0,0,0
2,1,460047,0,0,0,0,0,0,0,0,0,0
1,1,460048,7,7,7,7,7,7,7,7,7,7
1,1,460049,0,0,0,0,0,0,0,0,0,0
2,1,460049,0,0,0,0,0,0,0,0,0,0
1,1,460050,22,22,22,22,22,22,22,22,22,22
1,1,460051,0,0,0,0,0,0,0,0,0,0
2,1,460051,0,0,0,0,0,0,0,0,0,0
3,1,460051,0,0,0,0,0,10,0,7,0,11
4,1,460051,0,0,14,0,0,0,0,0,0,0
1,1,460052,0,0,0,0,0,0,0,0,0,0
2,1,460052,0,0,0,0,0,0,0,0,0,0
1,1,460053,0,0,0,0,0,0,0,0,0,0
2,1,460053,0,0,0,0,0,0,0,0,0,0
1,1,460054,0,0,0,0,0,0,0,0,0,0
1,1,460055,10,10,10,10,10,10,10,10,10,10
2,1,460055,7,7,7,7,7,7,7,7,7,7
1,1,460056,16,16,16,16,16,16,16,16,16,16
1,1,460057,0,0,0,0,0,0,0,0,0,0
1,1,460058,1,1,1,1,1,1,1,1,1,1
1,1,460059,12,12,12,12,12,12,12,12,12,12
1,1,460060,0,0,0,0,0,0,0,0,0,0
2,1,460060,0,0,0,0,0,0,0,0,0,0
1,1,460061,0,0,0,0,0,0,0,0,0,0
1,1,460062,20,20,20,20,20,20,20,20,20,20
1,2,460063,13,23,18,0,9,19,28,15,24,14
1,1,460064,20,20,20,20,20,20,20,20,20,20
1,1,460065,0,0,0,0,0,0,0,0,0,0
1,1,460066,0,0,0,0,0,0,0,0,0,0
1,1,460067,39,39,39,39,39,39,39,39,39,39
1,1,460068,28,28,28,28,28,28,28,28,28,28
2,1,460068,0,0,0,0,0,0,0,0,0,0
1,1,460069,7,7,7,7,7,7,7,7,7,7
1,1,460070,22,22,22,22,22,22,22,22,22,22
1,1,460071,0,0,0,16,0,0,0,0,0,0
1,1,460072,8,8,8,8,8,8,8,8,8,8
1,1,460073,0,0,0,0,0,0,0,0,0,0
1,1,460074,0,0,0,0,0,0,0,0,0,0
2,1,460074,0,0,0,0,0,0,0,0,0,0
1,1,460075,0,0,0,0,0,0,0,0,0,0
2,1,460075,0,0,0,0,0,0,0,0,0,0
1,1,460076,0,0,0,0,0,0,0,0,0,0
1,1,460077,0,0,0,0,0,0,0,0,0,0
1,1,460078,0,0,0,0,0,0,0,0,0,0
1,1,460079,25,25,25,25,25,25,25,25,25,25
1,1,460080,0,0,0,0,5,0,0,17,0,0
2,1,460080,0,0,0,0,0,0,0,0,0,0
1,1,460081,16,16,16,16,16,16,16,16,16,16
1,1,460082,20,20,20,20,20,20,20,20,20,20
1,1,460083,0,0,0,0,0,0,0,0,0,0
2,1,460083,0,0,0,0,0,0,0,0,0,0
1,1,460084,23,23,23,23,23,23,23,23,23,23
2,1,460084,0,0,0,0,0,0,0,0,0,0
1,1,460085,27,27,27,27,27,27,27,27,27,27
1,1,460086,16,16,16,16,16,16,16,16,16,16
1,1,460087,14,14,14,14,14,14,14,14,14,14
1,1,460088,0,0,0,0,0,0,0,0,0,0
2,1,460088,0,0,0,0,0,0,0,0,0,0
1,1,460089,0,0,0,0,0,0,0,0,0,0
1,1,460090,0,0,0,0,0,0,0,0,0,0
1,1,460091,0,0,0,0,0,0,0,0,0,0
2,1,460091,0,0,0,9,8,0,0,5,0,0
1,1,460092,8,8,8,8,8,8,8,8,8,8
1,1,460093,20,20,20,20,20,20,20,20,20,20
1,1,460094,0,0,0,0,0,0,0,0,0,0
1,1,460095,12,12,12,12,12,12,12,12,12,12
2,1,460095,0,0,0,0,0,0,0,0,0,0
1,1,460096,0,0,0,0,0,0,0,0,0,0
0,1,460097,0,0,5,0,0,20,14,6,8,0
1,1,460097,18,18,18,18,18,18,18,18,18,18
1,1,460098,32,29,30,30,10,8,23,17,25,22
2,1,460098,0,0,19,0,4,0,12,0,0,0
1,1,460099,10,0,0,0,0,0,0,0,0,0
1,1,460100,29,29,29,29,29,29,29,29,29,29
0,1,460101,0,0,0,0,0,11,0,0,14,0
1,1,460101,0,0,0,0,0,0,0,0,0,0
1,1,460102,19,19,19,19,19,19,19,19,19,19
0,1,460103,0,0,0,0,0,0,0,0,0,0
1,1,460103,14,14,14,14,14,14,14,14,14,14
1,1,460104,1,1,1,1,1,1,1,1,1,1
1,3,460105,0,10,16,29,11,20,0,0,0,16
1,3,460106,22,0,20,0,0,0,0,23,28,30
1,1,460107,18,18,18,18,18,18,18,18,18,18
1,1,460108,25,25,25,25,25,25,25,25,25,25
2,1,460108,0,0,0,0,0,0,0,0,0,0
0,1,460109,0,0,0,0,0,0,0,0,0,0
1,1,460109,13,13,13,13,13,13,13,13,13,13
1,1,460110,26,26,26,26,26,26,26,26,26,26
1,1,460111,20,20,20,20,20,20,20,20,20,20
1,1,460112,17,27,16,0,0,25,0,20,26,0
1,1,470001,14,14,14,14,14,14,14,14,14,14
1,1,470002,0,0,0,0,21,0,27,0,31,19
1,1,470003,25,25,25,25,25,25,25,25,25,25
1,1,470004,39,19,22,16,18,20,15,32,19,32
1,1,470005,0,0,0,0,0,0,0,0,0,0
2,1,470005,0,0,0,0,0,0,0,0,0,0
1,1,470006,21,21,21,21,21,21,21,21,21,21
2,1,470006,0,0,0,0,0,0,0,0,0,0
1,1,470007,0,0,0,0,0,0,0,0,0,0
2,1,470007,0,0,0,0,0,0,0,0,0,0
1,1,470008,0,0,0,18,0,0,0,0,0,0
1,1,470009,16,16,16,16,16,16,16,16,16,16
1,1,470010,0,0,0,0,0,0,0,0,0,0
2,1,470010,0,0,0,0,0,0,0,0,0,0
1,1,470011,0,0,0,0,0,0,0,0,0,0
2,1,470011,0,0,0,0,0,0,0,0,0,0
3,1,470011,0,0,0,0,0,0,0,0,0,0
1,1,470012,39,39,39,39,39,39,39,39,39,39
1,1,470013,0,0,0,0,0,0,0,0,0,0
1,1,470014,0,0,0,0,0,0,0,0,0,0
2,1,470014,0,0,0,0,0,0,3,0,0,0
1,1,470015,0,0,0,0,0,0,0,0,0,0
1,1,470016,0,0,0,0,0,0,0,0,0,0
2,1,470016,0,0,0,0,0,0,0,0,0,0
1,1,470017,0,0,0,0,0,0,0,0,0,0
2,1,470017,20,20,20,20,20,20,20,20,20,20
1,1,470018,0,0,0,0,0,0,0,0,0,0
1,1,470019,0,0,0,0,0,0,0,0,0,9
1,1,470020,0,0,0,0,0,0,0,0,0,0
1,1,470021,0,0,0,0,0,0,0,0,0,0
2,1,470021,0,0,0,0,0,0,0,0,0,0
1,1,470022,0,0,0,0,0,0,0,0,0,0
1,1,470023,15,0,0,0,0,0,0,0,0,0
1,1,470024,0,6,0,0,0,0,0,0,0,0
1,1,470025,0,0,0,0,0,0,0,0,0,0
1,1,470026,0,0,0,0,0,0,0,0,0,0
1,1,470027,23,23,23,23,23,23,23,23,23,23
1,1,470028,20,20,20,20,20,20,20,20,20,20
1,1,470029,34,32,16,39,12,12,16,21,11,16
1,1,470030,0,0,0,0,0,0,0,0,0,0
1,1,470031,0,0,0,0,0,0,0,0,0,0
2,1,470031,0,0,0,0,0,0,0,0,0,0
1,1,470032,7,7,7,7,7,7,7,7,7,7
1,1,470033,0,0,0,0,0,0,0,0,0,0
1,1,470034,16,23,26,12,19,12,0,0,5,0
1,1,470035,16,16,16,16,16,16,16,16,16,16
2,1,470035,0,0,0,0,0,0,0,0,0,0
1,1,470036,20,7,10,8,37,8,21,33,20,29
1,1,470037,24,24,24,24,24,24,24,24,24,24
1,1,470038,32,32,32,32,32,32,32,32,32,32
1,1,470039,0,0,0,0,0,0,0,0,0,0