VEH_NO,PER_NO,ST_CASE,P1,P2,P3,P4,P5,P6,P7,P8,P9,P10
1,1,480433,0,0,0,0,0,0,0,0,0,0
2,1,480433,0,0,0,0,0,0,0,0,0,0
1,1,480434,0,0,0,0,0,0,0,0,0,0
2,1,480434,0,0,0,0,0,0,0,0,0,0
1,1,480435,0,0,0,0,0,0,0,0,0,0
0,1,480436,0,0,0,0,0,0,0,0,0,0
1,1,480436,0,15,16,0,18,29,26,0,19,0
1,1,480437,19,19,19,19,19,19,19,19,19,19
2,1,480437,24,24,24,24,24,24,24,24,24,24
1,1,480438,23,0,0,5,0,0,0,0,9,0
2,1,480438,0,0,16,0,0,0,0,0,0,0
1,1,480439,0,0,0,0,0,0,0,0,0,0
1,1,480440,13,13,13,13,13,13,13,13,13,13
2,1,480440,6,6,6,6,6,6,6,6,6,6
1,4,480441,0,0,0,0,0,0,0,0,0,0
1,1,480442,0,0,0,13,0,0,0,0,0,0
2,1,480442,0,21,0,0,0,0,0,0,0,0
3,1,480442,0,0,0,0,0,0,0,0,0,0
4,1,480442,0,0,0,0,0,0,0,0,0,0
5,1,480442,0,0,0,0,0,0,0,0,0,0
1,1,480443,0,0,0,0,0,0,0,0,0,0
1,1,480444,8,8,8,8,8,8,8,8,8,8
2,1,480444,11,11,11,11,11,11,11,11,11,11
0,1,480445,0,11,0,0,0,0,0,0,0,0
1,1,480445,0,0,0,0,0,0,0,0,0,0
1,1,480446,33,0,0,0,20,9,0,0,29,0
1,1,480447,18,18,18,18,18,18,18,18,18,18
1,1,480448,18,18,18,18,18,18,18,18,18,18
1,1,480449,0,0,0,0,0,0,0,0,0,0
2,1,480449,26,26,26,26,26,26,26,26,26,26
1,1,480450,0,9,0,0,0,0,0,0,0,0
1,1,480451,7,7,7,7,7,7,7,7,7,7
2,1,480451,0,0,0,0,0,0,0,0,0,0
1,1,480452,0,0,0,0,0,0,0,0,0,0
2,1,480452,32,32,32,32,32,32,32,32,32,32
1,1,480453,0,0,0,0,0,0,82,0,0,0
2,1,480453,0,0,0,0,0,0,0,0,0,0
1,1,480454,18,18,18,18,18,18,18,18,18,18
1,1,480455,0,0,0,0,0,0,0,0,0,0
2,1,480455,12,0,0,0,0,0,0,0,0,0
1,1,480456,20,20,20,20,20,20,20,20,20,20
1,1,480457,17,17,17,17,17,17,17,17,17,17
1,1,480458,4,4,4,4,4,4,4,4,4,4
1,1,480459,0,0,0,0,0,0,0,0,0,0
1,1,480460,0,14,0,0,0,13,0,10,0,0
1,1,480461,0,0,0,0,0,0,0,0,0,0
1,1,480462,0,0,0,0,0,0,0,0,0,0
2,1,480462,0,0,0,0,10,0,15,0,0,0
3,1,480462,0,0,0,10,5,0,0,0,0,0
1,1,480463,0,0,18,15,23,17,0,0,0,0
2,1,480463,0,0,0,0,0,0,0,0,0,4
1,1,480464,0,0,0,0,0,0,0,0,0,0
2,1,480464,0,0,0,0,0,0,0,0,0,0
3,1,480464,0,16,13,0,0,19,0,0,0,0
1,1,480465,24,24,24,24,24,24,24,24,24,24
1,1,480466,0,0,0,0,0,0,0,0,0,0
2,1,480466,0,0,0,0,0,0,0,0,0,0
1,1,480467,0,11,0,0,0,0,23,0,15,0
0,1,480468,0,0,0,0,0,0,0,0,0,0
1,1,480468,0,0,0,8,0,0,3,18,0,6
1,1,480469,4,4,4,4,4,4,4,4,4,4
1,1,480471,10,10,10,10,10,10,10,10,10,10
1,1,480472,0,0,0,17,0,0,0,0,0,0
2,1,480472,0,0,0,0,0,0,0,0,0,0
0,1,480473,0,33,34,20,60,3,11,18,19,12
1,1,480473,4,4,4,4,4,4,4,4,4,4
1,1,480474,20,20,20,20,20,20,20,20,20,20
1,1,480475,0,0,0,0,0,0,0,0,0,0
2,1,480475,0,0,0,0,0,0,0,0,0,0
1,1,480476,17,17,17,17,17,17,17,17,17,17
1,1,480477,0,0,0,0,0,0,0,0,0,14
2,1,480477,0,0,0,0,20,42,16,14,30,15
0,1,480478,5,0,0,0,0,0,0,0,0,0
1,1,480478,0,0,0,0,0,18,0,0,0,0
1,1,480479,0,0,0,0,0,0,0,0,0,0
2,1,480479,0,0,0,0,0,0,0,0,0,0
1,1,480480,8,0,0,0,0,61,0,0,0,0
2,1,480480,5,21,13,25,34,23,14,6,28,11
1,1,480481,6,6,6,6,6,6,6,6,6,6
2,1,480481,0,0,0,0,22,0,0,0,0,0
1,1,480482,0,0,0,0,0,15,0,0,0,0
0,1,480483,18,18,18,18,18,18,18,18,18,18
1,1,480483,0,0,0,0,0,0,16,0,0,0
1,1,480484,24,24,24,24,24,24,24,24,24,24
1,1,480485,0,0,0,0,0,0,0,0,0,0
2,1,480485,21,28,0,0,14,0,0,0,0,0
0,1,480486,0,8,15,0,30,30,0,0,0,33
1,1,480486,6,11,0,5,0,8,0,0,3,0
1,1,480487,0,0,0,0,0,0,0,0,0,0
1,1,480488,35,35,35,35,35,35,35,35,35,35
2,1,480488,0,0,0,0,4,0,15,0,0,14
0,1,480489,16,16,16,16,16,16,16,16,16,16
1,1,480489,27,0,10,0,7,18,0,0,0,0
1,1,480490,0,0,0,0,0,0,0,0,0,0
2,1,480490,0,0,0,0,0,0,0,0,0,0
1,1,480491,0,0,0,0,0,0,0,0,0,0
2,1,480491,0,0,0,0,0,0,0,0,0,0
1,1,480492,35,35,35,35,35,35,35,35,35,35
2,1,480492,0,0,0,14,0,0,13,0,0,0
1,1,480493,0,0,0,0,0,0,0,0,0,0
2,1,480493,0,26,0,0,0,0,0,0,0,0
1,1,480494,0,0,0,0,0,0,0,0,0,0
2,1,480494,0,0,0,0,0,0,0,0,0,0
3,1,480494,0,0,0,0,0,0,0,0,0,0
4,1,480494,0,0,0,0,0,0,0,0,0,0
5,1,480494,0,0,0,0,0,0,0,0,0,0
1,1,480495,18,18,18,18,18,18,18,18,18,18
1,1,480496,0,0,0,0,0,0,0,0,0,0
1,1,480497,0,0,0,0,0,0,0,0,0,0
2,1,480497,0,0,0,0,2,6,0,0,0,0
1,1,480499,19,19,19,19,19,19,19,19,19,19
1,1,480500,0,0,0,0,0,0,0,0,0,0
1,1,480501,10,10,10,10,10,10,10,10,10,10
1,1,480502,23,23,23,23,23,23,23,23,23,23
1,1,480503,3,3,3,3,3,3,3,3,3,3
1,1,480504,17,17,17,17,17,17,17,17,17,17
1,1,480505,0,0,0,0,0,0,0,0,0,0
2,1,480505,0,0,0,0,0,0,0,0,0,0
1,1,480506,16,0,9,8,16,0,0,0,30,17
1,1,480507,0,0,0,0,0,0,0,0,0,0
2,1,480507,0,0,0,0,0,0,0,0,0,0
1,1,480508,34,34,34,34,34,34,34,34,34,34
2,1,480508,9,0,0,0,0,4,0,18,0,16
3,1,480508,0,0,22,0,11,0,0,0,16,0
1,1,480509,0,12,0,10,0,0,0,0,0,0
0,1,480510,0,0,0,0,0,0,0,0,0,0
1,1,480510,0,7,0,0,0,2,0,0,4,0
2,1,480510,11,0,0,0,0,0,0,0,0,13
1,1,480511,11,11,11,11,11,11,11,11,11,11
1,1,480512,0,0,0,0,0,0,0,0,0,0
2,1,480512,0,0,10,0,0,0,0,0,17,0
1,1,480513,0,0,0,0,0,0,0,0,0,0
2,1,480513,0,0,18,0,0,0,0,0,0,14
1,1,480514,10,2,8,18,0,17,20,10,27,14
2,1,480514,0,0,0,0,0,0,13,0,0,0
3,1,480514,0,0,0,0,0,10,4,0,8,10
1,1,480515,1,1,1,1,1,1,1,1,1,1
2,1,480515,0,0,0,0,0,0,0,0,0,0
1,1,480516,21,21,21,21,21,21,21,21,21,21
0,1,480517,0,0,11,32,0,0,0,0,0,19
1,1,480517,0,0,0,12,26,0,8,0,0,12
0,1,480518,27,0,6,21,20,22,16,22,17,16
1,1,480518,0,0,8,4,14,0,4,4,0,0
1,1,480519,19,19,19,19,19,19,19,19,19,19
2,1,480519,0,0,0,0,0,0,0,0,0,0
1,1,480520,6,6,6,6,6,6,6,6,6,6
0,1,480521,0,0,0,0,0,0,0,0,0,0
1,1,480521,0,15,0,2,0,14,0,0,0,0
1,1,480522,0,0,0,0,0,0,0,0,0,0
2,1,480522,21,0,0,0,0,9,0,0,0,8
1,1,480523,15,15,15,15,15,15,15,15,15,15
2,1,480523,0,0,0,0,0,0,0,0,0,0
0,1,480524,0,0,0,0,0,0,0,0,0,0
1,1,480524,5,0,0,0,0,0,0,0,0,0
1,1,480525,0,0,0,0,12,3,0,0,0,0
1,1,480526,0,18,0,27,20,0,23,30,29,0
0,1,480527,0,0,0,0,0,0,0,0,0,0
1,1,480527,0,0,6,14,3,6,0,9,8,0
1,1,480528,30,17,9,15,5,27,18,10,25,6
1,1,480529,0,0,0,0,0,0,0,0,0,0
1,1,480530,0,0,0,0,0,0,0,0,0,0
2,1,480530,0,0,0,0,0,0,0,0,0,0
1,1,480531,24,24,24,24,24,24,24,24,24,24
0,1,480532,0,0,0,0,0,0,0,0,0,0
1,1,480532,0,0,0,0,0,0,0,0,0,0
0,1,480533,0,0,0,0,0,0,0,0,0,0
1,1,480533,12,0,3,5,13,14,13,10,8,0
0,1,480534,0,0,30,0,9,15,13,8,0,16
1,1,480534,9,9,9,9,9,9,9,9,9,9
1,1,480535,0,0,0,0,0,0,0,0,0,0
1,1,480536,0,0,0,14,0,0,0,8,8,0
1,1,480537,0,0,0,0,0,0,0,0,0,0
2,1,480537,0,0,0,0,0,0,0,0,0,0
0,1,480538,0,0,0,0,0,0,0,0,0,0
1,1,480538,16,18,22,13,20,16,0,12,0,39
1,1,480539,23,23,23,23,23,23,23,23,23,23
1,1,480540,13,13,13,13,13,13,13,13,13,13
1,1,480541,0,0,0,7,0,13,0,23,14,11
1,1,480542,0,0,0,0,0,0,0,0,0,0
0,1,480543,25,7,0,0,0,0,29,0,19,4
1,1,480543,0,0,0,0,0,0,0,0,0,0
1,1,480544,0,0,0,0,0,0,0,0,0,0
2,1,480544,0,12,20,0,12,19,0,0,0,0
3,1,480544,0,0,0,0,0,0,0,0,0,0
1,1,480545,0,0,0,0,0,0,0,0,0,0
2,1,480545,0,0,0,0,0,0,0,0,0,0
3,1,480545,0,0,0,0,0,0,0,9,15,0
1,1,480546,14,14,14,14,14,14,14,14,14,14
2,1,480546,0,0,0,0,0,0,0,0,0,0
1,1,480547,0,0,0,0,0,0,0,0,0,0
0,1,480548,0,0,0,0,0,0,0,0,0,0
1,1,480548,0,0,0,7,6,0,0,17,12,0
1,1,480549,0,0,0,0,0,0,0,0,0,0
2,1,480549,0,0,0,0,0,0,0,0,0,0
1,1,480550,0,0,0,0,0,0,0,0,0,16
1,1,480551,0,0,0,0,0,0,0,3,0,0
2,1,480551,0,10,0,15,12,16,0,0,21,15
1,1,480552,13,13,13,13,13,13,13,13,13,13
1,1,480553,20,20,20,20,20,20,20,20,20,20
1,1,480554,0,0,0,0,0,0,0,0,0,0
2,1,480554,0,18,0,0,0,0,0,0,0,0
1,1,480555,0,9,0,21,0,6,0,0,0,3
1,1,480556,24,24,24,24,24,24,24,24,24,24
1,1,480557,13,13,13,13,13,13,13,13,13,13
1,1,480558,19,19,19,19,19,19,19,19,19,19
2,1,480558,0,0,0,0,0,0,0,0,0,0
1,1,480559,0,36,17,31,12,18,15,21,32,9
1,1,480560,0,0,0,0,0,0,11,19,0,0
2,1,480560,0,0,0,0,0,0,9,0,0,0
3,1,480560,0,0,0,0,0,0,0,0,0,0
4,1,480560,0,0,16,0,18,0,0,11,11,0
5,1,480560,9,0,0,0,0,0,0,0,0,0
1,1,480561,0,0,0,0,0,0,0,0,0,0
1,1,480562,0,0,0,0,0,0,0,0,0,0
2,1,480562,0,0,0,0,0,0,0,0,0,0
3,1,480562,0,0,0,0,0,0,0,0,0,0
4,1,480562,0,0,0,0,0,0,0,0,0,0
5,1,480562,0,6,0,0,0,0,0,0,0,0
1,1,480563,7,7,7,7,7,7,7,7,7,7
0,1,480564,0,0,0,0,0,0,0,0,0,0
1,1,480564,0,0,0,0,0,0,0,0,0,0
1,1,480565,14,14,14,14,14,14,14,14,14,14
0,1,480566,15,0,0,0,6,0,0,9,0,0
1,1,480566,0,0,0,0,6,0,0,13,0,0
1,1,480567,0,9,0,0,0,0,0,0,9,0
1,1,480568,0,0,0,0,0,0,0,0,0,0
2,1,480568,0,0,0,0,0,0,0,0,0,0
1,1,480569,20,20,20,20,20,20,20,20,20,20
2,1,480569,10,0,10,0,0,0,0,0,0,0
1,1,480571,0,28,11,12,0,0,0,0,0,0
2,1,480571,0,0,0,0,0,0,0,0,0,0
3,1,480571,0,0,0,0,0,0,0,0,0,0
4,1,480571,0,0,12,0,0,0,0,15,0,9
1,1,480572,4,0,0,0,4,0,0,0,0,0
2,1,480572,0,0,0,0,0,0,0,0,0,0
3,1,480572,0,0,0,0,0,0,0,0,0,0
1,1,480573,0,0,0,0,0,0,0,0,0,0
1,1,480574,0,0,0,0,0,0,0,0,0,0
1,1,480575,0,13,0,0,0,30,0,0,0,16
1,1,480576,0,0,0,0,0,0,0,0,0,0
1,1,480577,18,18,18,18,18,18,18,18,18,18
2,1,480577,0,0,0,0,0,0,0,0,0,0
1,1,480578,0,0,0,0,0,0,0,0,0,0
1,1,480580,9,9,9,9,9,9,9,9,9,9
1,1,480581,2,2,2,2,2,2,2,2,2,2
1,1,480582,9,9,9,9,9,9,9,9,9,9
1,1,480583,13,13,13,13,13,13,13,13,13,13
1,1,480584,6,24,8,0,0,5,8,17,0,28
0,1,480585,0,0,0,0,0,0,0,0,0,0
1,1,480585,0,0,0,0,0,0,0,0,0,0
1,1,480586,0,0,0,0,0,0,0,0,0,0
2,1,480586,0,0,0,13,0,0,0,0,0,3
1,1,480587,17,0,0,5,6,0,10,0,0,0
0,1,480588,0,0,0,0,0,0,0,0,0,0
1,1,480588,0,0,0,0,0,0,0,0,0,0
1,1,480589,0,20,0,0,4,6,0,7,0,0
1,1,480590,20,20,20,20,20,20,20,20,20,20
2,1,480590,13,13,13,13,13,13,13,13,13,13
1,1,480591,0,0,0,0,0,0,0,0,0,0
1,1,480592,0,0,0,0,0,0,0,0,0,0
2,1,480592,11,0,0,9,0,5,0,12,0,0
1,1,480593,18,18,18,18,18,18,18,18,18,18
2,1,480593,0,0,22,25,0,0,0,0,0,0
3,1,480593,0,0,0,0,0,0,0,0,0,0
1,1,480594,0,0,0,0,0,0,0,0,0,0
2,1,480594,0,7,0,8,0,0,0,0,17,0
1,1,480595,4,4,4,4,4,4,4,4,4,4
2,1,480595,0,20,0,12,15,7,0,0,0,4
1,1,480596,16,16,16,16,16,16,16,16,16,16
2,1,480596,0,0,0,0,0,0,5,0,0,0
1,1,480597,19,19,19,19,19,19,19,19,19,19
1,1,480598,0,4,0,0,15,0,0,0,0,0
2,1,480598,24,24,24,24,24,24,24,24,24,24
1,1,480599,0,0,26,0,0,0,0,0,0,0
2,1,480599,0,0,0,0,0,0,0,0,0,0
1,1,480600,0,0,0,0,0,0,0,0,0,0
2,1,480600,13,0,0,10,0,0,0,8,0,0
1,1,480601,10,10,10,10,10,10,10,10,10,10
1,1,480602,0,0,0,0,0,0,0,0,0,0
1,1,480603,4,4,4,4,4,4,4,4,4,4
1,1,480604,5,5,5,5,5,5,5,5,5,5
1,1,480605,0,0,0,0,0,0,0,0,0,0
2,1,480605,0,0,0,28,0,0,0,0,0,0
3,1,480605,0,0,0,0,0,0,0,0,0,0
1,1,480606,0,0,0,0,0,0,30,0,22,15
1,1,480607,0,0,0,0,0,0,0,0,0,0
1,1,480608,11,11,11,11,11,11,11,11,11,11
1,1,480609,0,0,0,0,0,0,0,0,0,0
2,1,480609,0,0,0,0,0,0,0,0,0,0
3,1,480609,0,0,0,0,15,0,0,0,0,0
1,1,480610,0,0,0,0,0,13,0,10,16,0
1,1,480611,24,26,32,28,31,14,22,30,22,40
1,1,480612,23,23,23,23,23,23,23,23,23,23
1,1,480613,23,23,23,23,23,23,23,23,23,23
2,1,480613,9,0,0,0,0,8,0,0,0,0
1,1,480614,21,21,21,21,21,21,21,21,21,21
1,1,480615,2,0,0,0,12,0,14,2,0,0
2,1,480615,0,0,0,0,0,0,0,0,0,0
1,1,480616,2,12,0,0,0,0,26,0,3,0
1,1,480617,0,0,0,0,0,0,0,0,0,0
2,1,480617,0,0,0,0,0,0,0,0,0,0
1,1,480618,18,18,18,18,18,18,18,18,18,18
1,1,480619,0,0,0,0,0,0,0,0,0,0
1,1,480620,0,0,0,0,0,0,0,0,0,0
2,1,480620,0,0,0,0,0,0,0,0,0,0
1,1,480621,20,20,20,20,20,20,20,20,20,20
1,1,480622,0,0,0,0,0,15,0,0,0,0
2,1,480622,0,0,0,0,0,0,0,13,0,0
1,1,480623,0,0,0,0,0,17,0,0,0,0
2,1,480623,31,31,31,31,31,31,31,31,31,31
1,1,480624,26,26,26,26,26,26,26,26,26,26
1,1,480625,0,0,0,0,0,0,0,0,0,0
2,1,480625,0,14,0,0,0,0,0,0,0,0
1,1,480626,0,0,0,0,0,0,0,0,0,0
2,1,480626,0,0,0,0,0,0,0,0,0,0
1,1,480627,0,0,0,0,0,0,0,0,0,0
1,1,480628,0,0,0,0,0,0,0,0,0,0
2,1,480628,0,0,0,0,0,0,0,0,0,0
3,1,480628,0,0,0,0,0,0,0,0,0,0
1,1,480629,0,0,18,0,0,0,0,0,0,0
1,1,480630,0,0,0,0,0,0,0,0,0,0
2,1,480630,0,0,0,0,0,0,0,0,0,0
1,1,480631,0,0,0,0,0,0,19,27,0,0
1,1,480632,11,11,11,11,11,11,11,11,11,11
1,1,480633,0,5,0,0,20,24,0,15,0,10
0,1,480634,0,0,0,0,0,0,0,0,0,0
1,1,480634,0,0,0,0,0,0,0,0,0,0
1,1,480635,15,26,21,0,15,14,0,25,0,0
1,1,480636,21,21,21,21,21,21,21,21,21,21
1,1,480637,16,16,16,16,16,16,16,16,16,16
0,1,480638,0,0,0,0,0,0,0,0,0,0
1,1,480638,0,0,19,0,0,0,0,0,0,0
1,1,480639,0,0,0,0,0,0,0,0,0,0
2,1,480639,0,0,0,11,12,0,0,0,0,0
1,1,480640,19,19,19,19,19,19,19,19,19,19
0,1,480641,19,19,19,19,19,19,19,19,19,19
1,1,480641,15,0,5,0,8,0,0,0,0,0
0,1,480642,0,0,0,0,0,0,0,0,0,0
1,1,480642,1,1,1,1,1,1,1,1,1,1
1,1,480643,10,10,10,10,10,10,10,10,10,10
1,1,480644,0,22,0,0,0,0,10,0,0,0
2,1,480644,0,0,0,0,0,0,0,0,0,0
1,1,480645,20,20,20,20,20,20,20,20,20,20
1,1,480646,0,0,0,0,0,0,0,0,0,0
2,1,480646,0,0,25,0,0,0,0,0,0,0
3,1,480646,0,0,0,0,0,0,0,7,0,0
4,1,480646,0,0,0,0,0,0,0,0,0,0
0,1,480647,15,15,15,15,15,15,15,15,15,15
1,1,480647,19,15,21,15,0,18,0,5,19,0
2,1,480647,0,0,0,11,6,0,0,18,0,0
1,1,480648,27,27,27,27,27,27,27,27,27,27
1,1,480649,0,0,0,0,0,0,0,0,0,0
2,1,480649,0,0,0,0,0,0,0,0,0,0
1,1,480650,18,18,18,18,18,18,18,18,18,18
1,1,480651,18,18,18,18,18,18,18,18,18,18
1,1,480652,0,0,18,0,0,0,0,0,0,0
1,1,480653,25,25,25,25,25,25,25,25,25,25
2,1,480653,4,4,4,4,4,4,4,4,4,4
1,1,480654,6,12,30,0,0,30,14,11,7,20
2,1,480654,0,9,13,12,7,15,0,13,24,0
1,1,480655,13,13,13,13,13,13,13,13,13,13
2,1,480655,0,0,0,0,0,7,0,0,0,0
3,1,480655,0,0,0,0,0,0,0,0,0,0
4,1,480655,0,0,0,0,0,0,0,0,0,0
5,1,480655,7,0,0,3,0,10,4,0,0,8
1,1,480656,17,17,17,17,17,17,17,17,17,17
0,1,480657,0,0,0,0,0,0,0,0,0,0
1,1,480657,0,0,0,2,0,0,0,0,0,0
1,1,480658,22,20,9,32,15,8,21,26,19,29
2,1,480658,0,0,0,0,0,0,0,0,0,0
1,1,480659,0,0,0,0,0,0,0,0,0,0
1,1,480660,0,0,0,7,0,0,0,0,0,0
1,1,480661,0,0,0,0,0,0,0,0,0,0
1,1,480662,23,0,0,0,0,0,0,0,0,0
1,1,480663,0,0,0,0,0,0,0,0,0,0
2,1,480663,0,0,0,0,0,0,0,0,0,0
1,1,480664,0,0,0,0,0,0,0,0,0,0
2,1,480664,0,10,2,0,0,9,3,16,0,20
3,1,480664,10,10,10,10,10,10,10,10,10,10
4,1,480664,0,0,0,0,0,0,18,0,0,0
1,1,480665,14,12,0,16,7,16,16,9,0,12
2,1,480665,21,0,0,0,0,8,0,0,0,0
1,1,480666,0,0,0,16,0,0,0,0,18,0
1,1,480667,27,27,27,27,27,27,27,27,27,27
1,1,480668,0,0,0,0,8,0,0,0,13,0
2,1,480668,4,4,4,4,4,4,4,4,4,4
1,1,480669,24,24,24,24,24,24,24,24,24,24
1,1,480670,10,10,10,10,10,10,10,10,10,10
1,1,480671,20,0,16,23,8,13,6,0,8,20
1,1,480672,20,0,28,16,18,0,23,0,19,0
2,1,480672,0,0,0,0,0,7,0,12,15,0
1,1,480673,23,23,23,23,23,23,23,23,23,23
1,1,480674,1,1,1,1,1,1,1,1,1,1
1,1,480675,16,16,16,16,16,16,16,16,16,16
1,1,480676,18,18,18,18,18,18,18,18,18,18
1,1,480677,0,0,0,0,13,0,0,0,8,0
2,1,480677,0,0,0,0,0,0,9,0,0,0
1,1,480678,15,7,9,18,13,13,0,18,10,7
1,1,480679,10,16,6,0,15,14,7,6,0,36
1,1,480680,0,0,0,0,0,0,0,0,0,0
2,1,480680,0,0,23,0,17,0,0,0,0,0
1,1,480681,0,0,0,0,0,0,0,0,0,0
1,1,480682,0,0,0,0,0,0,0,0,0,0
1,1,480683,0,0,0,0,0,0,0,0,0,0
1,1,480684,0,0,0,0,0,0,0,0,0,0
1,1,480685,0,0,28,0,0,16,0,4,0,0
1,1,480686,0,0,0,0,0,0,0,0,0,0
1,1,480687,0,0,0,0,0,0,0,0,0,0
2,1,480687,5,0,11,0,19,0,0,0,0,0
1,1,480688,0,0,0,0,0,0,0,0,0,0
2,1,480688,0,0,0,0,0,0,0,0,0,0
0,1,480689,0,0,0,0,0,0,0,0,0,0
1,1,480689,0,0,6,0,0,0,25,8,0,0
1,1,480690,0,11,0,0,0,0,0,0,0,15
2,1,480690,0,0,13,3,0,18,13,7,0,0
1,1,480691,9,9,9,9,9,9,9,9,9,9
2,1,480691,0,0,14,0,0,0,0,0,16,0
1,1,480692,21,21,21,21,21,21,21,21,21,21
1,1,480693,0,0,0,0,0,0,0,0,0,0
2,1,480693,0,0,0,0,0,0,0,0,0,0
1,1,480694,0,49,0,21,0,15,0,0,24,14
1,1,480695,18,18,18,18,18,18,18,18,18,18
0,1,480696,8,23,0,26,0,22,0,0,0,0
1,1,480696,0,0,12,0,0,0,7,0,0,3
1,1,480697,0,0,0,0,0,0,0,0,0,0
2,1,480697,0,0,22,0,0,0,0,0,0,0
1,1,480698,2,2,2,2,2,2,2,2,2,2
1,1,480700,0,0,0,0,0,0,4,8,0,0
2,1,480700,0,0,0,0,0,0,0,0,0,0
1,1,480701,0,0,0,0,0,0,0,0,21,0
2,1,480701,0,0,0,9,0,0,8,0,25,0
1,1,480702,20,20,20,20,20,20,20,20,20,20
1,1,480703,25,25,25,25,25,25,25,25,25,25
1,1,480704,20,20,20,20,20,20,20,20,20,20
1,1,480705,22,22,22,22,22,22,22,22,22,22
1,1,480707,0,0,0,0,0,0,0,0,0,0
1,1,480708,21,21,21,21,21,21,21,21,21,21
0,1,480709,18,18,18,18,18,18,18,18,18,18
1,1,480709,0,0,0,0,0,0,0,0,0,0
1,1,480710,0,0,0,0,0,0,0,0,0,0
2,1,480710,0,0,0,0,0,0,0,0,0,0
3,1,480710,0,0,0,0,0,0,0,0,0,0
4,1,480710,0,0,0,0,0,0,0,0,0,0
1,1,480711,0,0,0,0,0,0,0,0,0,0
2,1,480711,0,0,0,0,0,0,0,0,13,0
1,1,480712,0,0,0,0,0,0,0,0,19,0
2,1,480712,0,0,0,0,0,0,0,0,0,0
1,1,480713,0,0,0,0,0,0,0,0,0,0
2,1,480713,0,0,0,0,0,0,0,0,0,0
0,1,480714,0,0,0,0,0,0,0,0,0,0
0,2,480714,26,0,0,0,0,0,0,0,0,0
0,3,480714,0,0,0,0,0,0,0,0,0,0
1,1,480714,0,0,0,0,0,0,0,0,0,0
1,1,480715,0,0,0,0,0,0,0,0,0,0
0,1,480716,0,0,17,0,0,0,0,0,0,0
1,1,480716,0,0,0,0,0,0,15,0,0,0
1,1,480717,0,0,0,0,0,10,0,0,0,0
2,1,480717,0,32,0,0,0,0,0,0,0,0
1,1,480718,0,0,0,0,0,0,0,0,0,0
2,1,480718,0,0,0,0,0,0,0,0,0,0
1,1,480719,25,25,25,25,25,25,25,25,25,25
2,1,480719,17,17,17,17,17,17,17,17,17,17
3,1,480719,0,0,0,0,9,21,0,0,28,0
4,1,480719,0,0,0,0,0,0,0,0,0,0
1,1,480720,23,23,23,23,23,23,23,23,23,23
2,1,480720,0,0,0,3,0,0,0,21,0,8
1,1,480721,0,0,0,0,0,12,0,10,0,0
0,1,480722,15,15,15,15,15,15,15,15,15,15
1,1,480722,0,0,0,0,0,0,0,0,0,0
1,1,480723,4,27,11,7,28,0,31,27,7,28
1,1,480724,0,0,0,0,0,0,0,0,0,0
1,1,480725,21,21,21,21,21,21,21,21,21,21
1,1,480727,9,31,16,34,25,19,9,23,31,16
0,1,480728,0,0,0,0,0,0,0,0,19,0
1,1,480728,0,0,0,0,0,0,0,0,0,0
1,1,480729,0,0,0,0,0,0,0,0,0,0
2,1,480729,15,0,0,0,0,0,0,0,0,0
0,1,480730,20,20,20,20,20,20,20,20,20,20
1,1,480730,18,18,18,18,18,18,18,18,18,18
1,1,480731,0,0,0,0,0,0,0,0,0,0
2,1,480731,0,0,0,0,0,0,0,0,0,0
1,1,480732,18,0,0,23,0,0,0,14,38,6
0,1,480733,23,23,23,23,23,23,23,23,23,23
1,1,480733,0,5,21,9,0,0,0,0,0,0
1,1,480734,29,29,29,29,29,29,29,29,29,29
1,1,480735,0,15,0,8,0,0,0,10,11,23
1,1,480736,0,0,0,0,0,0,0,0,0,0
2,1,480736,0,0,0,0,0,0,0,0,0,0
0,1,480737,0,0,0,0,0,0,0,0,0,0
1,1,480737,0,0,0,0,0,0,0,0,0,0
1,1,480738,22,22,22,22,22,22,22,22,22,22
2,1,480738,0,0,0,0,0,0,0,0,0,0
1,1,480739,0,0,0,0,0,0,0,0,0,0
2,1,480739,0,0,0,0,0,0,0,0,0,0
1,1,480740,0,0,0,0,0,0,0,0,0,0
2,1,480740,0,0,0,0,0,0,0,0,0,0
1,1,480741,0,0,0,0,0,0,0,0,0,7
1,1,480742,13,17,28,22,11,29,23,10,29,13
1,1,480743,0,0,0,0,0,0,0,6,0,0
1,1,480744,0,0,0,4,10,19,0,14,17,0
2,1,480744,10,10,10,10,10,10,10,10,10,10
3,1,480744,8,0,0,0,8,0,0,0,0,0