VEH_NO,PER_NO,ST_CASE,P1,P2,P3,P4,P5,P6,P7,P8,P9,P10
0,1,481387,29,29,29,29,29,29,29,29,29,29
1,1,481387,10,0,8,0,10,11,0,18,0,0
1,1,481388,8,8,8,8,8,8,8,8,8,8
1,1,481389,15,15,15,15,15,15,15,15,15,15
0,1,481390,0,0,0,0,0,0,0,0,0,0
1,1,481390,0,0,0,0,0,0,0,0,0,0
1,1,481391,0,0,0,0,7,0,0,0,0,0
2,1,481391,0,0,0,0,0,0,0,0,0,0
1,1,481392,0,0,7,0,0,6,0,0,0,0
0,1,481393,21,17,0,28,0,0,25,14,0,0
0,2,481393,0,8,20,0,0,9,0,0,0,0
1,1,481393,0,0,0,0,9,23,0,0,0,0
1,1,481394,34,34,34,34,34,34,34,34,34,34
1,1,481395,0,11,0,18,0,0,0,0,0,11
1,1,481396,0,0,0,0,0,0,0,0,0,0
2,1,481396,0,0,0,0,0,0,0,0,0,0
3,1,481396,0,0,0,0,0,0,0,0,0,0
4,1,481396,0,0,0,0,0,0,0,0,0,0
5,1,481396,0,0,0,0,0,0,0,0,0,0
6,1,481396,0,0,0,0,0,0,0,0,0,0
7,1,481396,0,0,0,0,0,0,0,0,16,0
8,1,481396,0,0,0,0,0,0,0,0,0,3
9,1,481396,0,0,0,0,0,0,0,0,0,0
1,1,481397,0,6,12,11,0,0,0,19,12,15
2,1,481397,14,14,14,14,14,14,14,14,14,14
1,1,481398,15,15,15,15,15,15,15,15,15,15
2,1,481398,22,22,22,22,22,22,22,22,22,22
1,1,481399,0,0,0,0,0,0,0,0,0,0
1,1,481400,0,0,0,0,0,0,0,0,0,0
1,1,481401,38,38,38,38,38,38,38,38,38,38
1,1,481402,18,18,18,18,18,18,18,18,18,18
0,1,481403,10,22,32,0,0,0,0,0,0,29
1,1,481403,22,22,22,22,22,22,22,22,22,22
1,1,481404,15,18,20,9,0,14,0,16,15,22
1,1,481405,0,0,11,17,0,0,0,0,0,13
2,1,481405,15,0,0,0,0,2,0,0,5,0
1,1,481406,0,0,0,0,0,0,0,0,0,0
2,1,481406,0,0,0,0,0,0,0,0,0,0
1,1,481407,0,0,0,0,0,0,0,0,0,0
1,1,481408,0,0,0,0,0,0,0,0,0,0
1,1,481409,13,13,13,13,13,13,13,13,13,13
1,1,481411,0,0,0,0,0,0,0,0,0,0
2,1,481411,0,0,0,0,0,0,0,0,0,0
3,1,481411,0,0,0,0,0,0,0,0,0,0
4,1,481411,0,0,0,0,0,0,0,0,0,0
5,1,481411,0,0,0,0,30,0,0,0,0,0
1,1,481412,26,10,37,17,35,30,23,8,30,13
1,1,481413,0,0,3,0,0,0,7,0,0,3
2,1,481413,3,0,10,0,0,0,0,0,7,0
1,1,481414,0,0,0,0,0,0,0,0,0,0
1,1,481415,0,0,0,0,0,0,0,0,0,0
1,1,481416,0,0,0,0,0,18,16,0,0,0
2,1,481416,11,0,16,7,0,0,0,0,0,21
1,1,481417,0,0,0,0,0,0,0,0,0,0
2,1,481417,0,0,0,0,0,0,0,0,0,0
1,1,481418,0,0,0,0,0,0,0,0,0,0
1,1,481419,0,0,0,0,0,0,0,0,0,0
1,1,481420,0,0,21,14,0,0,19,0,0,0
1,1,481421,22,22,22,22,22,22,22,22,22,22
2,1,481421,0,0,0,0,0,0,0,0,0,0
1,1,481422,0,0,0,0,9,0,0,0,19,0
2,1,481422,0,0,0,0,0,0,0,0,0,0
1,1,481423,0,0,0,0,0,0,0,0,0,0
1,1,481424,0,0,0,0,0,0,0,0,0,0
2,1,481424,0,0,0,0,0,0,0,0,0,0
1,1,481425,0,0,0,0,0,0,0,0,0,0
2,1,481425,9,9,9,9,9,9,9,9,9,9
1,1,481426,0,0,0,0,0,0,0,0,0,5
0,1,481427,11,11,11,11,11,11,11,11,11,11
1,1,481427,31,0,15,0,0,14,0,2,0,0
1,1,481428,0,0,0,0,0,0,0,0,0,0
1,1,481429,19,0,0,14,0,0,0,0,0,0
2,1,481429,0,0,0,0,0,6,0,5,13,7
1,1,481430,12,7,4,0,0,0,5,0,0,0
2,1,481430,0,0,0,0,0,5,0,0,0,0
1,1,481431,10,0,14,15,8,8,0,8,7,8
2,1,481431,4,0,0,0,0,0,0,0,0,0
1,1,481432,0,0,0,0,0,0,0,0,0,0
2,1,481432,0,0,8,0,0,0,15,0,7,27
3,1,481432,0,0,0,0,0,0,0,0,0,0
4,1,481432,0,0,0,0,0,0,0,5,0,0
5,1,481432,0,0,0,0,0,0,0,0,0,0
1,1,481433,12,12,12,12,12,12,12,12,12,12
1,1,481434,0,0,0,0,0,0,0,0,0,0
1,1,481436,16,0,0,0,0,0,0,0,17,0
2,1,481436,0,0,0,0,0,0,0,0,0,0
1,1,481437,11,11,11,11,11,11,11,11,11,11
1,1,481438,0,0,0,0,0,0,0,0,0,0
1,1,481439,0,0,0,0,0,0,0,0,0,0
2,1,481439,0,16,0,0,0,11,15,0,0,0
3,1,481439,7,19,0,0,0,0,0,0,0,0
4,1,481439,9,0,3,0,0,0,0,0,0,0
5,1,481439,0,0,0,0,0,0,3,0,0,0
1,1,481440,0,0,0,0,0,0,0,0,0,0
1,1,481441,10,10,10,10,10,10,10,10,10,10
1,1,481442,0,0,0,0,0,0,0,0,0,0
2,1,481442,0,0,0,0,0,0,0,0,0,0
1,1,481443,0,0,0,0,0,0,0,0,0,0
1,1,481444,30,30,30,30,30,30,30,30,30,30
1,1,481445,15,15,15,15,15,15,15,15,15,15
1,1,481446,0,0,0,0,0,0,0,0,0,0
1,1,481447,0,0,0,0,0,0,0,0,0,0
2,1,481447,0,0,0,0,0,0,0,0,0,0
1,1,481448,0,0,0,0,0,0,0,0,0,0
2,1,481448,0,0,0,0,0,0,0,0,8,0
1,1,481449,0,0,0,0,0,0,0,0,0,0
2,1,481449,0,0,0,0,0,0,0,0,0,0
1,1,481450,0,0,0,0,0,0,0,0,0,0
2,1,481450,0,0,0,0,0,0,0,0,0,0
1,1,481452,14,14,14,14,14,14,14,14,14,14
1,1,481453,0,0,0,0,39,0,0,0,0,37
1,1,481454,20,20,20,20,20,20,20,20,20,20
0,1,481455,19,19,19,19,19,19,19,19,19,19
1,1,481455,0,15,0,0,0,0,0,0,21,0
1,1,481456,12,16,28,31,16,12,13,16,14,29
1,1,481457,11,6,27,7,17,18,13,23,28,26
1,1,481458,0,0,0,0,0,0,0,0,0,0
2,1,481458,18,18,18,18,18,18,18,18,18,18
1,1,481459,0,0,0,0,7,0,0,8,0,0
2,1,481459,4,4,4,4,4,4,4,4,4,4
0,1,481460,0,0,0,0,0,0,0,0,0,0
1,1,481460,0,0,0,0,0,11,0,22,0,0
1,1,481461,19,19,19,19,19,19,19,19,19,19
1,1,481462,18,18,18,18,18,18,18,18,18,18
0,1,481463,24,24,24,24,24,24,24,24,24,24
1,1,481463,0,0,13,0,0,0,22,2,0,0
2,1,481463,0,0,0,24,3,0,0,0,0,0
3,1,481463,0,0,10,0,16,15,0,0,11,9
1,1,481464,7,11,3,8,16,6,7,9,11,13
2,1,481464,0,0,0,0,0,0,0,0,0,0
2,1,481465,0,0,0,0,0,0,0,0,0,0
1,1,481466,28,28,28,28,28,28,28,28,28,28
1,1,481467,16,23,23,46,30,18,13,17,7,0
1,1,481468,16,16,16,16,16,16,16,16,16,16
1,1,481469,0,0,0,0,0,0,0,9,0,0
2,1,481469,3,3,3,3,3,3,3,3,3,3
1,1,481470,0,15,0,0,0,11,0,0,0,29
1,1,481471,4,4,4,4,4,4,4,4,4,4
2,1,481471,1,1,1,1,1,1,1,1,1,1
1,1,481472,0,0,19,9,0,0,15,27,0,0
1,1,481473,0,0,0,0,0,23,14,0,23,0
2,1,481473,0,0,0,0,0,0,0,0,0,0
1,1,481474,0,0,0,0,0,0,0,0,0,0
2,1,481474,0,0,0,0,0,0,0,0,14,0
1,1,481475,0,0,11,0,0,12,0,25,15,0
1,1,481476,13,13,13,13,13,13,13,13,13,13
1,1,481477,15,18,16,13,15,0,37,21,20,14
1,1,481478,0,11,0,0,24,0,0,0,0,0
2,1,481478,0,0,0,0,0,0,0,0,0,0
3,1,481478,0,0,11,18,0,0,0,0,0,0
1,1,481479,0,0,0,0,0,0,0,0,0,0
2,1,481479,0,0,0,0,0,0,0,0,0,0
3,1,481479,0,0,0,0,0,0,0,0,0,0
0,1,481480,0,0,0,0,0,0,0,0,0,0
1,1,481480,0,0,0,0,0,0,6,0,0,0
2,1,481480,0,0,0,14,0,0,18,0,12,0
1,1,481481,0,0,0,0,0,0,0,0,0,0
1,1,481482,24,7,19,31,6,3,16,14,2,11
0,1,481483,20,0,0,0,14,16,0,19,0,15
1,1,481483,0,0,15,0,0,10,0,7,0,0
0,1,481484,22,7,0,0,27,18,15,25,17,0
1,1,481484,0,0,0,0,0,0,0,0,24,9
1,1,481485,0,0,0,0,0,0,0,0,0,0
1,1,481486,0,6,0,0,0,18,0,0,0,0
2,1,481486,0,0,0,0,0,0,0,0,0,0
1,1,481487,0,0,0,0,0,0,0,0,0,0
2,1,481487,0,0,0,0,0,0,0,0,0,0
0,1,481488,0,0,0,0,0,0,0,0,22,13
1,1,481488,15,0,0,0,25,0,13,0,0,0
1,1,481489,21,21,21,21,21,21,21,21,21,21
1,1,481490,11,11,11,11,11,11,11,11,11,11
2,1,481490,0,0,0,0,0,0,0,0,0,0
3,1,481490,0,0,0,0,0,0,0,0,0,0
1,1,481491,0,0,0,0,0,0,0,0,0,0
1,1,481492,0,0,0,0,13,0,0,0,15,0
2,1,481492,0,0,0,0,0,14,0,0,0,0
3,1,481492,10,0,0,2,0,0,0,0,0,0
1,1,481493,14,14,14,14,14,14,14,14,14,14
1,1,481494,0,0,18,0,13,0,0,0,0,0
1,1,481495,0,0,0,0,0,15,10,0,0,0
2,1,481495,0,0,0,0,0,0,0,0,0,0
1,1,481496,11,11,11,11,11,11,11,11,11,11
1,1,481497,19,19,19,19,19,19,19,19,19,19
1,1,481498,0,14,0,15,15,0,0,15,18,0
1,1,481499,0,0,11,0,0,0,0,0,0,0
0,1,481501,17,26,0,23,0,12,0,25,0,0
1,1,481501,0,0,0,0,17,8,0,0,0,31
0,1,481502,30,30,30,30,30,30,30,30,30,30
1,1,481502,19,0,7,8,1,0,3,3,0,9
1,1,481503,18,14,39,13,0,23,28,9,0,17
1,1,481504,0,0,0,0,0,0,0,0,0,0
2,1,481504,0,0,0,0,0,0,0,0,0,0
0,1,481505,0,0,0,0,0,0,0,0,0,0
1,1,481505,0,23,0,0,0,0,0,38,0,0
1,1,481506,0,0,0,0,0,0,0,0,0,0
2,1,481506,0,0,0,0,0,0,0,0,0,0
3,1,481506,0,18,0,0,0,0,2,0,0,0
1,1,481507,0,0,0,0,0,0,0,0,0,0
2,1,481507,0,0,0,0,0,0,0,0,0,0
1,1,481508,0,0,0,0,0,0,0,0,0,0
2,1,481508,0,0,0,0,0,0,0,0,0,0
3,1,481508,0,0,0,0,0,0,0,0,0,0
1,1,481509,0,0,0,0,0,0,0,0,0,0
2,1,481509,0,0,0,0,0,0,0,0,0,0
0,1,481510,27,6,0,21,0,14,0,34,0,0
1,1,481510,0,0,0,0,0,0,0,0,0,0
1,1,481511,0,0,0,0,0,0,0,0,0,0
2,1,481511,0,0,0,0,0,0,0,0,0,0
1,1,481512,0,0,0,0,0,0,0,0,0,0
2,1,481512,0,0,0,0,0,0,0,0,0,0
1,1,481513,28,28,28,28,28,28,28,28,28,28
1,1,481514,9,0,8,0,12,24,0,0,0,0
1,1,481515,15,15,15,15,15,15,15,15,15,15
2,1,481515,0,0,0,0,0,0,0,0,0,0
1,1,481516,0,0,0,0,0,0,0,0,0,0
2,1,481516,0,0,0,19,0,0,0,0,0,0
1,1,481518,0,0,0,0,0,0,0,0,0,0
1,1,481519,0,0,0,0,0,0,0,0,0,0
2,1,481519,0,17,0,0,24,30,0,0,0,0
1,1,481520,19,19,19,19,19,19,19,19,19,19
1,1,481521,0,0,0,0,0,0,0,0,0,0
2,1,481521,0,0,0,0,0,0,0,0,0,0
1,1,481522,5,17,12,0,14,0,19,9,7,0
1,1,481523,21,21,21,21,21,21,21,21,21,21
1,1,481524,21,21,21,21,21,21,21,21,21,21
1,1,481525,0,0,14,0,0,28,12,9,0,7
2,1,481525,0,0,0,0,0,0,0,0,0,0
3,1,481525,0,0,0,19,0,0,0,0,0,0
1,1,481526,20,20,20,20,20,20,20,20,20,20
1,1,481527,15,15,15,15,15,15,15,15,15,15
1,1,481528,12,12,12,12,12,12,12,12,12,12
1,1,481529,25,25,25,25,25,25,25,25,25,25
2,1,481529,0,0,0,0,0,0,0,0,0,0
1,1,481530,0,0,0,0,0,0,0,0,0,0
2,1,481530,0,0,0,0,0,0,0,0,0,0
1,1,481531,0,0,0,0,9,0,0,0,0,0
2,1,481531,0,0,0,0,0,0,0,0,0,0
1,1,481532,12,12,12,12,12,12,12,12,12,12
1,1,481533,0,0,0,0,0,0,0,18,0,0
2,1,481533,0,15,0,16,22,0,24,0,0,8
1,1,481534,0,0,0,0,0,0,0,0,0,0
2,1,481534,0,0,0,0,0,0,0,0,0,0
3,1,481534,16,16,16,16,16,16,16,16,16,16
1,1,481535,0,0,0,0,11,0,0,0,0,0
2,1,481535,0,0,0,0,0,0,0,0,0,0
1,1,481536,15,0,12,0,16,0,3,0,6,6
2,1,481536,0,0,0,0,0,0,0,0,0,0
0,1,481537,0,0,0,0,0,0,0,0,0,0
1,1,481537,0,0,0,0,0,0,0,0,0,0
1,1,481538,0,0,0,0,0,0,0,0,0,0
2,1,481538,0,0,0,0,0,0,0,0,0,0
1,1,481539,14,14,14,14,14,14,14,14,14,14
1,1,481540,0,0,0,0,0,0,0,0,0,0
1,1,481541,0,0,0,0,0,0,0,0,0,0
2,1,481541,13,13,13,13,13,13,13,13,13,13
1,1,481542,12,12,12,12,12,12,12,12,12,12
2,1,481542,0,16,0,0,0,0,0,0,0,0
0,1,481543,37,37,37,37,37,37,37,37,37,37
1,1,481543,0,0,7,6,11,13,4,0,0,0
1,1,481544,6,24,0,0,0,0,0,0,0,0
2,1,481544,13,0,0,0,0,0,3,0,0,0
1,1,481545,21,21,21,21,21,21,21,21,21,21
1,1,481546,0,21,13,16,18,0,22,16,9,17
2,1,481546,0,0,18,0,0,0,0,0,0,12
1,1,481547,0,0,0,0,0,15,0,0,9,20
2,1,481547,0,0,0,0,0,0,11,17,0,0
1,1,481548,0,0,0,0,0,0,0,0,0,0
2,1,481548,0,6,0,0,0,0,0,32,0,0
1,1,481549,20,20,20,20,20,20,20,20,20,20
1,1,481550,0,0,0,0,0,0,0,0,0,0
2,1,481550,0,0,0,0,0,0,0,0,0,0
1,1,481551,0,0,0,0,0,0,0,0,0,0
1,1,481552,29,0,0,0,0,0,0,0,0,0
2,1,481552,0,0,0,0,10,0,0,0,0,0
1,1,481553,0,0,0,0,0,0,0,0,0,0
2,1,481553,0,0,0,0,0,0,0,0,0,0
1,1,481554,0,0,0,0,0,0,0,0,0,8
2,1,481554,0,2,0,0,0,0,0,0,0,0
1,1,481555,0,0,0,0,4,0,0,0,0,0
2,1,481555,0,0,0,0,0,0,0,0,0,0
3,1,481555,0,0,14,0,0,0,0,0,0,0
1,1,481556,19,11,14,18,4,6,0,0,11,18
1,1,481557,0,0,0,0,0,0,0,0,0,0
2,1,481557,0,0,0,0,0,0,0,0,0,0
1,1,481558,0,0,0,0,0,0,0,0,0,15
1,1,481559,0,0,0,0,0,0,0,0,4,0
1,1,481560,0,0,0,0,0,37,0,0,0,0
2,1,481560,0,0,0,0,0,0,0,0,0,0
3,1,481560,0,0,0,0,0,0,0,0,0,0
1,1,481561,0,0,0,0,0,0,0,0,0,0
2,1,481561,0,0,0,0,0,0,0,0,0,0
1,1,481562,0,0,0,0,0,0,0,0,0,0
2,1,481562,0,0,0,0,0,0,0,0,0,0
3,1,481562,25,0,0,0,0,0,0,6,0,0
1,1,481563,0,0,0,0,0,0,0,0,0,0
1,1,481564,18,18,18,18,18,18,18,18,18,18
1,1,481565,0,0,0,0,0,0,0,0,0,0
2,1,481565,0,0,0,0,0,0,0,0,0,0
3,1,481565,0,0,0,0,0,0,0,0,0,0
1,1,481566,0,0,0,0,0,0,0,0,0,0
1,1,481567,0,0,0,0,0,0,34,0,0,0
2,1,481567,0,0,0,0,0,0,0,0,0,0
1,1,481568,0,0,0,0,0,0,0,0,0,0
1,1,481570,0,0,0,0,0,0,0,0,0,0
1,1,481571,0,0,0,0,0,0,0,0,0,0
2,1,481571,0,0,0,0,0,0,0,0,0,0
1,1,481572,0,0,0,0,0,0,0,0,0,0
0,1,481573,0,21,0,0,0,0,18,7,7,0
0,2,481573,12,11,0,14,0,0,24,0,0,32
1,1,481573,0,0,0,0,15,0,0,0,0,0
3,1,481573,0,0,0,11,18,0,10,0,0,0
1,1,481574,0,0,0,0,0,9,0,0,0,0
2,1,481574,0,0,0,0,0,0,0,0,0,0
1,1,481575,0,34,32,0,24,12,19,0,0,0
1,1,481576,0,0,0,0,0,0,0,0,0,0
1,1,481577,0,12,0,0,34,0,0,0,0,0
1,1,481578,13,11,14,0,16,18,0,0,0,0
1,1,481579,0,0,0,0,0,0,0,0,0,0
2,1,481579,0,0,0,8,0,0,0,0,0,0
1,1,481580,0,0,0,0,0,0,0,14,0,0
2,1,481580,0,0,0,0,0,0,0,0,0,0
1,1,481581,0,0,0,13,18,4,0,10,0,0
1,1,481582,0,0,0,0,0,0,0,0,0,0
2,1,481582,0,0,0,0,0,0,0,0,0,0
0,1,481583,15,0,0,0,0,0,23,27,0,0
1,1,481583,0,0,13,0,0,0,0,0,10,15
1,1,481584,0,0,0,0,0,0,0,0,0,0
2,1,481584,0,0,0,0,0,0,0,0,0,0
1,1,481585,0,0,0,0,0,0,0,0,0,0
1,1,481586,0,0,0,0,0,0,0,0,0,0
2,1,481586,0,28,0,0,0,0,0,0,0,14
1,1,481587,0,0,0,0,0,0,0,0,0,0
2,1,481587,0,0,5,0,0,0,0,0,0,0
3,1,481587,0,0,0,0,0,0,0,0,0,0
1,1,481588,0,0,0,0,0,0,0,0,0,0
2,1,481588,0,0,0,0,0,0,0,0,0,0
1,1,481589,19,19,19,19,19,19,19,19,19,19
2,1,481589,4,4,4,4,4,4,4,4,4,4
1,1,481590,10,10,10,10,10,10,10,10,10,10
1,1,481591,31,31,31,31,31,31,31,31,31,31
2,1,481591,26,0,11,24,0,0,0,10,0,0
1,1,481592,0,0,0,0,0,0,0,0,0,0
2,1,481592,0,0,20,0,0,0,15,0,0,0
1,1,481593,0,0,0,0,0,0,0,0,0,0
2,1,481593,0,0,0,0,0,0,0,0,24,0
1,1,481594,17,17,17,17,17,17,17,17,17,17
1,1,481596,0,0,0,0,0,0,0,0,0,0
2,1,481596,0,0,0,0,0,0,0,0,0,0
3,1,481596,0,0,0,0,0,0,0,0,0,0
1,1,481597,22,22,22,22,22,22,22,22,22,22
2,1,481597,10,0,0,0,0,0,0,0,0,0
1,1,481598,17,17,17,17,17,17,17,17,17,17
1,1,481599,0,0,0,8,0,0,0,0,12,0
1,1,481600,22,22,22,22,22,22,22,22,22,22
2,1,481600,15,19,33,2,0,9,7,0,0,0
1,1,481601,18,18,18,18,18,18,18,18,18,18
2,1,481601,12,12,12,12,12,12,12,12,12,12
1,1,481602,17,17,17,17,17,17,17,17,17,17
1,1,481603,5,0,12,13,13,9,32,22,13,16
1,1,481604,25,21,11,20,6,32,34,24,14,16
2,1,481604,0,0,0,0,0,0,0,0,0,0
1,1,481605,0,0,0,9,0,0,0,0,0,11
1,1,481606,23,23,23,23,23,23,23,23,23,23
2,1,481606,0,0,0,0,0,0,12,0,12,0
1,1,481607,1,1,1,1,1,1,1,1,1,1
1,1,481608,0,8,24,26,11,0,0,21,0,16
1,1,481609,0,0,0,0,0,0,0,0,0,0
2,1,481609,0,0,0,0,0,0,0,0,0,0
3,1,481609,0,0,0,0,0,0,0,0,0,0
4,1,481609,0,0,0,0,0,0,0,0,0,0
5,1,481609,0,0,0,0,0,0,0,0,0,0
0,1,481610,0,0,0,0,0,0,0,0,0,0
1,1,481610,0,0,0,0,0,0,0,0,0,0
1,1,481611,0,0,0,0,0,0,0,0,0,0
0,1,481612,0,0,0,0,0,0,0,0,0,0
1,1,481612,0,0,0,0,0,0,0,0,0,0
1,1,481613,30,30,30,30,30,30,30,30,30,30
0,1,481614,32,32,32,32,32,32,32,32,32,32
1,1,481614,0,0,0,0,0,0,0,0,0,0
1,1,481615,27,27,27,27,27,27,27,27,27,27
1,1,481616,18,18,18,18,18,18,18,18,18,18
2,1,481616,0,0,0,0,0,0,0,0,0,0
1,1,481617,0,0,10,16,0,0,0,0,0,21
2,1,481617,22,2,0,0,0,0,0,0,0,0
1,1,481618,0,0,0,0,0,0,0,0,0,0
1,1,481619,0,0,0,0,0,0,0,0,0,0
2,1,481619,6,12,0,13,0,21,0,0,0,0
0,1,481620,50,0,0,0,31,29,0,36,24,0
1,1,481620,0,0,0,0,0,0,13,0,20,22
1,1,481621,20,0,0,0,0,0,0,0,0,0
2,1,481621,0,0,0,0,0,0,0,0,0,0
1,1,481622,19,0,8,11,5,10,13,20,15,34
0,1,481623,6,0,0,17,0,0,0,0,0,18
1,1,481623,0,0,0,0,0,0,0,0,0,0
1,1,481624,17,17,17,17,17,17,17,17,17,17
1,1,481625,0,11,0,0,0,0,24,0,0,13
1,1,481626,0,0,0,0,0,3,8,0,0,0
2,1,481626,0,0,17,0,0,23,0,0,0,0
1,1,481627,0,0,0,0,0,0,0,0,0,0
0,1,481628,0,0,0,0,0,0,0,0,0,0
1,1,481628,0,0,0,0,0,0,0,0,0,0
1,1,481629,20,20,20,20,20,20,20,20,20,20
1,1,481630,0,0,0,0,6,0,16,13,0,0
2,1,481630,0,0,0,0,0,0,0,0,0,0
1,1,481631,0,0,0,0,0,0,0,0,0,0
2,1,481631,13,13,13,13,13,13,13,13,13,13
0,1,481632,22,0,0,0,0,25,25,0,13,16
0,2,481632,0,30,30,0,0,0,0,0,9,0
1,1,481632,0,0,0,0,0,0,0,0,0,0
1,1,481633,0,0,0,0,0,0,0,0,0,0
1,1,481634,0,13,3,0,0,0,10,0,23,0
2,1,481634,0,0,0,0,0,0,0,0,0,0
1,1,481635,7,7,7,7,7,7,7,7,7,7
0,1,481636,0,0,0,0,0,0,0,0,0,0
1,1,481636,0,0,0,0,0,0,0,0,0,0
1,1,481637,3,3,3,3,3,3,3,3,3,3
1,1,481638,19,19,19,19,19,19,19,19,19,19
1,1,481639,0,19,0,0,21,0,15,0,0,0
2,1,481639,27,27,27,27,27,27,27,27,27,27
1,1,481640,0,0,0,0,0,0,0,0,0,0
1,1,481641,20,20,20,20,20,20,20,20,20,20
1,1,481642,15,15,0,12,0,0,0,11,3,15
2,1,481642,0,0,0,0,0,0,18,0,0,0
3,1,481642,0,3,0,0,0,0,0,0,0,0
1,1,481643,12,13,4,0,14,23,15,12,0,21
0,1,481644,25,19,0,0,0,12,0,0,15,0
1,1,481644,0,0,0,0,0,0,0,0,0,0
2,1,481644,0,0,13,0,0,0,0,0,0,0
3,1,481644,0,0,0,0,0,0,0,0,0,0
0,1,481645,0,0,0,0,0,0,0,0,0,0
1,1,481645,0,0,0,0,0,0,0,0,0,0
1,1,481646,0,0,0,0,0,15,0,0,0,0
2,1,481646,0,0,0,0,0,0,0,0,0,0
1,1,481647,0,0,0,0,0,0,0,0,0,0
1,1,481648,0,4,0,0,0,0,0,0,0,0
2,1,481648,0,0,0,0,0,0,0,0,0,0
1,1,481649,0,0,0,0,11,0,0,0,11,0
2,1,481649,0,0,0,0,0,0,0,0,0,0
1,1,481650,5,5,5,5,5,5,5,5,5,5
1,1,481651,28,28,28,28,28,28,28,28,28,28
0,1,481652,0,0,0,0,0,0,0,0,0,0
1,1,481652,0,0,0,6,4,20,0,0,26,8
1,1,481653,23,23,23,23,23,23,23,23,23,23
1,1,481654,27,0,0,26,0,14,0,0,0,12
2,1,481654,0,0,0,0,0,0,0,0,0,15
1,1,481655,0,0,0,0,0,0,0,0,0,0
1,1,481657,21,21,21,21,21,21,21,21,21,21
2,1,481657,0,15,2,0,11,7,0,13,17,0
1,1,481658,13,6,11,9,12,17,8,10,9,18
2,1,481658,0,0,9,0,0,0,0,0,0,0
1,1,481659,4,0,0,0,0,0,0,8,0,0
2,1,481659,0,0,0,0,13,0,0,7,0,0
3,1,481659,0,0,6,0,0,0,0,0,0,0
1,1,481660,13,13,13,13,13,13,13,13,13,13
2,1,481660,4,4,4,4,4,4,4,4,4,4
1,1,481661,36,14,0,19,20,12,19,21,16,19
1,1,481662,25,25,25,25,25,25,25,25,25,25
0,1,481663,0,12,25,23,23,30,19,18,16,0
1,1,481663,0,18,0,0,0,10,0,0,0,0
1,1,481664,18,18,18,18,18,18,18,18,18,18
1,1,481665,0,0,0,0,0,0,0,0,0,0
2,1,481665,0,0,0,0,0,0,0,0,0,0
1,1,481666,22,22,22,22,22,22,22,22,22,22
1,1,481667,0,0,0,0,0,0,0,0,0,0
2,1,481667,0,0,0,0,0,0,0,9,0,0
1,1,481668,0,0,0,0,0,0,0,0,0,0
1,1,481669,0,0,0,0,0,0,0,0,0,0
1,1,481670,0,0,0,0,0,0,0,0,0,0
1,1,481671,0,0,0,0,0,0,0,0,0,0
2,1,481671,0,0,0,0,0,6,0,0,0,0
3,1,481671,0,0,0,0,0,0,0,0,0,0
1,1,481672,22,22,22,22,22,22,22,22,22,22
2,1,481672,0,0,0,10,0,0,0,29,0,0
1,1,481673,29,0,0,16,13,14,0,0,25,9
0,1,481674,30,30,30,30,30,30,30,30,30,30
1,1,481674,0,10,0,0,0,0,0,0,0,0
1,1,481675,0,0,8,0,11,0,0,0,0,6
2,1,481675,0,0,0,0,0,0,0,0,0,0
1,1,481676,0,0,0,0,0,0,0,0,0,0
1,1,481677,27,27,27,27,27,27,27,27,27,27
1,1,481678,15,15,15,15,15,15,15,15,15,15
2,1,481678,6,6,6,6,6,6,6,6,6,6
1,1,481679,12,12,12,12,12,12,12,12,12,12
2,1,481679,0,0,0,10,0,0,0,0,0,0
1,1,481680,17,17,17,17,17,17,17,17,17,17
1,1,481681,0,22,0,19,18,56,0,10,17,0
1,1,481682,0,0,25,0,0,0,0,0,0,0
2,1,481682,0,0,0,0,0,0,0,0,0,0
1,1,481683,25,25,25,25,25,25,25,25,25,25
2,1,481683,0,0,0,0,0,0,0,0,0,0
1,1,481684,0,0,6,9,13,0,0,12,13,0
1,1,481685,13,13,13,13,13,13,13,13,13,13
1,1,481686,0,0,0,0,0,0,0,0,0,0
2,1,481686,0,0,0,0,0,0,0,0,0,0
1,1,481687,9,9,9,9,9,9,9,9,9,9
1,1,481688,14,14,14,14,14,14,14,14,14,14
0,1,481689,22,22,22,22,22,22,22,22,22,22
1,1,481689,3,4,7,11,0,0,22,0,9,0
1,1,481690,0,0,0,0,0,0,0,0,0,0
2,1,481690,0,0,0,0,0,0,0,0,0,0
1,1,481691,19,10,11,18,11,8,7,0,17,17
1,1,481692,0,0,0,0,0,0,0,0,5,12
1,1,481693,8,0,0,0,0,0,11,0,0,10
1,1,481694,25,25,25,25,25,25,25,25,25,25