VEH_NO,PER_NO,ST_CASE,P1,P2,P3,P4,P5,P6,P7,P8,P9,P10
1,1,481695,0,0,0,0,0,0,0,0,0,0
2,1,481695,15,15,15,15,15,15,15,15,15,15
1,1,481696,11,11,11,11,11,11,11,11,11,11
1,1,481697,10,10,10,10,10,10,10,10,10,10
1,1,481698,20,26,28,25,25,21,18,0,41,0
1,1,481699,0,0,0,0,0,8,0,0,0,0
2,1,481699,10,10,10,10,10,10,10,10,10,10
1,1,481700,10,13,38,6,0,0,0,11,0,12
1,1,481701,0,0,0,0,0,0,0,0,0,0
0,1,481702,0,0,0,0,0,0,0,0,0,0
1,1,481702,5,5,5,5,5,5,5,5,5,5
1,1,481703,0,0,0,0,0,0,0,0,0,0
1,1,481704,0,0,0,0,2,17,0,0,0,16
1,1,481705,0,7,3,0,0,0,0,0,0,0
2,1,481705,11,0,0,0,6,0,0,0,8,0
3,1,481705,34,0,0,0,0,0,0,0,0,0
4,1,481705,0,0,0,0,0,0,0,0,2,0
1,1,481706,0,0,0,0,0,0,0,0,0,0
1,1,481707,1,1,1,1,1,1,1,1,1,1
1,1,481708,17,17,17,17,17,17,17,17,17,17
1,1,481709,0,0,0,8,0,17,0,10,0,0
1,1,481710,0,0,0,0,0,0,0,0,0,0
2,1,481710,0,0,0,0,0,0,0,0,0,0
1,1,481711,32,0,0,12,13,14,0,0,15,0
1,1,481712,30,13,18,20,25,5,14,12,17,21
2,1,481712,0,0,0,0,0,0,0,0,0,0
1,1,481713,12,0,0,0,0,0,0,0,0,0
1,1,481714,14,7,10,25,0,17,16,7,14,0
0,1,481715,24,32,0,0,15,28,15,15,18,31
0,2,481715,5,5,5,5,5,5,5,5,5,5
2,1,481715,0,0,0,0,9,0,0,0,0,0
1,1,481716,17,0,0,0,0,0,0,0,8,0
2,1,481716,11,11,11,11,11,11,11,11,11,11
1,1,481717,6,18,17,12,10,9,6,19,5,13
2,1,481717,0,0,0,0,18,0,0,11,0,0
1,1,481718,9,0,0,0,0,0,0,0,0,3
2,1,481718,0,0,0,0,0,0,0,0,0,0
0,1,481719,0,0,0,0,17,0,0,0,0,0
1,1,481719,0,0,0,0,0,0,0,0,0,22
1,1,481720,0,0,0,0,0,0,0,0,0,21
2,1,481720,0,0,0,0,0,15,0,0,0,0
1,1,481721,0,0,0,0,0,0,0,0,0,0
1,1,481722,0,32,20,17,11,0,12,26,17,18
2,1,481722,0,0,0,0,0,0,0,0,0,0
1,1,481723,0,0,0,0,0,0,0,0,0,0
2,1,481723,0,0,0,0,0,0,0,0,0,0
0,1,481724,20,20,20,20,20,20,20,20,20,20
1,1,481724,18,18,18,18,18,18,18,18,18,18
0,1,481725,0,0,15,0,0,0,0,0,0,0
1,1,481725,0,0,0,0,0,0,0,20,0,0
1,1,481726,20,20,20,20,20,20,20,20,20,20
0,1,481727,16,16,16,16,16,16,16,16,16,16
1,1,481727,16,0,12,5,17,15,0,0,0,22
1,1,481728,6,9,0,0,0,3,0,9,0,0
1,1,481729,0,0,0,0,0,0,0,0,0,0
2,1,481729,0,0,0,0,0,0,0,0,0,0
1,1,481730,30,0,0,12,0,13,0,16,30,0
2,1,481731,0,0,0,0,0,0,0,0,0,0
1,1,481732,12,12,12,12,12,12,12,12,12,12
1,1,481733,6,0,0,0,0,0,0,0,0,0
2,1,481733,10,12,13,7,5,11,19,16,0,21
0,1,481734,0,0,23,40,10,0,13,28,21,12
1,1,481734,0,0,12,14,16,11,0,0,0,10
1,1,481735,12,12,12,12,12,12,12,12,12,12
1,1,481736,16,0,0,0,10,0,0,0,0,0
2,1,481736,0,0,0,0,0,0,0,0,9,0
1,1,481737,26,26,26,26,26,26,26,26,26,26
2,1,481737,6,6,6,6,6,6,6,6,6,6
0,1,481738,26,26,26,26,26,26,26,26,26,26
1,1,481738,0,0,0,0,0,0,0,0,0,0
2,1,481738,0,0,0,0,12,0,0,0,0,0
1,1,481739,18,18,18,18,18,18,18,18,18,18
0,1,481740,31,31,31,31,31,31,31,31,31,31
1,1,481740,14,20,0,0,20,0,0,0,0,12
1,1,481741,11,11,11,11,11,11,11,11,11,11
2,1,481741,11,0,0,0,0,0,17,0,0,14
1,1,481742,23,23,23,23,23,23,23,23,23,23
2,1,481742,0,0,0,0,0,0,0,0,0,0
1,1,481743,0,0,0,0,0,0,0,0,0,0
1,1,481744,0,0,0,7,0,0,0,0,20,0
1,1,481745,0,0,15,0,0,15,0,0,0,0
1,1,481746,39,39,39,39,39,39,39,39,39,39
1,1,481747,0,0,0,0,18,0,0,0,0,0
2,1,481747,0,0,0,0,0,0,0,0,0,0
1,1,481748,0,0,0,0,0,0,0,0,0,0
2,1,481748,0,0,0,0,0,0,0,0,0,0
1,1,481749,0,0,0,0,23,0,0,0,0,0
1,1,481750,44,17,28,0,24,0,0,12,11,24
1,1,481751,13,0,10,10,0,0,0,18,0,9
1,1,481752,0,0,0,0,0,11,0,0,0,0
1,1,481753,23,0,0,7,14,30,21,12,4,13
1,1,481754,0,0,0,0,0,0,0,0,0,0
2,1,481754,0,0,0,0,0,0,0,0,0,0
1,1,481755,5,5,5,5,5,5,5,5,5,5
1,1,481756,0,0,0,0,0,0,0,24,0,5
1,1,481757,0,0,0,0,0,0,0,0,0,0
2,1,481757,0,0,0,0,0,0,0,0,0,0
1,1,481758,12,12,12,12,12,12,12,12,12,12
2,1,481758,0,0,0,0,0,0,0,0,0,0
3,1,481758,0,0,0,0,0,0,0,0,0,0
4,1,481758,0,0,0,0,0,0,0,0,0,18
5,1,481758,17,7,22,18,9,3,7,6,8,8
1,1,481759,24,24,24,24,24,24,24,24,24,24
1,1,481760,0,0,0,0,0,0,0,0,0,0
1,1,481761,15,15,15,15,15,15,15,15,15,15
2,1,481761,0,0,0,0,0,0,0,0,0,0
3,1,481761,0,0,3,0,0,0,6,0,0,0
4,1,481761,0,0,0,0,4,0,0,0,14,0
5,1,481761,7,0,18,0,10,0,0,20,0,0
1,1,481762,0,14,0,2,0,0,0,0,0,0
2,1,481762,6,0,0,0,0,0,13,0,0,0
3,1,481762,0,0,14,0,0,0,0,0,0,0
1,1,481763,9,39,34,19,21,16,24,13,20,12
2,1,481763,0,10,0,0,0,0,0,0,0,0
1,1,481764,0,17,0,20,6,0,0,0,0,0
1,1,481765,11,11,11,11,11,11,11,11,11,11
1,1,481766,17,17,17,17,17,17,17,17,17,17
1,1,481767,0,0,0,0,0,0,0,0,0,0
1,1,481768,20,20,20,20,20,20,20,20,20,20
2,1,481768,0,0,0,0,0,0,0,0,0,0
1,1,481769,0,0,0,0,0,0,0,0,0,0
1,1,481770,26,26,26,26,26,26,26,26,26,26
1,1,481771,18,0,0,27,15,8,0,0,0,0
1,1,481772,21,21,21,21,21,21,21,21,21,21
1,1,481773,15,15,15,15,15,15,15,15,15,15
1,1,481774,14,0,13,21,0,20,19,11,8,0
1,1,481775,0,0,0,0,0,0,0,0,0,0
1,1,481776,0,0,0,0,0,0,0,0,0,0
2,1,481776,0,0,0,0,0,7,0,0,0,5
1,1,481777,11,11,11,11,11,11,11,11,11,11
1,1,481778,24,24,24,24,24,24,24,24,24,24
1,1,481779,6,15,0,0,0,0,5,0,0,0
1,1,481780,0,0,0,0,0,0,0,0,0,0
1,1,481781,0,0,0,0,0,0,0,0,0,0
2,1,481781,0,0,15,0,0,0,0,0,0,0
3,1,481781,0,0,0,0,0,0,0,0,0,22
1,1,481782,17,17,17,17,17,17,17,17,17,17
1,1,481783,0,0,0,0,0,0,0,0,0,0
2,1,481783,0,12,0,0,0,0,0,0,0,0
0,1,481784,27,27,27,27,27,27,27,27,27,27
1,1,481784,0,0,19,0,0,13,15,0,6,0
1,1,481785,31,31,31,31,31,31,31,31,31,31
1,1,481786,26,26,26,26,26,26,26,26,26,26
1,1,481787,16,16,16,16,16,16,16,16,16,16
2,1,481787,0,0,0,0,0,0,0,0,0,0
0,1,481788,0,0,0,0,0,0,0,0,0,0
1,1,481788,8,0,0,0,0,0,18,0,14,0
1,1,481789,0,0,0,0,0,0,0,0,0,0
1,1,481790,14,5,13,11,18,3,19,16,0,1
1,1,481791,0,0,0,0,6,0,0,0,0,0
2,1,481791,0,0,0,0,0,0,0,0,0,0
3,1,481791,15,0,2,0,20,13,0,18,16,0
1,1,481792,0,17,0,0,0,0,0,15,11,0
1,1,481793,13,13,13,13,13,13,13,13,13,13
1,1,481794,20,20,20,20,20,20,20,20,20,20
1,1,481795,3,3,3,3,3,3,3,3,3,3
1,1,481796,11,9,5,8,35,11,13,32,23,17
1,1,481797,0,9,0,0,0,0,0,0,0,13
2,1,481797,0,0,12,0,0,0,0,20,0,16
1,1,481798,0,0,11,0,10,11,12,0,0,0
1,1,481799,16,16,16,16,16,16,16,16,16,16
2,1,481799,0,0,0,0,0,0,0,0,0,0
3,1,481799,0,0,0,0,0,0,0,0,0,0
1,1,481800,22,22,22,22,22,22,22,22,22,22
2,1,481800,0,0,0,0,0,0,0,0,0,0
1,1,481801,0,0,0,0,0,0,0,0,0,0
2,1,481801,0,0,0,0,0,0,0,0,0,0
3,1,481801,9,0,10,0,0,0,0,0,0,0
1,1,481802,24,24,24,24,24,24,24,24,24,24
1,1,481803,0,12,0,0,0,0,18,0,0,0
1,1,481804,0,0,0,0,0,0,0,0,0,0
2,1,481804,0,0,0,0,0,0,0,0,0,0
3,1,481804,0,0,0,0,0,0,0,0,0,0
4,1,481804,0,0,0,0,0,0,0,0,0,0
5,1,481804,0,0,0,0,12,0,0,0,0,0
1,1,481805,0,0,0,0,0,21,0,0,0,0
1,1,481806,0,0,0,0,0,0,0,0,0,0
2,1,481806,12,0,0,0,0,0,0,0,0,0
1,1,481807,0,0,0,0,0,0,0,0,0,0
2,1,481807,0,0,0,13,0,0,19,0,0,17
3,1,481807,0,0,0,0,0,0,0,0,0,0
1,1,481808,2,2,2,2,2,2,2,2,2,2
1,1,481809,0,0,0,0,0,0,0,0,0,0
1,1,481810,27,10,15,0,0,0,0,0,11,0
2,1,481810,0,0,0,0,0,21,0,0,0,10
1,1,481811,23,23,23,23,23,23,23,23,23,23
1,1,481812,0,0,0,0,0,0,0,0,0,0
1,1,481813,0,10,0,0,0,0,0,0,0,0
2,1,481813,0,0,0,0,0,0,0,0,0,0
1,1,481814,0,0,0,0,0,0,0,0,0,0
2,1,481814,0,0,0,0,0,0,0,0,0,0
1,1,481815,12,12,12,12,12,12,12,12,12,12
1,1,481816,8,8,8,8,8,8,8,8,8,8
1,1,481817,28,28,28,28,28,28,28,28,28,28
0,1,481818,23,29,17,26,0,0,32,9,25,16
1,1,481818,0,0,0,8,0,0,0,21,0,0
0,1,481819,23,23,23,23,23,23,23,23,23,23
1,1,481819,0,0,0,8,14,2,0,0,8,0
1,1,481820,14,14,14,14,14,14,14,14,14,14
1,1,481821,0,0,0,0,0,0,0,0,0,0
1,1,481822,20,20,20,20,20,20,20,20,20,20
1,1,481823,0,0,0,0,0,0,0,0,0,0
1,1,481825,3,3,3,3,3,3,3,3,3,3
2,1,481825,0,0,0,0,0,0,0,0,0,30
3,1,481825,0,0,0,0,0,0,0,0,0,0
1,1,481826,0,0,0,6,0,0,0,0,12,11
1,1,481827,9,9,9,9,9,9,9,9,9,9
1,1,481828,0,0,0,0,0,0,0,0,0,0
1,1,481829,2,2,2,2,2,2,2,2,2,2
1,1,481830,0,0,0,0,0,0,0,0,0,0
1,1,481831,0,0,0,0,0,2,0,0,0,0
2,1,481831,17,0,0,0,0,0,0,20,0,0
2,1,481832,21,21,21,21,21,21,21,21,21,21
0,1,481833,0,24,46,0,0,28,0,0,31,33
1,1,481833,0,0,0,0,0,14,24,2,0,17
1,1,481834,20,20,20,20,20,20,20,20,20,20
2,1,481834,0,0,0,0,0,0,0,0,0,0
1,1,481835,4,4,4,4,4,4,4,4,4,4
2,1,481835,0,0,0,0,16,0,0,0,0,13
1,1,481836,0,0,0,0,0,0,0,0,0,0
2,1,481836,0,0,0,0,0,0,0,0,0,0
1,1,481837,0,0,0,0,0,0,0,0,0,5
2,1,481837,0,0,0,0,14,0,0,0,0,0
1,1,481838,0,0,0,0,0,0,0,0,0,0
2,1,481838,0,0,0,0,0,0,0,0,0,0
1,1,481839,0,0,0,0,0,0,0,0,0,0
1,1,481840,13,13,13,13,13,13,13,13,13,13
1,1,481841,0,0,0,0,0,0,0,0,0,0
2,1,481841,0,0,0,0,0,0,0,0,0,0
1,1,481842,0,0,0,0,0,0,0,0,0,0
1,1,481843,0,0,0,0,0,0,0,0,12,0
1,1,481844,18,18,18,18,18,18,18,18,18,18
1,1,481845,29,29,29,29,29,29,29,29,29,29
1,1,481846,0,0,0,0,0,0,0,0,0,22
2,1,481846,0,0,0,0,0,0,0,0,0,0
3,1,481846,0,0,0,0,0,0,0,0,0,0
1,1,481847,8,8,8,8,8,8,8,8,8,8
2,1,481847,0,0,0,0,0,0,0,0,19,0
1,1,481848,0,0,0,0,0,0,0,0,0,0
2,1,481848,0,0,0,0,0,0,0,0,0,0
1,1,481849,0,13,0,0,26,0,0,0,0,0
1,1,481850,13,13,13,13,13,13,13,13,13,13
1,1,481851,0,0,0,0,0,0,0,0,0,0
2,1,481851,0,0,0,0,0,0,26,0,0,0
1,1,481852,0,0,0,0,0,0,0,0,0,0
1,1,481853,15,15,15,15,15,15,15,15,15,15
1,1,481854,0,0,0,0,0,0,0,0,0,0
2,1,481854,0,0,0,0,0,0,0,0,0,0
1,1,481855,13,13,13,13,13,13,13,13,13,13
1,1,481856,0,0,0,0,0,0,0,0,0,0
1,1,481857,0,0,0,0,0,0,0,0,0,0
2,1,481857,0,13,0,0,0,0,23,0,13,0
1,1,481858,0,0,0,0,0,0,0,0,0,0
1,1,481859,25,25,25,25,25,25,25,25,25,25
1,1,481860,9,9,9,9,9,9,9,9,9,9
1,1,481861,0,0,0,0,0,0,0,0,0,0
2,1,481861,0,0,0,0,0,0,0,0,0,0
1,1,481862,14,14,14,14,14,14,14,14,14,14
1,1,481863,0,0,0,0,0,0,0,29,21,0
2,1,481863,16,0,0,11,0,0,12,0,15,0
1,1,481864,17,17,17,17,17,17,17,17,17,17
1,1,481865,0,0,0,0,0,0,0,0,0,0
1,1,481866,0,0,0,0,0,0,0,0,0,0
2,1,481866,0,0,0,0,0,0,0,0,0,0
1,1,481867,21,21,21,21,21,21,21,21,21,21
1,1,481868,0,0,0,0,0,0,0,0,0,0
2,1,481868,0,0,0,0,0,0,0,0,0,0
1,1,481869,0,0,0,0,0,0,0,0,0,0
2,1,481869,0,0,0,0,0,0,15,0,0,0
1,1,481870,0,0,0,13,29,0,0,0,19,0
2,1,481870,3,10,0,0,16,0,19,0,10,19
1,1,481871,0,0,0,0,0,0,0,0,0,0
1,1,481872,0,0,0,0,0,0,0,0,0,0
2,1,481872,0,0,0,0,9,0,19,0,0,20
1,1,481873,0,0,0,0,28,0,0,7,0,0
1,1,481874,0,0,0,0,0,0,0,0,0,0
2,1,481874,0,0,0,0,0,0,0,0,0,0
1,1,481875,0,0,0,0,0,0,0,0,0,0
0,1,481876,0,0,0,0,0,0,0,0,0,0
1,1,481876,0,0,0,0,0,0,0,0,0,0
1,1,481877,0,0,0,0,0,0,0,0,0,0
1,1,481878,18,18,18,18,18,18,18,18,18,18
1,1,481879,0,15,0,0,15,0,0,9,16,0
2,1,481879,0,0,22,0,9,8,0,7,0,18
1,1,481880,24,24,24,24,24,24,24,24,24,24
2,1,481880,15,23,16,16,0,0,0,0,0,0
0,1,481881,29,29,29,29,29,29,29,29,29,29
1,1,481881,0,0,15,8,0,0,0,10,0,0
1,1,481882,27,16,0,28,7,19,0,14,0,0
2,1,481882,0,0,0,0,0,0,0,0,0,0
1,1,481883,0,0,0,0,0,0,0,0,0,0
2,1,481883,9,0,0,0,0,12,9,0,2,24
3,1,481883,0,0,0,0,0,0,0,0,0,0
1,1,481884,21,21,21,21,21,21,21,21,21,21
2,1,481884,0,0,0,0,0,0,0,0,0,0
1,1,481885,0,0,0,0,0,0,0,0,0,0
2,1,481885,2,2,2,2,2,2,2,2,2,2
1,1,481886,0,11,26,6,15,0,0,0,4,10
1,1,481887,0,0,0,0,0,0,0,0,0,0
2,1,481887,0,0,0,0,0,0,0,0,0,0
1,1,481888,0,0,0,0,0,0,0,0,0,0
2,1,481888,0,0,0,0,0,0,0,0,0,0
1,1,481889,0,0,0,0,0,0,0,0,0,0
2,1,481889,0,25,0,0,0,0,0,0,0,0
1,1,481890,0,0,0,0,0,0,0,0,0,0
2,1,481890,0,0,0,0,0,0,0,0,0,0
1,1,481891,0,0,0,0,0,0,0,0,0,0
2,1,481891,0,0,0,0,0,0,0,0,0,0
1,1,481892,14,14,14,14,14,14,14,14,14,14
1,1,481893,21,21,21,21,21,21,21,21,21,21
1,1,481894,0,17,17,20,29,17,0,0,0,5
1,1,481895,0,10,0,0,0,0,0,0,0,0
1,1,481896,0,0,0,0,0,0,0,0,0,0
2,1,481896,0,0,0,0,0,0,0,0,0,0
1,1,481897,16,16,16,16,16,16,16,16,16,16
1,1,481898,12,12,12,12,12,12,12,12,12,12
1,1,481899,0,0,0,16,0,0,0,0,0,0
2,1,481899,0,0,0,0,0,0,0,0,0,0
3,1,481899,0,0,0,0,0,0,0,0,0,0
1,1,481900,16,0,15,0,0,28,0,29,0,34
2,1,481900,18,18,18,18,18,18,18,18,18,18
1,1,481901,0,0,0,0,0,0,0,0,0,0
2,1,481901,0,0,0,0,0,0,0,0,0,0
3,1,481901,0,0,0,0,0,0,0,0,0,0
0,1,481902,0,0,0,0,0,0,0,0,0,0
1,1,481902,0,0,0,0,0,0,0,0,0,0
1,1,481903,0,0,0,0,0,0,0,0,0,0
1,1,481904,0,12,0,0,0,0,0,8,5,17
2,1,481904,6,0,8,7,12,23,12,15,2,20
0,1,481905,0,15,0,5,24,0,0,0,0,13
1,1,481905,0,0,9,0,0,0,0,0,0,0
1,1,481906,0,0,0,0,0,0,0,0,0,0
1,1,481907,0,0,0,0,0,0,0,0,0,0
2,1,481907,0,0,0,0,0,0,0,0,0,0
1,1,481908,10,10,10,10,10,10,10,10,10,10
2,1,481908,0,0,0,0,0,0,0,0,0,0
1,1,481909,0,0,0,0,0,0,0,0,0,0
2,1,481909,0,0,0,0,0,0,0,0,0,0
1,1,481910,6,28,0,12,0,32,0,0,0,32
2,1,481910,34,15,12,20,0,0,11,14,20,14
0,1,481911,0,0,0,0,0,0,0,0,0,0
1,1,481911,20,20,20,20,20,20,20,20,20,20
1,1,481912,13,13,13,13,13,13,13,13,13,13
1,1,481913,11,25,4,17,27,0,0,30,0,9
1,1,481914,9,9,9,9,9,9,9,9,9,9
1,1,481915,0,0,0,0,0,0,0,0,0,0
2,1,481915,0,0,0,0,0,0,0,0,0,0
1,1,481916,0,0,0,0,0,0,0,0,0,0
2,1,481916,0,0,0,0,0,0,0,0,0,0
0,1,481917,0,0,0,0,0,0,0,0,0,0
1,1,481917,21,17,5,0,12,24,3,12,12,21
0,1,481918,0,0,0,0,0,0,0,0,0,0
1,1,481918,0,0,0,5,0,0,0,0,17,0
1,1,481919,28,0,0,0,9,0,15,0,0,0
2,1,481919,0,0,0,0,0,0,0,0,0,0
1,1,481920,0,9,0,0,0,0,0,0,0,0
2,1,481920,0,0,0,0,0,23,0,0,0,8
1,1,481921,15,15,15,15,15,15,15,15,15,15
2,1,481921,0,0,0,4,8,0,0,0,0,0
1,1,481922,0,21,0,0,0,29,0,0,0,0
1,1,481923,0,0,0,0,0,0,0,0,0,0
2,1,481923,0,0,0,0,0,0,0,0,0,0
1,1,481924,0,0,0,0,0,0,8,18,0,0
2,1,481924,0,0,0,0,0,0,0,0,0,0
0,1,481925,0,0,0,0,0,0,0,0,0,0
1,1,481925,0,0,0,0,0,0,0,0,0,0
1,1,481926,0,0,0,0,0,0,0,0,0,0
2,1,481926,0,0,0,0,0,0,0,0,0,0
1,1,481927,0,0,0,0,0,0,0,0,17,0
1,1,481928,0,0,0,0,14,0,16,0,0,0
2,1,481928,0,0,0,0,0,0,9,0,0,0
1,1,481929,0,0,0,0,0,0,0,0,0,0
2,1,481929,0,0,0,0,0,0,0,0,0,0
1,1,481930,0,0,0,0,0,0,0,0,0,0
2,1,481930,0,0,0,0,0,0,0,0,0,0
3,1,481930,0,5,0,3,0,0,9,10,0,0
1,1,481931,0,11,7,12,6,0,0,0,0,0
0,1,481932,0,0,0,0,0,0,0,0,2,0
1,1,481932,0,0,0,0,0,0,0,0,0,0
1,1,481933,31,31,31,31,31,31,31,31,31,31
1,1,481934,0,0,0,0,0,0,0,0,0,0
2,1,481934,18,18,18,18,18,18,18,18,18,18
1,1,481935,0,0,0,0,0,0,0,0,0,0
2,1,481935,0,0,0,0,0,0,0,0,0,0
1,1,481936,21,21,21,21,21,21,21,21,21,21
1,1,481937,0,0,0,0,0,0,0,0,0,0
2,1,481937,0,0,0,0,0,0,0,0,0,0
3,1,481937,0,0,0,11,0,0,0,29,0,0
4,1,481937,0,0,0,0,0,0,0,0,0,0
5,1,481937,0,0,0,0,0,0,0,0,14,0
1,1,481938,17,17,17,17,17,17,17,17,17,17
2,1,481938,0,0,12,0,0,4,0,0,0,9
1,1,481939,0,0,0,0,0,0,0,0,0,0
2,1,481939,0,0,3,0,0,11,0,0,0,0
3,1,481939,0,0,0,0,0,0,13,0,0,4
1,1,481940,11,11,11,11,11,11,11,11,11,11
1,1,481941,34,34,34,34,34,34,34,34,34,34
1,1,481942,0,0,0,0,0,0,0,0,0,0
1,1,481943,0,0,0,0,0,0,0,0,0,0
2,1,481943,0,0,0,0,0,0,0,0,0,0
1,1,481944,17,16,10,13,24,0,10,14,10,21
2,1,481944,0,11,26,0,0,11,0,0,0,17
1,1,481945,0,0,0,0,0,0,0,0,0,0
2,1,481945,0,0,0,0,0,0,0,0,0,0
1,1,481946,0,0,0,0,0,0,0,0,0,0
1,1,481947,0,0,0,0,0,0,7,0,0,0
2,1,481947,0,0,0,0,0,0,0,0,0,0
1,1,481948,10,0,0,0,33,0,0,8,17,16
1,1,481949,2,2,2,2,2,2,2,2,2,2
1,1,481950,0,0,0,0,0,0,0,0,0,0
2,1,481950,0,0,0,0,0,0,0,0,0,0
3,1,481950,0,0,0,0,0,0,0,0,0,0
5,1,481950,0,0,0,0,0,0,0,0,0,0
1,1,481951,0,0,0,0,0,0,0,0,0,0
2,1,481951,0,0,0,0,0,0,0,0,0,0
3,1,481951,0,0,0,0,0,0,0,18,0,0
1,1,481952,18,18,18,18,18,18,18,18,18,18
1,1,481953,0,0,0,0,0,0,0,0,0,0
1,1,481954,32,32,32,32,32,32,32,32,32,32
0,1,481955,0,29,0,0,0,0,6,0,11,23
1,1,481955,0,0,0,0,0,0,0,0,0,0
1,1,481956,26,26,26,26,26,26,26,26,26,26
0,1,481957,0,0,0,0,0,0,0,0,0,0
1,1,481957,0,0,0,0,0,0,0,0,0,0
0,1,481958,0,0,0,9,21,0,0,0,7,0
0,2,481958,0,0,0,0,0,0,0,0,0,0
1,1,481958,55,0,5,11,4,2,2,12,2,3
2,1,481958,17,20,10,0,0,5,0,0,0,0
1,1,481959,7,0,29,9,0,6,0,11,16,0
2,1,481959,0,0,17,0,0,0,0,0,0,0
0,1,481960,0,0,0,0,0,0,0,0,0,0
1,1,481960,0,0,0,0,0,0,0,0,0,0
1,1,481961,0,0,0,0,0,0,0,0,0,0
1,1,481962,0,0,0,0,0,0,0,0,0,0
2,1,481962,0,0,0,0,0,0,20,6,0,0
1,1,481963,16,16,16,16,16,16,16,16,16,16
1,1,481964,0,0,0,0,0,0,0,0,0,0
1,1,481965,11,11,11,11,11,11,11,11,11,11
1,1,481966,0,0,0,0,0,0,0,0,0,0
2,1,481966,0,0,0,0,0,0,0,0,0,0
1,1,481967,0,0,0,0,8,0,0,0,0,0
2,1,481967,0,0,0,0,0,0,0,0,0,0
0,1,481968,0,0,9,13,28,15,32,39,18,0
1,1,481968,0,0,0,15,0,0,0,0,0,0
0,1,481969,9,0,0,0,0,24,0,0,0,12
1,1,481969,0,0,0,0,0,0,0,0,0,0
1,1,481970,15,15,15,15,15,15,15,15,15,15
0,1,481971,0,0,0,0,0,0,0,0,0,0
0,2,481971,0,0,0,0,4,16,0,0,13,0
1,1,481971,8,8,8,8,8,8,8,8,8,8
0,1,481972,0,20,22,26,31,21,13,12,24,3
1,1,481973,18,18,18,18,18,18,18,18,18,18
0,1,481974,18,18,18,18,18,18,18,18,18,18
1,1,481974,0,0,0,0,0,0,0,0,0,0
0,1,481975,0,24,0,0,0,0,17,0,0,28
1,1,481975,11,0,0,0,0,0,0,0,2,0
1,1,481976,16,0,16,0,0,0,0,0,0,0
2,1,481976,0,0,0,0,0,0,0,0,0,0
1,1,481977,0,0,0,0,0,0,0,0,0,0
2,1,481977,0,0,0,0,0,0,0,0,0,0
3,1,481977,0,0,4,0,0,0,0,0,0,0
1,1,481978,0,0,0,0,0,15,0,0,0,0
2,1,481978,0,0,0,0,0,0,0,0,0,0
0,1,481979,0,0,0,0,0,0,0,0,0,0
1,1,481979,0,0,0,0,0,0,0,0,0,0
1,1,481980,0,0,0,0,0,0,0,0,0,17
1,1,481981,0,0,0,0,0,0,0,0,0,0
2,1,481981,0,0,0,0,0,0,0,0,13,0
1,1,481982,24,24,24,24,24,24,24,24,24,24
1,1,481983,0,0,0,0,0,0,0,0,0,0
2,1,481983,0,17,0,5,0,0,9,0,14,0
3,1,481983,6,0,0,0,4,14,15,0,0,3
1,1,481984,0,0,0,0,0,0,0,0,0,0
2,1,481984,0,0,0,0,0,0,0,0,0,0
1,1,481985,29,29,29,29,29,29,29,29,29,29
1,1,481986,21,21,21,21,21,21,21,21,21,21
1,1,481987,0,0,0,0,0,0,0,16,0,0
2,1,481987,0,0,0,0,0,0,0,0,0,0
0,1,481988,0,0,0,0,0,0,0,0,0,2
1,1,481988,0,0,0,0,0,0,0,0,0,17
1,1,481989,8,37,0,17,0,0,0,13,20,0
2,1,481989,0,0,0,0,0,0,0,0,0,23
1,1,481990,23,23,23,23,23,23,23,23,23,23
1,1,481991,0,0,0,0,0,0,0,0,0,0
1,1,481992,0,0,0,13,0,0,0,0,0,0
2,1,481992,0,0,0,0,7,25,8,24,0,0
3,1,481992,0,0,0,0,0,0,0,0,0,0
1,1,481993,24,24,24,24,24,24,24,24,24,24
2,1,481993,0,0,0,0,23,0,0,0,0,0
3,1,481993,0,0,0,0,0,0,0,0,0,0
1,1,481994,11,0,0,0,0,0,0,0,5,7
1,1,481995,11,11,11,11,11,11,11,11,11,11
1,1,481996,0,0,0,0,0,11,0,0,34,0
2,1,481996,0,0,0,0,0,0,0,0,0,0
1,1,481997,35,14,0,10,12,16,18,21,23,7
1,1,481998,0,0,0,0,0,0,0,0,0,0
2,1,481998,0,0,0,0,0,0,0,0,0,0
1,1,481999,0,20,0,0,18,29,0,0,0,0
1,1,482000,4,20,26,15,19,14,15,15,17,14
1,1,482001,14,14,14,14,14,14,14,14,14,14
2,1,482001,0,6,4,0,0,0,0,9,0,0
1,1,482002,12,6,18,23,27,15,28,9,16,0