VEH_NO,PER_NO,ST_CASE,P1,P2,P3,P4,P5,P6,P7,P8,P9,P10
1,1,482003,0,0,3,0,0,16,0,0,0,0
1,1,482004,43,11,11,8,32,30,0,7,11,26
1,1,482005,0,26,0,0,0,0,0,0,21,0
1,1,482006,16,16,16,16,16,16,16,16,16,16
0,1,482007,0,0,0,0,0,0,11,0,21,0
1,1,482007,0,0,0,0,0,0,0,0,0,0
1,1,482008,0,0,0,0,0,0,0,0,0,0
2,1,482008,0,0,0,0,14,0,0,0,0,0
1,1,482009,31,31,31,31,31,31,31,31,31,31
2,1,482009,16,16,16,16,16,16,16,16,16,16
0,1,482010,7,25,0,0,0,0,11,0,0,0
1,1,482010,0,0,0,0,0,0,0,0,0,0
1,1,482011,0,0,0,0,0,22,0,0,0,0
2,1,482011,0,0,11,0,0,0,0,0,0,0
3,1,482011,0,0,0,0,0,0,0,0,0,0
1,1,482012,5,5,5,5,5,5,5,5,5,5
2,1,482012,0,0,0,0,0,0,0,0,0,0
1,1,482013,0,0,0,0,0,0,0,0,0,0
1,1,482014,0,11,0,0,0,0,0,0,0,0
2,1,482014,0,0,0,0,0,0,0,0,0,0
1,1,482015,30,8,0,0,0,6,0,0,0,23
2,1,482015,0,0,0,0,0,0,0,0,0,0
1,1,482016,0,0,0,0,0,0,0,0,0,0
2,1,482016,0,0,0,0,0,0,0,11,0,0
1,1,482017,0,0,0,0,0,0,0,0,0,0
1,1,482018,0,0,0,0,0,0,0,0,0,0
2,1,482018,0,0,0,0,0,0,0,0,0,0
3,1,482018,0,0,0,0,0,0,0,0,0,0
4,1,482018,0,0,0,0,0,0,0,0,0,0
1,1,482019,0,0,0,0,0,0,0,0,0,0
2,1,482019,0,0,28,0,0,0,0,10,27,8
1,1,482020,0,0,0,0,0,0,18,0,0,0
2,1,482020,0,16,0,0,0,0,0,0,0,0
1,1,482021,0,0,0,0,0,4,0,0,0,0
1,1,482022,22,22,22,22,22,22,22,22,22,22
1,1,482023,0,0,2,12,6,0,0,0,0,0
2,1,482023,0,0,0,0,0,0,0,0,0,0
3,1,482023,0,0,0,0,0,0,0,0,0,0
1,1,482024,0,0,0,0,0,0,0,0,0,0
2,1,482024,0,0,0,0,0,0,0,0,0,0
0,1,482025,0,0,0,0,0,0,0,0,0,0
1,1,482025,9,17,5,7,0,10,6,7,0,4
1,1,482026,0,0,0,13,6,9,0,0,0,0
1,1,482027,0,0,0,0,0,0,0,0,0,0
1,1,482028,0,0,0,0,0,0,0,0,0,0
0,1,482029,28,20,0,8,7,0,29,0,0,15
1,1,482029,0,0,10,13,0,0,0,0,0,0
2,1,482029,21,15,0,15,0,10,22,18,20,14
1,1,482030,0,0,0,0,0,0,0,0,0,0
1,1,482031,28,28,28,28,28,28,28,28,28,28
1,1,482032,18,18,18,18,18,18,18,18,18,18
1,1,482033,0,0,10,0,0,0,0,18,14,0
1,1,482034,15,16,18,16,17,8,27,13,17,8
2,1,482034,0,0,6,0,0,0,0,0,0,0
1,1,482035,0,9,11,16,0,19,16,23,8,26
1,1,482036,13,13,13,13,13,13,13,13,13,13
1,1,482037,27,27,27,27,27,27,27,27,27,27
0,1,482038,21,0,0,0,0,0,0,0,0,0
1,1,482038,0,0,0,0,0,0,0,0,0,0
1,1,482039,0,11,0,0,0,0,0,0,0,0
2,1,482039,18,0,0,22,0,0,13,0,0,0
1,1,482041,0,0,0,0,0,0,0,0,0,0
2,1,482041,0,0,0,0,0,13,0,0,0,0
1,1,482042,0,0,0,0,0,0,0,0,0,0
1,1,482043,12,12,12,12,12,12,12,12,12,12
2,1,482043,0,0,0,0,0,0,0,0,0,0
1,1,482044,12,12,12,12,12,12,12,12,12,12
0,1,482045,0,0,0,0,0,0,0,0,0,0
0,2,482045,0,20,0,0,12,0,21,15,28,21
1,1,482045,0,0,0,21,17,0,0,0,0,0
1,1,482046,0,0,0,0,0,0,0,0,0,0
2,1,482046,0,0,19,0,0,0,0,0,0,0
0,1,482047,0,0,0,0,0,0,0,0,0,0
1,1,482047,0,0,0,0,0,0,0,0,2,5
0,1,482048,32,32,32,32,32,32,32,32,32,32
1,1,482048,0,0,0,0,5,0,0,0,8,0
1,1,482049,0,0,0,0,0,0,0,0,0,0
2,1,482049,0,0,0,0,0,0,0,0,0,0
1,1,482050,0,0,0,0,0,0,0,0,0,0
2,1,482050,0,0,0,0,10,0,0,0,0,0
1,1,482051,0,0,0,0,0,34,0,0,0,0
2,1,482051,0,0,0,7,5,7,13,34,0,0
1,1,482052,0,0,0,0,0,0,0,0,0,0
2,1,482052,0,19,0,15,0,0,0,0,23,0
1,1,482053,17,17,17,17,17,17,17,17,17,17
1,1,482054,0,0,0,0,0,0,0,0,0,0
2,1,482054,0,0,0,10,0,0,0,0,0,0
0,1,482055,0,0,0,0,0,0,0,0,0,0
1,1,482055,21,0,0,0,0,0,0,0,11,9
1,1,482056,0,0,0,0,0,0,0,0,0,0
2,1,482056,0,0,0,0,0,0,0,0,0,0
1,1,482057,17,16,16,34,0,48,18,0,46,12
1,1,482058,21,0,3,9,7,15,0,0,0,0
1,1,482059,0,0,0,0,0,0,0,0,0,24
2,1,482059,0,0,0,0,11,11,0,0,0,0
1,1,482060,0,0,0,21,11,0,0,10,0,0
1,1,482061,0,0,0,0,0,0,0,0,0,0
2,1,482061,0,0,0,0,0,0,0,0,0,0
1,1,482062,16,16,16,16,16,16,16,16,16,16
0,1,482063,0,20,30,12,0,38,16,2,0,22
1,1,482063,0,12,0,23,0,0,0,0,0,0
1,1,482064,0,0,0,0,0,0,0,0,0,0
2,1,482064,0,2,0,0,0,0,0,0,0,0
1,1,482065,5,0,0,0,0,0,0,0,0,0
2,1,482065,0,0,0,0,0,0,0,0,0,0
3,1,482065,0,0,0,0,0,0,0,0,0,0
0,1,482066,34,34,34,34,34,34,34,34,34,34
1,1,482066,0,0,0,0,0,0,0,0,0,0
1,1,482067,32,32,32,32,32,32,32,32,32,32
2,1,482067,0,0,0,0,0,0,0,0,0,0
0,1,482068,16,45,19,14,18,16,0,16,2,16
1,1,482068,0,4,0,4,0,0,0,0,0,0
1,1,482069,21,21,21,21,21,21,21,21,21,21
1,1,482070,34,0,0,0,0,8,0,6,0,7
0,1,482071,0,0,0,0,0,29,0,0,0,0
1,1,482071,0,0,0,0,0,0,9,0,9,0
1,1,482072,0,0,15,0,21,0,14,0,6,6
0,1,482073,16,16,16,16,16,16,16,16,16,16
1,1,482073,13,0,0,0,9,0,10,8,0,0
0,1,482074,0,0,0,0,0,0,0,0,0,0
1,1,482074,0,0,0,0,0,0,0,0,0,0
1,1,482075,9,8,11,9,13,6,9,11,22,27
0,1,482076,0,8,0,0,0,0,0,0,0,0
1,1,482076,0,0,0,0,0,0,0,0,0,0
1,1,482077,0,0,0,0,0,0,0,0,0,0
2,1,482077,0,0,0,7,0,0,0,6,0,0
1,1,482078,15,15,15,15,15,15,15,15,15,15
2,1,482078,0,0,0,0,0,0,0,0,19,0
1,1,482079,0,0,0,7,0,0,0,0,0,0
2,1,482079,0,0,14,0,0,0,0,0,24,5
1,1,482080,0,0,0,0,0,0,0,0,0,0
2,1,482080,0,0,0,0,0,0,0,0,13,20
1,1,482081,0,0,0,0,0,0,0,0,0,0
2,1,482081,0,0,0,0,0,0,0,0,0,0
3,1,482081,0,0,0,0,0,0,0,0,0,0
1,1,482082,22,0,0,0,0,0,0,0,0,17
1,1,482083,0,0,0,0,0,0,0,0,0,0
2,1,482083,15,0,0,0,0,0,0,9,0,0
1,1,482085,0,0,0,0,0,0,0,0,0,0
1,1,482086,0,0,0,0,0,0,0,0,0,0
2,1,482086,0,16,14,0,0,0,0,0,0,0
1,1,482087,0,0,0,0,0,0,0,0,0,0
2,1,482087,0,0,0,0,0,0,0,0,0,0
1,1,482088,21,0,14,0,35,24,11,0,0,16
1,1,482089,19,19,19,19,19,19,19,19,19,19
0,1,482090,29,0,0,22,0,0,7,15,19,0
1,1,482090,0,0,0,0,0,0,0,0,0,0
1,1,482091,12,15,17,2,12,12,18,22,21,15
1,1,482092,0,0,0,0,0,0,0,5,0,0
1,1,482093,0,0,0,0,0,0,0,0,0,0
2,1,482093,0,0,0,0,0,0,0,0,0,0
1,1,482094,16,16,16,16,16,16,16,16,16,16
1,1,482095,2,2,2,2,2,2,2,2,2,2
1,1,482096,3,3,3,3,3,3,3,3,3,3
2,1,482096,0,0,0,0,0,0,0,0,0,0
1,1,482097,20,20,20,20,20,20,20,20,20,20
1,1,482098,0,0,0,0,0,0,0,0,0,0
1,1,482099,22,22,22,22,22,22,22,22,22,22
2,1,482099,0,11,0,0,0,0,0,0,0,0
1,1,482100,0,0,0,0,4,4,0,0,11,0
1,1,482101,0,0,0,0,0,0,0,0,0,0
2,1,482101,0,0,0,0,0,0,0,0,0,0
1,1,482102,16,17,0,13,6,23,18,27,19,19
1,1,482103,22,22,22,22,22,22,22,22,22,22
1,1,482104,0,0,0,0,0,0,0,0,0,0
2,1,482104,0,0,0,0,0,10,0,0,0,0
1,1,482105,0,0,0,0,0,0,0,0,0,0
2,1,482105,0,0,0,0,15,0,0,0,0,0
3,1,482105,19,0,0,0,0,18,0,0,0,22
4,1,482105,7,0,0,2,0,0,0,0,0,0
0,1,482106,37,0,0,15,0,0,0,0,0,0
2,1,482106,0,0,0,0,0,0,0,0,0,0
1,1,482107,13,13,13,13,13,13,13,13,13,13
0,1,482108,0,15,20,0,15,0,0,0,0,0
1,1,482108,0,0,0,0,0,0,0,0,0,4
1,1,482109,0,0,11,0,5,0,15,0,26,13
1,1,482110,19,19,19,19,19,19,19,19,19,19
2,1,482110,0,0,0,0,0,0,0,0,0,0
0,1,482111,0,0,0,0,0,0,0,0,0,0
0,2,482111,19,0,0,0,0,0,17,0,0,0
1,1,482111,0,0,0,0,0,0,13,0,0,0
1,1,482112,0,0,0,0,0,0,0,0,0,0
1,1,482114,18,18,18,18,18,18,18,18,18,18
1,1,482115,29,0,0,0,11,0,6,0,18,13
1,1,482116,0,0,0,0,0,0,0,0,0,0
2,1,482116,0,0,0,0,0,0,0,0,0,0
1,1,482117,0,0,0,0,0,0,0,0,0,0
2,1,482117,38,38,38,38,38,38,38,38,38,38
1,1,482118,0,0,0,0,0,0,0,0,0,3
2,1,482118,0,0,13,0,0,0,0,0,11,0
0,1,482119,0,0,0,0,0,0,0,0,0,0
1,1,482119,0,0,0,0,0,7,0,0,0,0
1,1,482120,0,0,0,0,0,0,0,0,0,0
0,1,482121,0,0,0,0,0,0,15,0,0,0
1,1,482122,1,10,25,9,20,14,16,16,5,13
1,1,482123,9,9,9,9,9,9,9,9,9,9
1,1,482124,0,0,0,0,0,0,0,0,0,0
2,1,482124,0,0,0,0,0,0,0,0,0,0
1,1,482125,15,7,7,16,15,17,0,23,0,0
1,1,482126,19,6,2,8,5,0,0,9,0,3
2,1,482126,0,0,0,0,0,0,0,0,0,0
1,1,482127,0,0,0,0,0,0,0,0,0,0
2,1,482127,0,0,0,0,0,0,0,0,0,0
1,1,482128,27,27,27,27,27,27,27,27,27,27
1,1,482129,17,13,0,17,14,15,13,0,0,39
1,1,482130,0,0,0,0,0,0,0,0,0,0
2,1,482130,17,0,0,0,0,0,0,0,25,0
3,1,482130,11,0,0,0,0,0,0,0,0,0
4,1,482130,0,0,0,0,0,0,0,0,0,0
5,1,482130,0,0,0,0,19,0,0,0,0,0
0,1,482131,10,10,10,10,10,10,10,10,10,10
1,1,482131,0,0,0,26,13,0,0,15,0,0
0,1,482132,0,0,0,0,0,0,0,0,17,19
1,1,482132,0,0,0,0,0,5,0,0,0,0
1,1,482133,26,22,10,32,21,26,26,22,41,18
1,1,482134,12,26,0,14,21,27,0,10,29,23
1,1,482135,20,20,20,20,20,20,20,20,20,20
1,1,482136,0,0,0,19,0,0,0,0,19,37
1,1,482137,5,5,5,5,5,5,5,5,5,5
2,1,482137,2,0,0,0,14,0,0,0,0,12
1,1,482138,0,0,7,0,8,5,0,0,6,17
1,1,482139,12,17,10,23,25,31,30,15,22,26
1,1,482140,0,0,0,0,0,0,0,0,0,0
1,1,482141,21,21,21,21,21,21,21,21,21,21
2,1,482141,0,0,0,0,0,0,0,0,0,0
1,1,482142,0,0,0,0,0,0,0,0,0,0
2,1,482142,19,19,19,19,19,19,19,19,19,19
1,1,482143,3,3,3,3,3,3,3,3,3,3
1,1,482144,0,0,0,0,0,0,0,0,0,0
2,1,482144,0,0,0,0,0,0,0,0,0,0
1,1,482145,0,0,0,0,0,0,0,0,0,0
2,1,482145,0,0,0,0,0,0,0,0,0,0
3,1,482145,0,0,0,0,0,0,0,0,0,0
1,1,482146,0,0,0,0,0,0,0,0,0,0
1,1,482147,10,10,10,10,10,10,10,10,10,10
1,1,482148,0,0,0,0,0,0,0,0,0,0
1,1,482149,23,23,23,23,23,23,23,23,23,23
1,1,482150,0,0,0,0,0,0,0,0,0,0
1,1,482151,0,14,22,20,14,4,19,20,0,22
1,1,482152,0,0,0,0,0,16,0,0,0,0
2,1,482152,0,0,0,20,0,0,0,0,0,33
3,1,482152,13,0,17,0,0,0,0,0,0,0
1,1,482153,0,0,0,0,0,0,11,0,0,0
2,1,482153,0,0,0,0,0,0,0,0,0,8
1,1,482154,11,23,0,0,0,0,0,0,0,0
2,1,482154,0,0,0,0,7,0,0,0,0,0
1,1,482155,0,0,0,0,13,0,0,0,0,0
2,1,482155,0,0,0,0,0,5,11,0,0,0
1,1,482156,24,24,24,24,24,24,24,24,24,24
2,1,482156,0,15,0,0,0,0,0,0,12,0
1,1,482158,0,0,0,0,0,0,0,0,0,0
2,1,482158,0,0,0,0,0,0,0,0,0,0
1,1,482159,0,0,0,0,0,0,0,0,0,0
1,1,482160,15,0,0,18,0,30,0,0,16,0
2,1,482160,0,0,34,0,0,0,0,13,0,0
1,1,482161,7,7,7,7,7,7,7,7,7,7
1,1,482162,28,12,11,23,12,12,33,15,29,12
2,1,482162,0,0,0,0,0,0,0,0,0,0
1,1,482163,17,17,17,17,17,17,17,17,17,17
1,1,482164,14,14,14,14,14,14,14,14,14,14
0,1,482165,22,27,0,17,0,0,14,0,30,10
0,2,482165,14,17,4,0,2,0,7,0,0,0
1,1,482165,0,0,14,0,0,0,0,3,8,0
1,1,482166,0,0,0,7,0,0,0,0,0,0
1,1,482167,0,0,0,0,0,0,0,0,0,0
2,1,482167,0,0,0,0,0,0,0,0,0,0
1,1,482168,29,29,29,29,29,29,29,29,29,29
2,1,482168,0,0,8,0,0,0,0,0,0,0
1,1,482169,21,21,21,21,21,21,21,21,21,21
2,1,482169,0,0,0,0,0,0,0,0,0,0
0,1,482170,0,0,0,0,0,0,0,0,0,0
1,1,482170,0,0,19,0,0,0,7,0,0,0
1,1,482171,12,12,12,12,12,12,12,12,12,12
1,1,482172,0,0,0,0,0,0,0,0,0,10
1,1,482173,0,0,0,0,0,0,0,0,0,0
1,1,482174,0,0,0,0,0,0,0,0,0,0
2,1,482174,0,0,0,0,0,0,0,0,0,0
3,1,482174,16,0,0,0,0,0,0,0,8,0
1,1,482175,17,11,17,18,19,16,20,5,26,16
1,1,482176,0,0,0,0,0,0,0,0,0,0
2,1,482176,0,0,0,0,0,0,0,0,0,0
1,1,482177,16,16,16,16,16,16,16,16,16,16
1,1,482178,9,9,9,9,9,9,9,9,9,9
1,1,482179,0,21,10,0,17,0,0,0,0,0
1,1,482180,14,14,14,14,14,14,14,14,14,14
1,1,482181,0,0,0,0,0,0,0,5,18,27
2,1,482181,0,0,0,0,0,0,0,0,0,0
1,1,482182,9,0,0,16,9,39,19,9,21,28
1,1,482183,0,0,0,0,0,0,0,0,0,0
2,1,482183,0,0,0,0,0,0,0,0,0,0
0,1,482184,20,20,20,20,20,20,20,20,20,20
1,1,482184,0,0,0,0,0,0,0,0,6,0
1,1,482185,0,0,0,8,0,0,0,5,0,0
2,1,482185,24,26,13,8,16,11,18,22,6,21
1,1,482186,5,0,0,10,0,0,0,0,0,0
2,1,482186,0,0,0,0,0,0,0,0,0,0
0,1,482187,20,20,20,20,20,20,20,20,20,20
1,1,482187,9,0,30,0,0,0,0,36,0,9
1,1,482188,0,0,0,0,0,0,0,0,0,0
2,1,482188,0,0,0,0,0,0,0,0,0,0
1,1,482189,0,0,0,0,0,0,0,0,0,0
1,1,482190,0,0,0,0,0,0,0,0,0,0
2,1,482190,0,0,0,0,0,0,0,0,0,0
1,1,482191,0,0,0,0,0,0,0,0,0,0
2,1,482191,0,0,0,0,0,0,0,0,0,0
0,1,482192,0,0,0,0,0,0,0,0,0,0
1,1,482192,0,0,0,0,0,0,0,0,0,0
1,1,482193,16,16,16,16,16,16,16,16,16,16
2,1,482193,0,12,18,8,23,0,0,0,21,0
1,1,482194,16,22,32,21,26,21,24,21,24,15
1,1,482195,20,20,20,20,20,20,20,20,20,20
2,1,482195,7,7,7,7,7,7,7,7,7,7
0,1,482196,3,3,3,3,3,3,3,3,3,3
1,1,482196,0,0,0,0,22,0,0,11,0,0
1,1,482197,37,24,9,17,11,8,13,13,21,15
2,1,482197,0,0,0,0,0,0,0,0,0,0
1,1,482198,0,0,0,0,0,0,0,0,0,0
2,1,482198,0,0,0,0,0,0,0,0,0,0
1,1,482199,19,0,0,0,0,0,0,0,0,0
2,1,482199,0,0,0,0,0,0,0,0,0,0
1,1,482200,0,0,0,16,0,0,8,0,12,19
0,1,482202,29,29,29,29,29,29,29,29,29,29
1,1,482202,22,16,16,6,17,13,12,13,10,28
1,1,482203,0,0,0,0,0,0,0,0,0,0
1,1,482204,0,0,0,0,0,0,0,0,0,0
2,1,482204,0,0,0,0,0,0,0,0,0,0
1,1,482205,17,17,17,17,17,17,17,17,17,17
1,1,482206,18,27,0,23,15,0,0,0,0,6
1,1,482207,19,19,19,19,19,19,19,19,19,19
2,1,482207,0,0,0,0,0,17,0,0,0,0
1,1,482208,17,17,17,17,17,17,17,17,17,17
1,1,482209,13,0,0,0,0,0,0,0,0,0
2,1,482209,0,0,6,0,0,10,0,0,0,13
1,1,482210,0,0,0,0,0,0,0,0,0,0
1,1,482211,0,0,0,0,0,0,0,0,0,0
0,1,482212,24,0,0,0,0,6,14,0,0,0
1,1,482212,10,20,0,1,3,5,8,9,0,14
0,1,482213,0,22,22,0,19,29,0,16,20,34
1,1,482213,0,0,13,17,20,0,0,0,0,0
0,1,482214,0,0,23,0,14,22,12,12,18,0
1,1,482214,0,0,10,25,8,0,0,0,6,0
0,1,482215,15,15,15,15,15,15,15,15,15,15
1,1,482215,0,0,0,7,0,0,0,0,5,0
1,1,482217,9,9,9,9,9,9,9,9,9,9
1,1,482218,0,0,0,0,0,0,0,0,0,0
2,1,482218,0,0,0,0,0,0,0,0,0,0
1,1,482219,0,0,0,0,0,0,0,0,0,0
1,1,482220,0,0,0,0,0,0,0,0,0,0
2,1,482220,11,11,11,11,11,11,11,11,11,11
1,1,482221,16,16,16,16,16,16,16,16,16,16
1,1,482222,28,28,28,28,28,28,28,28,28,28
2,1,482222,0,0,0,0,7,0,0,0,0,0
3,1,482222,0,0,0,0,0,0,0,0,0,0
0,1,482223,0,0,0,0,16,0,0,0,24,0
1,1,482223,17,0,0,0,7,0,0,11,10,0
1,1,482224,23,23,23,23,23,23,23,23,23,23
0,1,482225,3,18,0,0,0,12,0,0,0,0
1,1,482225,0,0,0,0,0,0,0,0,0,0
1,1,482226,33,15,15,17,21,24,36,28,25,36
2,1,482226,0,0,0,0,0,0,17,19,21,0
1,1,482227,4,4,4,4,4,4,4,4,4,4
2,1,482227,4,0,12,0,29,0,0,0,12,0
0,1,482228,0,0,0,0,0,0,0,0,0,0
1,1,482228,17,9,18,16,14,21,18,19,17,24
1,1,482229,0,0,0,0,0,0,0,0,0,0
2,1,482229,0,0,0,0,0,0,0,0,0,0
3,1,482229,0,0,0,0,0,0,0,0,0,0
1,1,482230,0,0,0,0,0,0,0,0,0,0
2,1,482230,0,0,0,0,0,0,0,0,0,0
1,1,482231,18,18,18,18,18,18,18,18,18,18
1,1,482232,0,0,0,0,12,0,0,0,0,0
2,1,482233,20,20,20,20,20,20,20,20,20,20
1,1,482234,0,0,0,0,0,0,0,0,0,0
1,1,482235,0,0,0,0,0,0,9,7,8,0
2,1,482235,0,0,0,0,0,0,0,0,0,0
1,1,482236,0,0,0,0,0,0,0,0,0,0
2,1,482236,0,0,0,0,0,0,0,5,0,0
1,1,482237,20,20,20,20,20,20,20,20,20,20
2,1,482237,6,9,14,46,13,16,11,18,8,14
1,1,482238,0,0,0,0,0,0,0,0,0,0
2,1,482238,0,0,0,0,0,3,0,0,0,6
1,1,482239,0,0,0,0,0,0,0,0,0,0
2,1,482239,0,0,0,0,0,0,0,0,0,0
0,1,482240,14,0,8,16,0,25,0,11,16,13
1,1,482240,0,23,8,23,0,0,0,0,18,0
1,1,482241,17,21,8,24,7,12,15,6,17,7
1,1,482242,0,0,0,28,0,0,0,0,17,21
2,1,482242,0,0,0,0,0,0,0,0,0,0
1,1,482243,12,12,12,12,12,12,12,12,12,12
1,1,482244,10,0,6,11,0,19,0,0,0,16
0,1,482245,21,21,21,21,21,21,21,21,21,21
1,1,482245,0,0,0,0,0,0,0,0,0,0
1,1,482246,0,0,0,0,0,0,0,0,0,0
2,1,482246,0,0,0,0,0,0,0,0,0,0
3,1,482246,24,0,0,0,0,0,0,0,0,0
1,1,482247,0,0,0,0,0,0,0,0,21,12
2,1,482247,0,0,10,0,0,0,0,0,0,0
3,1,482247,0,0,0,0,0,0,0,0,0,0
1,1,482248,0,0,0,0,9,0,0,0,0,0
2,1,482248,0,0,0,17,0,0,0,0,0,0
1,1,482249,0,0,0,0,0,0,0,0,0,0
2,1,482249,0,0,0,0,0,0,0,0,0,0
0,1,482250,22,0,0,12,19,0,0,0,0,24
1,1,482250,11,7,0,22,0,0,0,0,0,17
1,1,482251,0,0,0,0,0,0,0,0,0,0
2,1,482251,0,0,0,0,0,0,0,0,0,0
1,1,482252,0,0,0,0,0,0,0,0,0,0
1,1,482253,0,19,7,7,15,0,25,12,12,16
2,1,482253,0,0,0,0,0,0,0,0,0,0
1,1,482254,0,0,0,0,0,0,0,0,0,0
1,1,482255,0,0,8,0,0,0,0,0,0,0
2,1,482255,0,0,0,0,0,0,0,0,0,0
0,1,482256,14,14,14,14,14,14,14,14,14,14
0,2,482256,24,24,24,24,24,24,24,24,24,24
1,1,482256,23,23,23,23,23,23,23,23,23,23
1,1,482257,10,10,10,10,10,10,10,10,10,10
1,1,482258,22,22,22,22,22,22,22,22,22,22
1,1,482259,0,0,0,0,0,9,0,0,0,0
1,1,482260,12,18,0,14,21,0,17,0,15,20
0,1,482261,0,0,0,0,0,0,0,0,0,0
1,1,482261,15,15,15,15,15,15,15,15,15,15
0,1,482262,0,0,0,0,0,0,26,0,0,0
1,1,482262,12,9,8,0,4,0,8,2,0,12
1,1,482263,14,14,14,14,14,14,14,14,14,14
0,1,482264,18,18,18,18,18,18,18,18,18,18
1,1,482264,0,0,25,21,3,9,9,15,13,13
1,1,482265,11,0,0,0,0,0,0,0,0,0
1,1,482266,0,10,0,0,0,0,0,0,0,0
2,1,482266,0,0,0,0,8,0,0,16,0,0
1,1,482267,4,4,4,4,4,4,4,4,4,4
2,1,482267,4,0,17,7,0,0,0,0,0,0
3,1,482267,0,0,0,0,0,0,0,0,0,0
0,1,482268,29,12,0,23,24,33,0,26,0,0
1,1,482268,0,0,0,0,0,0,0,0,0,0
1,1,482269,0,0,0,0,0,0,0,0,0,0
2,1,482269,0,0,0,0,0,0,0,0,0,0
3,1,482269,0,0,0,0,0,0,0,0,0,0
4,1,482269,0,0,0,0,0,0,0,0,0,0
0,1,482270,25,28,19,33,31,32,30,31,30,12
1,1,482270,0,0,27,0,20,0,15,25,14,0
1,1,482271,18,0,12,0,0,2,0,12,0,12
2,1,482271,0,0,0,0,0,0,0,0,0,0
1,1,482272,15,15,15,15,15,15,15,15,15,15
0,1,482273,0,0,0,0,0,0,0,0,0,0
1,1,482273,0,0,0,9,0,0,0,0,0,0
1,1,482274,20,0,0,0,0,0,0,0,12,0
1,1,482275,11,11,11,11,11,11,11,11,11,11
2,1,482275,15,15,15,15,15,15,15,15,15,15
1,1,482276,0,0,15,25,12,4,0,0,29,22
1,1,482277,0,0,0,0,0,0,0,0,0,0
2,1,482277,0,0,0,0,2,0,0,0,0,0
1,1,482278,25,25,25,25,25,25,25,25,25,25
1,1,482279,23,23,23,23,23,23,23,23,23,23
0,1,482280,29,29,29,29,29,29,29,29,29,29
1,1,482280,16,0,11,0,3,0,4,10,0,9
2,1,482280,4,0,13,0,18,9,0,0,17,0
0,1,482281,0,0,0,0,0,0,0,0,0,20
1,1,482281,14,0,8,0,0,0,12,0,0,0
1,1,482282,0,0,0,0,0,0,0,0,0,0
2,1,482282,0,0,0,0,0,0,0,0,0,0
1,1,482283,0,0,0,0,0,0,0,0,0,0
2,1,482283,0,0,0,0,0,0,0,0,0,0
1,1,482284,0,0,0,0,0,0,0,0,0,0
2,1,482284,7,7,7,7,7,7,7,7,7,7
1,1,482285,0,0,0,0,0,0,0,0,0,0
0,1,482286,0,0,0,0,0,0,0,0,0,0
1,1,482286,23,19,17,11,13,13,26,5,15,0
2,1,482286,10,0,0,0,0,0,0,0,0,0
1,1,482287,20,20,20,20,20,20,20,20,20,20
1,1,482288,18,18,18,18,18,18,18,18,18,18
1,1,482289,15,15,15,15,15,15,15,15,15,15
0,1,482290,28,28,28,28,28,28,28,28,28,28
1,1,482290,7,0,24,13,16,19,17,7,0,0
1,1,482291,20,20,20,20,20,20,20,20,20,20
1,1,482292,21,21,21,21,21,21,21,21,21,21
0,1,482293,0,0,0,0,13,0,0,21,0,13
1,1,482293,26,17,0,4,28,12,6,0,0,13
1,1,482294,13,13,13,13,13,13,13,13,13,13
1,1,482295,23,23,23,23,23,23,23,23,23,23
0,1,482296,9,9,9,9,9,9,9,9,9,9
1,1,482296,0,0,11,0,0,0,0,0,21,0
1,1,482297,12,0,0,0,0,0,0,33,0,0
2,1,482297,17,17,17,17,17,17,17,17,17,17
1,1,482298,0,0,0,0,0,0,0,0,0,0
1,1,482299,31,31,31,31,31,31,31,31,31,31
1,1,482300,0,0,0,16,14,0,13,0,5,0
2,1,482300,0,0,0,21,0,0,12,0,0,0
1,1,482301,0,0,0,0,0,0,0,0,0,0
0,1,482302,0,0,0,0,0,0,0,0,0,0
0,2,482302,0,0,0,0,0,0,0,0,0,0
1,1,482302,0,0,0,0,0,0,0,0,0,0
0,1,482303,25,10,0,40,0,0,0,38,0,0
1,1,482303,17,11,8,15,4,3,16,7,0,3
0,1,482304,0,0,20,0,0,16,9,0,25,0
1,1,482304,10,10,10,10,10,10,10,10,10,10
1,1,482305,20,20,20,20,20,20,20,20,20,20
1,1,482306,0,0,0,0,0,0,0,0,0,0
2,1,482306,0,0,0,0,0,0,0,0,0,0
1,1,482307,11,0,0,0,0,0,0,0,0,0
2,1,482307,7,0,0,0,0,0,0,0,0,0