VEH_NO,PER_NO,ST_CASE,P1,P2,P3,P4,P5,P6,P7,P8,P9,P10
1,1,482613,0,0,0,0,0,0,0,0,0,0
1,1,482614,25,17,0,0,11,0,20,0,0,0
1,1,482615,14,14,14,14,14,14,14,14,14,14
1,1,482616,0,0,0,0,0,0,0,0,0,0
2,1,482616,14,6,0,0,0,6,0,0,0,0
3,1,482616,0,0,0,0,0,0,0,0,0,0
1,1,482617,0,0,0,0,0,0,0,0,0,0
0,1,482618,0,0,0,36,0,0,0,0,0,15
1,1,482618,6,0,3,0,15,0,0,0,0,0
1,1,482619,0,0,0,0,0,0,0,0,0,0
1,1,482620,37,15,33,16,6,47,26,23,16,11
2,1,482620,0,0,0,0,0,0,0,0,0,0
1,1,482621,23,23,23,23,23,23,23,23,23,23
1,1,482622,12,12,12,12,12,12,12,12,12,12
0,1,482623,34,23,0,0,0,0,0,27,25,0
1,1,482623,0,0,0,0,0,0,0,0,0,0
1,1,482624,0,0,0,0,0,0,0,0,0,0
2,1,482624,0,0,0,0,0,0,0,0,0,0
1,1,482625,21,21,21,21,21,21,21,21,21,21
0,1,482626,0,0,0,0,0,0,0,0,0,0
1,1,482626,0,0,0,0,0,0,0,0,7,0
1,1,482627,0,0,0,0,0,0,0,0,0,0
2,1,482627,22,22,22,22,22,22,22,22,22,22
1,1,482628,16,22,0,0,23,15,0,0,0,0
2,1,482628,0,0,13,0,0,0,0,0,0,0
1,1,482630,12,12,12,12,12,12,12,12,12,12
1,1,482631,21,21,21,21,21,21,21,21,21,21
1,1,482632,15,15,15,15,15,15,15,15,15,15
1,1,482633,0,0,0,0,0,0,0,0,0,0
2,1,482633,0,0,0,0,0,0,0,0,0,0
1,1,482634,0,0,0,18,0,0,0,0,0,0
2,1,482634,0,0,0,0,0,0,0,0,0,0
1,1,482635,0,0,0,0,0,0,0,0,0,0
2,1,482635,0,0,0,8,0,0,0,0,12,0
1,1,482636,0,0,0,0,0,0,0,0,0,0
1,1,482637,3,3,3,3,3,3,3,3,3,3
2,1,482637,0,0,0,0,0,0,0,0,0,0
1,1,482638,14,14,14,14,14,14,14,14,14,14
2,1,482638,0,0,0,0,0,0,0,0,0,0
1,1,482639,26,30,15,19,14,8,25,11,5,41
2,1,482639,0,3,0,0,15,0,0,0,26,11
1,1,482640,0,0,0,0,0,0,0,0,0,0
2,1,482640,17,17,17,17,17,17,17,17,17,17
1,1,482641,29,29,29,29,29,29,29,29,29,29
1,1,482642,2,27,14,19,13,0,15,32,5,21
1,1,482643,19,0,4,12,7,0,0,0,0,9
2,1,482643,23,22,0,0,30,34,25,0,0,0
0,1,482644,0,0,17,0,0,0,0,0,0,9
1,1,482644,0,0,0,0,0,0,0,0,0,0
2,1,482644,0,0,0,0,0,0,0,0,0,0
3,1,482644,0,0,0,0,0,0,0,0,0,0
1,1,482645,0,0,0,0,0,0,0,0,0,0
2,1,482645,0,0,0,0,0,0,0,0,0,0
1,1,482646,0,7,0,0,0,0,0,4,8,0
0,1,482647,0,0,0,0,0,0,0,0,0,0
1,1,482647,0,0,0,0,0,0,0,0,3,0
2,1,482647,31,0,0,0,0,8,0,0,0,0
0,1,482648,16,0,0,0,0,0,12,14,0,0
1,1,482648,0,0,12,0,0,0,0,0,0,0
1,1,482649,28,28,28,28,28,28,28,28,28,28
1,1,482650,0,0,0,0,0,0,0,0,0,0
2,1,482650,14,0,4,5,0,0,0,0,0,0
1,1,482651,27,27,27,27,27,27,27,27,27,27
2,1,482651,31,14,20,14,9,0,13,0,15,0
1,1,482652,0,0,0,0,0,0,0,0,0,0
2,1,482652,0,0,0,0,0,0,0,0,0,0
1,1,482653,15,15,15,15,15,15,15,15,15,15
1,1,482654,5,5,5,5,5,5,5,5,5,5
1,1,482655,17,17,17,17,17,17,17,17,17,17
1,1,482656,0,0,0,0,30,0,0,6,0,0
1,1,482657,0,9,0,0,0,0,0,0,0,0
2,1,482657,30,30,30,30,30,30,30,30,30,30
1,1,482658,0,0,0,15,0,0,0,0,19,25
2,1,482658,0,0,0,0,0,0,17,0,0,0
1,1,482659,13,13,13,13,13,13,13,13,13,13
1,1,482660,21,21,21,21,21,21,21,21,21,21
2,1,482660,0,0,0,0,0,0,0,0,0,0
3,1,482660,0,0,0,0,0,0,0,0,0,0
0,1,482661,0,0,0,0,0,0,0,26,0,0
1,1,482661,12,0,19,0,0,0,14,0,7,0
1,1,482662,0,0,21,0,0,0,0,0,0,0
2,1,482662,0,0,0,0,0,0,0,0,0,18
3,1,482662,0,0,0,0,0,0,0,0,0,0
1,1,482663,15,31,26,27,15,13,6,39,22,14
2,1,482663,38,17,13,42,22,28,10,21,38,10
1,1,482664,0,0,0,0,0,0,0,0,0,0
1,1,482665,0,0,0,0,0,0,0,0,0,0
2,1,482665,0,0,0,0,0,0,0,0,0,0
1,1,482666,14,14,14,14,14,14,14,14,14,14
1,1,482667,0,0,0,0,0,0,0,0,0,0
2,1,482667,0,0,0,0,0,0,0,0,0,0
0,1,482668,11,11,11,11,11,11,11,11,11,11
1,1,482668,0,14,0,0,0,0,0,0,0,0
1,1,482669,0,0,0,0,0,0,0,0,0,0
0,1,482670,24,24,24,24,24,24,24,24,24,24
1,1,482670,0,23,3,0,0,0,0,0,0,11
0,1,482671,12,12,12,12,12,12,12,12,12,12
1,1,482671,0,0,26,0,0,0,0,0,40,0
1,1,482672,0,0,0,0,0,0,0,0,0,0
2,1,482672,12,0,0,0,0,0,0,0,0,15
1,1,482673,14,14,14,14,14,14,14,14,14,14
0,1,482674,0,0,0,0,0,0,0,0,0,0
1,1,482674,10,0,0,0,0,0,0,0,0,0
1,1,482675,0,0,0,0,11,0,0,0,0,0
2,1,482675,0,0,0,0,0,0,0,0,0,0
1,1,482676,24,24,24,24,24,24,24,24,24,24
1,1,482677,0,0,0,7,16,0,0,18,0,0
2,1,482677,0,0,0,0,0,0,0,0,0,0
1,1,482678,21,21,21,21,21,21,21,21,21,21
1,1,482679,0,0,0,0,0,0,0,0,0,0
2,1,482679,0,0,0,0,0,0,0,0,0,0
1,1,482680,0,0,0,0,0,0,0,0,0,0
2,1,482680,0,0,0,0,0,0,0,0,0,0
1,1,482681,2,2,2,2,2,2,2,2,2,2
0,1,482682,0,0,0,0,0,0,0,0,0,0
1,1,482682,0,0,12,7,0,0,8,31,0,21
1,1,482683,21,0,0,0,0,16,0,0,0,14
1,1,482684,0,0,0,20,0,0,0,16,0,0
2,1,482684,0,0,0,8,0,0,0,8,9,0
1,1,482685,0,0,0,0,0,0,0,0,0,0
2,1,482685,0,0,0,0,0,0,0,0,0,0
1,1,482686,0,0,0,0,0,0,0,0,0,0
2,1,482686,0,0,0,0,0,0,0,0,0,0
0,1,482687,0,0,0,0,0,0,0,0,0,0
1,1,482687,0,0,0,0,0,0,0,0,0,0
1,1,482688,0,0,0,0,0,0,0,0,0,0
1,1,482689,27,27,27,27,27,27,27,27,27,27
1,1,482690,0,0,0,0,0,0,0,0,0,0
2,1,482690,0,0,0,0,0,0,0,0,0,0
1,1,482691,0,0,0,0,0,0,0,11,0,0
2,1,482691,0,0,0,0,0,0,0,0,0,0
0,1,482692,0,0,0,0,0,0,0,0,0,0
1,1,482692,5,5,5,5,5,5,5,5,5,5
1,1,482693,18,18,18,18,18,18,18,18,18,18
2,1,482693,0,0,0,0,16,5,0,0,13,0
1,1,482694,0,0,0,0,0,0,0,0,0,0
2,1,482694,0,0,0,0,0,0,0,0,0,0
0,1,482695,8,8,8,8,8,8,8,8,8,8
1,1,482695,10,11,0,14,9,0,0,8,0,8
1,1,482696,0,0,13,0,0,0,0,0,16,0
2,1,482696,0,0,0,0,0,0,0,0,0,0
1,1,482697,23,23,23,23,23,23,23,23,23,23
1,1,482698,29,13,17,8,26,16,26,22,0,15
1,1,482699,0,0,0,0,12,10,0,0,0,0
1,1,482700,0,0,0,0,0,0,0,0,0,0
2,1,482700,0,0,0,0,0,0,0,0,0,0
1,1,482701,0,0,0,0,0,0,0,0,0,0
1,1,482702,0,3,0,0,0,0,0,0,0,0
2,1,482702,0,0,0,0,21,0,0,0,0,0
1,1,482703,0,0,0,0,0,0,0,0,0,0
1,1,482704,3,3,3,3,3,3,3,3,3,3
1,1,482705,0,0,0,0,0,0,0,0,0,0
1,1,482706,25,20,22,0,0,25,11,24,30,30
0,1,482707,0,0,0,0,0,10,0,0,24,0
1,1,482707,0,11,2,0,0,0,0,0,7,31
0,1,482708,0,0,0,0,0,0,0,0,0,0
1,1,482708,0,0,0,0,0,0,0,0,0,0
2,1,482708,0,0,0,0,0,0,0,0,0,0
3,1,482708,0,0,0,0,0,0,0,0,0,0
4,1,482708,0,0,0,0,0,0,0,0,0,0
1,1,482709,0,0,0,0,0,0,0,0,0,0
0,1,482710,0,0,0,0,0,0,0,0,0,0
1,1,482710,19,0,11,0,12,0,0,0,0,9
0,1,482711,0,0,0,0,0,0,0,0,0,0
1,1,482711,0,0,0,0,0,4,7,14,0,0
0,1,482712,0,0,0,0,0,0,0,0,0,0
1,1,482712,4,0,33,0,16,10,10,12,0,12
1,1,482713,0,0,0,0,0,0,0,0,0,0
2,1,482713,0,0,0,0,0,0,0,0,0,11
3,1,482713,0,0,0,0,0,0,0,0,0,0
0,1,482714,0,0,0,0,0,0,0,0,0,0
1,1,482714,11,11,11,11,11,11,11,11,11,11
2,1,482714,6,0,0,4,6,3,7,0,14,0
1,1,482715,0,0,0,10,11,0,0,0,0,0
2,1,482715,0,0,0,0,0,0,5,0,0,0
0,1,482716,0,0,0,0,0,0,0,0,0,0
1,1,482716,0,0,0,0,0,0,0,0,0,9
1,1,482717,0,0,0,0,0,0,0,0,0,0
2,1,482717,0,0,0,0,0,0,0,0,0,0
1,1,482718,29,16,20,17,19,28,39,17,48,20
2,1,482718,0,0,0,0,0,16,0,0,0,0
1,1,482719,0,0,25,4,19,15,6,39,0,0
1,1,482720,23,23,23,23,23,23,23,23,23,23
2,1,482720,0,0,0,0,0,0,1,17,0,0
1,1,482721,4,0,13,0,0,0,0,0,23,21
2,1,482721,0,0,0,27,0,0,5,0,15,0
1,1,482722,0,0,0,0,0,0,0,0,0,14
2,1,482722,0,0,0,0,24,0,0,0,0,0
1,1,482723,0,0,16,0,0,0,11,9,0,0
1,1,482724,0,0,0,0,0,0,0,0,0,0
2,1,482724,0,0,0,0,0,0,0,0,0,0
1,1,482725,16,16,16,16,16,16,16,16,16,16
1,1,482726,0,0,0,0,0,0,0,0,0,0
2,1,482726,0,0,0,0,0,0,0,0,0,0
3,1,482726,0,0,0,0,0,0,0,0,0,0
1,1,482727,36,36,36,36,36,36,36,36,36,36
1,1,482728,22,22,22,22,22,22,22,22,22,22
0,1,482729,23,23,23,23,23,23,23,23,23,23
1,1,482729,0,0,0,0,7,4,12,0,10,0
1,1,482730,24,24,24,24,24,24,24,24,24,24
1,1,482731,19,19,19,19,19,19,19,19,19,19
1,1,482732,0,18,12,18,18,0,9,37,12,16
1,1,482733,0,0,0,0,0,0,0,0,14,0
2,1,482733,0,0,0,0,0,0,0,0,0,0
0,1,482734,0,0,0,0,31,0,0,0,33,13
1,1,482734,0,0,0,0,0,0,0,0,0,0
1,1,482735,0,0,0,0,0,0,0,0,0,0
0,1,482736,2,2,2,2,2,2,2,2,2,2
1,1,482736,0,7,0,0,0,0,0,0,16,0
0,1,482737,0,0,3,0,22,34,15,0,13,0
1,1,482737,16,0,0,0,0,0,0,0,0,22
0,1,482738,0,0,0,0,0,0,0,0,0,0
1,1,482738,8,0,0,0,0,0,0,0,0,0
1,1,482739,0,0,0,0,0,0,0,0,0,0
1,1,482740,0,0,0,0,0,0,0,0,0,0
1,1,482741,0,0,0,0,0,0,0,0,0,0
2,1,482742,0,0,0,0,0,0,0,0,16,0
1,1,482743,13,13,13,13,13,13,13,13,13,13
2,1,482743,4,4,4,4,4,4,4,4,4,4
3,1,482743,6,0,0,0,0,12,0,0,0,0
1,1,482744,18,18,18,18,18,18,18,18,18,18
1,1,482745,10,10,10,10,10,10,10,10,10,10
1,1,482746,0,0,0,0,41,0,0,0,0,0
2,1,482746,0,0,0,0,0,0,0,0,0,0
1,1,482747,12,10,0,0,0,7,0,0,19,0
0,1,482748,2,2,2,2,2,2,2,2,2,2
1,1,482748,0,0,0,0,26,0,14,0,0,0
1,1,482749,0,0,0,0,0,0,0,0,0,0
2,1,482749,0,0,0,0,0,0,17,0,0,0
1,1,482750,9,28,0,0,0,10,17,0,21,20
0,1,482751,0,0,21,5,36,0,0,14,0,0
1,1,482751,0,0,0,0,0,0,0,0,0,0
1,1,482752,16,16,16,16,16,16,16,16,16,16
1,1,482753,0,0,0,0,0,0,8,17,0,0
2,1,482753,0,0,0,0,0,0,0,0,0,0
3,1,482753,0,0,0,0,0,0,0,0,0,0
4,1,482753,5,14,0,0,0,7,0,0,0,0
1,1,482754,0,0,0,0,0,0,0,0,0,0
1,1,482755,0,15,5,0,0,0,0,34,0,0
1,1,482756,0,0,0,0,0,0,0,0,0,0
2,1,482756,0,0,0,0,0,0,0,0,0,0
0,1,482757,0,0,0,0,0,0,0,0,0,0
1,1,482757,0,10,0,13,0,0,0,6,0,0
1,1,482758,0,0,0,0,0,0,0,0,0,0
2,1,482758,0,0,0,0,0,0,0,0,0,0
3,1,482758,0,0,0,0,0,0,0,0,0,0
4,1,482758,0,0,0,0,0,0,0,0,0,9
0,1,482759,25,0,22,0,0,35,25,0,0,0
1,1,482759,0,0,0,0,0,0,0,0,0,0
1,1,482760,31,0,19,28,27,0,14,13,0,20
1,1,482761,0,0,0,0,0,0,0,0,0,0
1,1,482762,0,0,0,0,0,0,0,0,0,23
0,1,482763,0,0,0,0,0,0,0,0,0,0
1,1,482763,9,9,9,9,9,9,9,9,9,9
0,1,482764,0,0,0,0,7,0,15,0,12,0
0,2,482764,0,4,7,0,0,7,0,18,0,25
1,1,482764,15,15,15,15,15,15,15,15,15,15
1,1,482765,25,0,0,0,0,8,0,40,0,0
2,1,482765,0,0,0,0,0,0,0,0,0,0
3,1,482765,0,0,0,0,0,0,0,0,0,0
4,1,482765,0,0,0,0,0,0,0,0,0,0
0,1,482766,0,0,0,0,0,0,0,0,0,0
0,2,482766,0,0,0,0,0,0,0,0,0,0
0,3,482766,0,0,0,0,0,0,6,0,0,17
0,4,482766,0,0,0,0,0,0,0,0,0,0
1,1,482766,13,13,13,13,13,13,13,13,13,13
1,1,482767,11,11,11,11,11,11,11,11,11,11
1,1,482768,26,26,26,26,26,26,26,26,26,26
0,1,482769,0,0,0,0,20,0,0,0,0,0
1,1,482769,0,14,4,0,0,0,0,0,10,0
1,1,482770,0,0,0,0,0,0,0,0,0,0
2,1,482770,0,0,0,0,0,0,0,0,0,0
1,1,482771,22,22,22,22,22,22,22,22,22,22
2,1,482771,0,0,0,0,0,0,0,0,0,0
3,1,482771,0,0,0,0,0,0,0,0,0,0
1,1,482772,5,14,7,18,0,22,13,22,7,20
0,1,482773,0,35,0,0,0,0,0,0,0,0
1,1,482773,0,0,0,0,0,13,0,0,0,0
1,1,482774,24,24,24,24,24,24,24,24,24,24
1,1,482775,0,0,0,0,0,0,0,0,0,0
2,1,482775,0,0,0,0,0,0,0,0,0,0
1,1,482776,0,0,0,0,0,0,0,0,0,0
2,1,482776,0,0,0,0,0,0,12,22,0,0
1,1,482777,0,0,0,0,17,0,0,0,0,0
2,1,482777,0,0,0,0,0,0,0,0,0,0
1,1,482778,0,0,0,0,0,0,0,0,0,0
2,1,482778,0,0,0,0,0,0,0,0,0,0
1,1,482779,28,25,15,0,34,0,3,0,15,19
1,1,482780,0,19,0,0,0,29,0,0,0,0
1,1,482781,18,13,21,19,12,9,5,22,0,0
0,1,482782,0,0,14,0,10,0,0,0,23,0
1,1,482782,0,0,19,0,16,0,23,0,0,0
1,1,482783,20,20,20,20,20,20,20,20,20,20
1,1,482784,0,0,0,0,0,0,0,0,0,0
2,1,482784,0,0,0,0,0,0,0,0,0,0
1,1,482785,4,4,4,4,4,4,4,4,4,4
1,1,482786,0,0,0,0,0,0,0,0,0,0
1,1,482787,0,0,0,0,0,0,0,0,0,0
2,1,482787,0,0,0,0,0,0,0,0,0,0
1,1,482789,7,23,14,15,19,19,27,20,40,25
2,1,482789,0,11,7,0,0,0,0,0,0,0
1,1,482790,5,19,15,14,10,18,17,20,27,13
1,1,482791,20,20,0,7,32,18,16,29,15,15
2,1,482791,0,0,0,0,0,0,0,0,0,0
1,1,482792,19,19,19,19,19,19,19,19,19,19
2,1,482792,0,0,0,4,0,26,0,14,0,4
1,1,482793,0,5,0,19,0,0,0,0,0,0
1,1,482794,12,0,17,11,8,0,9,16,3,0
1,1,482795,0,0,0,0,0,0,0,0,0,0
1,1,482796,0,0,8,10,0,0,0,0,0,0
2,1,482796,0,0,0,0,10,7,0,0,0,0
1,1,482797,0,9,0,0,0,0,25,0,0,0
2,1,482797,0,0,0,0,0,0,0,0,0,0
1,1,482798,7,7,7,7,7,7,7,7,7,7
2,1,482798,3,3,3,3,3,3,3,3,3,3
1,1,482799,0,0,0,0,0,0,0,25,0,0
2,1,482799,0,0,0,0,0,0,0,0,0,0
1,1,482800,0,0,15,0,37,0,14,0,0,0
2,1,482800,0,0,0,0,0,0,0,0,0,0
1,1,482801,0,0,0,0,0,0,0,0,0,0
1,1,482803,31,31,31,31,31,31,31,31,31,31
1,1,482804,0,0,0,0,0,0,0,0,0,0
1,1,482805,0,0,0,0,0,0,0,0,0,0
2,1,482805,0,0,18,0,0,0,12,0,0,16
1,1,482806,0,0,0,0,0,0,0,0,0,0
2,1,482806,0,0,0,15,0,0,0,0,6,0
1,1,482807,13,0,0,0,0,0,0,17,0,0
1,1,482808,2,0,0,0,0,19,0,17,0,21
1,1,482809,3,0,0,0,0,0,0,0,0,0
2,1,482809,0,0,0,0,0,0,0,0,0,0
3,1,482809,0,0,0,0,19,0,0,0,0,0
1,1,482811,0,13,0,0,11,15,0,10,13,0
2,1,482811,0,19,0,0,5,0,0,0,0,0
3,1,482811,0,0,0,0,0,18,0,0,0,14
1,1,482812,30,0,0,0,11,21,7,0,31,15
1,1,482813,0,0,13,0,0,26,12,0,11,0
1,1,482814,0,0,23,0,12,0,0,0,0,0
2,1,482814,0,0,0,0,0,0,0,0,0,0
3,1,482814,0,0,0,0,0,0,0,0,0,0
0,1,482815,17,17,17,17,17,17,17,17,17,17
1,1,482815,0,0,6,11,0,0,0,10,0,4
1,1,482816,0,0,0,0,0,0,0,0,0,0
2,1,482816,10,0,0,0,0,0,0,0,0,6
1,1,482817,0,0,0,0,0,0,0,0,0,0
2,1,482817,0,0,0,0,0,0,0,0,0,0
1,1,482818,29,0,23,21,33,7,30,13,12,21
2,1,482818,0,0,0,0,0,0,0,0,0,0
0,1,482819,0,0,0,0,0,0,0,0,0,0
1,1,482819,14,8,24,10,0,15,3,6,12,12
1,1,482820,0,14,0,0,0,13,0,0,18,0
2,1,482820,23,0,0,0,0,0,0,0,0,0
0,1,482821,27,27,27,27,27,27,27,27,27,27
1,1,482821,0,0,0,0,0,0,0,0,0,0
2,1,482821,18,0,18,28,4,0,0,0,0,10
0,1,482822,23,23,23,23,23,23,23,23,23,23
1,1,482822,8,9,0,0,15,0,0,10,0,10
2,1,482822,0,0,0,0,0,0,0,0,0,0
1,1,482823,19,19,19,19,19,19,19,19,19,19
1,1,482824,0,0,0,0,0,0,0,19,0,0
2,1,482824,0,0,0,0,0,0,0,0,0,0
1,1,482825,27,27,27,27,27,27,27,27,27,27
1,1,482826,0,0,0,0,7,12,0,0,0,0
1,1,482827,0,0,0,0,0,0,0,0,0,0
1,1,482828,10,10,10,10,10,10,10,10,10,10
2,1,482828,0,0,12,0,12,8,0,0,0,13
1,1,482829,0,0,0,0,0,0,0,0,0,0
2,1,482829,0,0,0,0,0,0,0,0,0,0
1,1,482830,0,0,0,0,0,0,0,4,0,0
2,1,482830,0,0,0,0,0,0,0,0,0,0
1,1,482831,9,0,0,0,10,16,7,0,0,0
2,1,482831,0,0,0,10,0,0,0,0,0,0
1,1,482832,0,0,0,0,0,0,0,0,0,0
2,1,482832,0,0,10,0,0,0,0,0,0,0
3,1,482832,0,0,0,0,0,0,0,0,0,0
1,1,482833,13,0,0,0,0,15,0,0,0,0
1,1,482834,0,0,0,0,0,7,0,0,13,0
2,1,482834,0,0,0,0,0,0,0,0,0,0
0,1,482835,16,16,16,16,16,16,16,16,16,16
1,1,482835,28,5,0,0,0,0,0,0,0,0
1,1,482836,30,30,30,30,30,30,30,30,30,30
1,1,482837,0,0,0,0,0,0,9,27,0,0
0,1,482838,18,17,0,7,0,22,23,0,19,20
1,1,482838,33,23,0,8,0,0,19,12,19,13
1,1,482839,0,16,20,9,14,17,22,11,11,0
2,1,482839,0,21,0,11,0,0,0,0,0,24
3,1,482839,0,0,0,0,0,12,14,0,0,0
1,1,482840,24,24,24,24,24,24,24,24,24,24
1,1,482841,19,0,0,7,16,3,0,12,0,0
1,1,482842,12,13,9,10,22,19,27,17,15,25
2,1,482842,0,0,0,21,0,21,19,8,0,0
0,1,482843,13,0,0,0,0,0,0,0,15,0
1,1,482843,0,18,0,0,12,0,5,0,0,0
1,1,482844,0,0,0,0,0,0,0,0,0,0
0,1,482845,0,0,0,0,0,14,0,0,0,0
1,1,482845,0,0,0,0,0,0,0,0,0,0
0,1,482846,0,0,0,0,0,0,0,0,0,0
1,1,482846,0,14,0,7,0,0,0,10,0,0
1,1,482847,8,8,8,8,8,8,8,8,8,8
0,1,482848,0,0,0,0,0,0,0,0,0,0
0,2,482848,0,0,0,0,0,0,0,0,0,0
0,3,482848,0,0,0,0,0,0,0,0,0,0
1,1,482848,0,0,0,0,0,0,0,0,0,0
1,1,482849,0,0,0,18,0,0,0,0,0,0
2,1,482849,0,0,0,0,0,0,0,0,0,0
1,1,482850,0,0,0,0,0,0,0,20,0,0
2,1,482850,0,0,0,0,0,0,0,0,0,0
1,1,482851,18,0,15,0,0,0,0,0,28,18
1,1,482852,17,17,17,17,17,17,17,17,17,17
2,1,482852,16,12,0,0,0,25,0,0,0,0
1,1,482853,5,5,5,5,5,5,5,5,5,5
1,1,482854,33,4,13,22,15,0,18,2,0,0
0,1,482855,0,0,0,0,0,0,0,0,0,0
1,1,482855,0,0,0,0,0,0,0,0,0,0
1,1,482856,0,0,0,0,0,0,0,0,0,0
2,1,482856,0,0,0,0,0,0,0,0,0,0
3,1,482856,0,0,0,0,0,0,0,0,0,0
1,1,490001,0,0,0,0,0,0,0,0,0,0
2,1,490001,0,0,0,0,0,0,0,0,0,0
1,1,490002,0,0,0,0,0,0,0,0,0,0
2,1,490002,0,0,0,0,0,0,0,0,0,9
1,1,490003,0,0,0,0,0,0,0,0,0,0
2,1,490003,0,0,0,0,0,0,0,0,0,0
3,1,490003,0,0,0,0,0,0,0,0,0,0
0,1,490004,0,0,0,0,0,0,0,0,0,0
1,1,490004,0,0,0,0,0,0,0,0,0,0
1,1,490005,0,0,0,0,0,0,0,0,0,0
2,1,490005,0,0,0,0,0,0,0,0,0,0
3,1,490005,0,0,0,0,0,0,0,0,0,0
1,1,490006,0,0,0,0,0,0,0,0,0,0
1,1,490007,0,0,0,0,0,0,0,0,0,0
2,1,490007,2,2,2,2,2,2,2,2,2,2
1,1,490008,0,0,0,0,0,0,0,0,0,0
1,1,490009,0,0,0,0,0,0,0,0,0,0
2,1,490009,0,0,0,0,0,0,0,0,0,0
1,1,490010,0,0,0,0,0,0,21,0,0,0
1,1,490011,0,0,0,0,0,0,0,0,0,0
2,1,490011,0,0,0,0,0,0,0,0,0,0
1,1,490012,0,0,0,0,0,0,0,0,0,0
2,1,490012,0,0,0,0,0,0,0,0,0,0
3,1,490012,0,0,0,0,0,0,0,0,0,0
4,1,490012,0,0,0,0,0,0,0,0,0,0
5,1,490012,0,0,0,0,0,0,0,0,0,0
6,1,490012,0,0,0,0,0,0,0,0,0,0
7,1,490012,0,0,0,0,0,0,0,0,0,0
8,1,490012,0,0,0,0,0,0,0,0,0,0
9,1,490012,0,0,0,0,0,0,0,0,0,0
10,1,490012,0,0,0,0,0,0,0,0,0,0
11,1,490012,0,0,0,0,0,0,0,0,0,0
12,1,490012,0,0,0,0,0,0,0,0,0,0
13,1,490012,0,0,0,0,0,0,0,0,0,0
14,1,490012,0,0,0,0,0,0,0,0,0,0
16,1,490012,0,0,0,0,0,0,0,0,0,0
17,1,490012,0,0,0,0,0,0,0,0,0,0
1,1,490013,0,0,0,0,0,0,0,0,0,0
2,1,490013,0,0,0,0,0,0,0,0,0,0
1,1,490014,0,0,0,0,0,0,0,0,0,0
0,1,490015,0,0,0,0,0,0,0,0,0,0
1,1,490015,0,0,0,0,0,0,0,0,0,9
1,1,490016,0,0,0,0,0,0,0,0,0,0
2,1,490016,0,0,0,0,0,0,0,0,0,0
1,1,490017,0,0,0,0,0,9,22,0,18,0
2,1,490017,0,0,0,0,0,0,0,0,0,0
1,1,490018,0,3,0,0,7,0,0,0,0,0
1,1,490019,0,3,22,9,12,24,0,0,6,17
1,1,490020,0,0,0,0,0,0,0,0,0,0
1,1,490021,0,0,0,0,0,0,0,0,0,3
1,1,490022,0,0,0,0,0,0,0,0,0,0
2,1,490022,0,0,0,4,0,0,0,0,0,0
1,1,490023,0,0,0,0,0,0,0,0,0,0
2,1,490023,0,0,0,0,0,0,0,0,0,0
1,1,490024,0,0,0,0,0,0,0,0,0,0
2,1,490024,0,0,0,0,0,0,0,0,0,0
0,1,490025,0,0,0,0,0,0,0,0,0,0
0,2,490025,0,0,0,0,0,6,2,0,0,0
1,1,490025,0,0,0,0,0,0,0,12,0,0
0,1,490026,0,0,0,0,0,0,0,0,0,0
1,1,490026,0,0,0,0,0,0,0,0,0,0
1,1,490027,0,0,0,0,0,0,0,0,0,0
2,1,490027,0,0,0,0,0,0,0,0,0,0
3,1,490027,0,0,0,0,0,0,0,0,0,0
1,1,490028,0,0,3,0,11,0,0,0,0,0
2,1,490028,0,0,0,0,0,0,0,0,0,0
3,1,490028,0,0,0,0,0,0,0,0,0,0
4,1,490028,0,0,0,0,0,0,0,0,0,0
5,1,490028,7,0,0,0,0,0,0,0,0,0
1,1,490029,0,0,26,0,18,0,0,12,27,0
1,1,490030,0,0,0,0,0,0,0,0,0,0
2,1,490030,0,0,0,0,0,0,0,0,0,0
3,1,490030,0,0,0,0,0,0,0,0,0,0
4,1,490030,0,0,0,0,0,0,0,10,0,0
1,1,490031,0,0,0,0,0,0,0,0,0,0
1,1,490032,0,0,17,0,19,0,8,11,0,0
1,1,490033,0,0,0,0,0,0,0,0,0,0
1,1,490034,0,0,0,0,0,0,0,0,0,0
1,1,490035,7,0,0,0,0,0,0,0,0,0
1,1,490036,0,0,0,0,0,0,0,0,0,0
2,1,490036,0,0,0,0,0,0,0,0,0,0
0,1,490037,0,0,0,0,0,0,0,0,0,0
1,1,490037,0,0,0,0,0,0,0,0,0,0
1,1,490038,0,13,0,0,0,0,0,0,0,0
1,1,490039,20,4,0,15,0,5,26,11,13,7
1,1,490040,0,0,0,0,0,0,0,0,20,16
1,1,490041,0,0,0,0,0,0,0,0,0,0
2,1,490041,0,0,0,0,0,0,0,0,0,0
1,1,490042,0,0,0,0,0,0,0,0,0,0
2,1,490042,0,0,0,0,0,0,0,0,0,0
1,1,490043,0,0,0,0,0,0,0,0,0,0
2,1,490043,0,0,0,0,0,0,0,0,0,0
1,1,490044,0,0,0,0,0,0,4,0,0,0
1,1,490045,6,6,6,6,6,6,6,6,6,6
0,1,490046,0,0,0,0,0,0,9,0,0,0
1,1,490046,0,0,0,0,0,0,0,0,0,0