VEH_NO,PER_NO,ST_CASE,P1,P2,P3,P4,P5,P6,P7,P8,P9,P10
1,1,510430,4,4,4,4,4,4,4,4,4,4
2,1,510430,0,0,0,0,0,0,0,0,0,0
3,1,510430,0,0,0,0,0,0,0,0,0,0
1,1,510431,0,0,0,0,0,0,0,0,0,0
1,1,510432,0,0,24,0,0,0,0,10,0,0
1,1,510433,19,19,19,19,19,19,19,19,19,19
0,1,510434,35,35,18,25,35,33,0,20,24,23
1,1,510434,0,0,0,0,0,0,0,0,0,0
1,1,510435,0,0,0,0,0,26,0,15,0,0
1,1,510436,0,0,0,0,0,0,0,0,0,0
2,1,510436,0,0,0,0,0,0,0,0,0,0
0,1,510437,0,0,0,0,0,0,0,0,0,0
1,1,510437,0,0,0,0,0,0,0,0,0,0
0,1,510438,0,0,0,0,0,0,0,0,0,0
1,1,510438,0,0,0,0,0,0,0,32,0,0
0,1,510439,0,0,0,0,0,0,0,0,0,0
1,1,510439,0,0,0,0,0,0,13,0,0,0
1,1,510440,15,0,0,0,0,0,0,0,0,0
1,1,510441,0,0,9,10,0,0,0,0,0,6
1,1,510442,24,24,24,24,24,24,24,24,24,24
1,1,510443,0,0,0,0,0,0,0,0,0,0
2,1,510443,0,0,0,0,0,0,0,0,0,0
1,1,510444,14,14,14,14,14,14,14,14,14,14
1,1,510445,0,0,0,0,0,0,0,0,0,0
2,1,510445,0,0,0,0,0,0,0,0,0,0
1,1,510446,10,9,17,22,20,5,22,10,17,23
2,1,510446,0,0,0,0,0,0,0,0,0,5
1,1,510447,0,0,0,0,0,0,0,0,0,0
2,1,510447,0,0,0,0,0,0,0,0,0,0
3,1,510447,0,0,0,0,0,0,0,0,0,0
1,1,510448,0,0,0,0,0,0,0,0,0,0
2,1,510448,0,0,0,0,0,0,0,0,0,0
3,1,510448,0,0,0,0,10,0,0,9,0,0
1,1,510449,0,0,0,0,0,0,0,0,0,0
0,1,510450,21,21,21,21,21,21,21,21,21,21
1,1,510450,0,0,0,0,0,0,0,0,0,0
1,1,510451,0,0,0,0,0,0,0,0,0,0
2,1,510451,0,0,0,0,0,0,0,0,0,0
1,1,510452,0,0,0,0,0,0,0,0,0,0
2,1,510452,0,0,0,0,0,0,0,0,0,0
1,1,510453,0,0,0,0,0,0,0,0,0,0
2,1,510453,0,0,0,0,0,0,0,0,0,0
1,1,510454,12,12,12,12,12,12,12,12,12,12
1,1,510455,0,0,0,0,0,0,0,0,0,0
1,1,510456,0,0,0,0,0,0,0,0,0,0
2,1,510456,0,0,0,0,0,0,0,0,0,0
0,1,510458,0,0,0,0,0,0,0,0,0,0
1,1,510458,25,20,17,14,30,22,14,6,11,20
1,1,510459,0,0,0,0,0,0,0,0,0,0
1,1,510460,9,8,12,10,17,21,28,0,14,14
1,1,510461,10,10,10,10,10,10,10,10,10,10
1,1,510462,21,21,21,21,21,21,21,21,21,21
1,1,510463,17,17,17,17,17,17,17,17,17,17
1,1,510464,13,13,13,13,13,13,13,13,13,13
2,1,510464,0,0,0,0,0,0,0,0,0,0
1,1,510465,0,0,0,0,0,0,0,0,0,0
1,1,510466,13,0,10,15,0,0,0,0,24,0
2,1,510466,0,0,4,0,0,0,0,0,0,0
1,1,510467,0,0,0,0,0,0,0,0,0,0
1,1,510468,0,0,0,0,0,0,0,0,0,0
2,1,510468,0,0,0,0,0,0,0,0,0,0
1,1,510469,20,20,20,20,20,20,20,20,20,20
1,1,510470,0,0,0,0,0,0,0,0,0,0
1,1,510471,0,0,0,0,0,0,0,0,0,0
2,1,510471,0,4,0,0,0,0,0,0,0,0
1,1,510472,0,0,0,0,0,0,0,0,0,0
2,1,510472,0,0,0,0,0,0,0,0,0,16
1,1,510473,0,5,0,0,0,0,0,0,0,0
2,1,510473,0,0,0,0,0,0,0,0,0,0
1,1,510474,22,22,22,22,22,22,22,22,22,22
1,1,510475,0,0,0,0,0,0,0,0,0,0
0,1,510476,0,0,0,0,0,0,0,0,0,0
1,1,510476,0,0,0,0,0,0,0,0,0,0
1,1,510477,14,0,10,18,0,15,24,17,0,16
1,1,510478,0,0,0,0,0,0,0,0,0,0
1,1,510479,5,5,5,5,5,5,5,5,5,5
1,1,510480,28,20,14,18,18,5,6,30,0,28
1,1,510481,18,18,18,18,18,18,18,18,18,18
1,1,510482,0,0,0,0,0,0,0,0,0,0
2,1,510482,0,0,0,0,0,0,0,0,0,0
1,1,510483,14,14,14,14,14,14,14,14,14,14
1,1,510484,3,3,3,3,3,3,3,3,3,3
1,1,510485,0,0,0,0,0,0,0,0,0,0
2,1,510485,0,0,0,0,0,0,0,0,0,0
1,1,510486,24,24,24,24,24,24,24,24,24,24
1,1,510487,0,0,0,0,0,0,0,0,0,0
1,1,510488,7,13,5,15,15,18,15,8,12,19
2,1,510488,0,16,13,7,12,13,12,28,0,10
1,1,510489,0,0,0,0,0,0,0,0,0,0
0,1,510490,0,0,0,0,0,0,0,0,0,29
1,1,510490,0,0,0,0,0,0,0,0,0,0
0,1,510491,17,17,17,17,17,17,17,17,17,17
1,1,510491,0,0,0,0,0,0,0,0,0,0
1,1,510492,0,0,0,0,0,0,0,0,0,0
1,1,510493,0,0,0,0,0,0,0,0,0,0
1,1,510494,3,3,3,3,3,3,3,3,3,3
2,1,510494,0,0,0,0,0,0,0,0,0,0
1,1,510495,30,30,30,30,30,30,30,30,30,30
1,1,510496,0,0,0,0,0,0,0,0,0,0
1,1,510497,33,33,33,33,33,33,33,33,33,33
1,1,510498,0,0,0,0,0,0,0,0,0,0
0,1,510499,0,0,0,0,0,0,0,0,0,0
1,1,510499,0,0,0,0,0,0,0,0,0,0
1,1,510500,5,5,5,5,5,5,5,5,5,5
2,1,510500,0,0,0,0,0,0,0,0,0,0
1,1,510501,18,18,18,18,18,18,18,18,18,18
2,1,510501,0,0,0,0,0,0,0,0,0,0
1,1,510502,1,1,1,1,1,1,1,1,1,1
1,1,510503,21,21,21,21,21,21,21,21,21,21
1,1,510504,0,0,0,0,0,0,0,0,0,0
2,1,510504,0,0,0,0,0,0,6,9,10,0
1,1,510505,0,0,0,0,0,0,0,0,0,0
2,1,510505,0,0,0,0,0,0,0,0,0,0
1,1,510506,0,0,0,0,0,0,0,0,0,0
1,1,510507,18,18,18,18,18,18,18,18,18,18
1,1,510508,16,16,16,16,16,16,16,16,16,16
0,1,510509,0,0,0,0,0,0,0,0,0,0
1,1,510509,0,0,0,0,0,0,0,0,0,0
0,1,510510,8,0,0,16,0,20,0,20,0,24
1,1,510510,0,0,0,0,0,0,0,0,0,11
1,1,510511,0,0,0,0,0,0,0,0,0,0
1,1,510512,0,0,0,0,0,0,0,0,0,0
2,1,510512,0,0,0,0,0,0,0,0,0,0
1,1,510513,0,0,0,0,0,0,0,0,0,0
2,1,510513,11,6,0,0,0,8,0,0,2,4
1,1,510514,0,0,0,0,0,0,0,0,0,0
2,1,510514,0,0,0,0,0,0,0,0,0,0
1,1,510515,0,0,0,0,0,0,0,0,0,0
2,1,510515,0,0,0,0,0,0,0,0,0,0
1,1,510516,0,0,0,0,0,0,0,0,0,0
1,1,510517,0,0,0,0,0,0,0,0,0,0
2,1,510517,0,0,0,0,0,0,0,0,0,0
1,1,510518,14,13,7,12,7,11,28,10,0,9
0,1,510519,16,16,16,16,16,16,16,16,16,16
1,1,510519,0,0,0,0,0,0,5,0,0,0
1,1,510520,0,0,0,0,0,0,0,0,0,0
2,1,510520,0,0,0,0,0,0,0,0,0,0
1,1,510521,0,21,0,0,0,0,0,0,11,0
2,1,510521,0,0,0,0,0,0,0,0,0,0
1,1,510522,0,0,0,0,0,0,0,0,0,0
2,1,510522,0,0,0,0,0,0,0,0,0,0
1,1,510523,14,14,14,14,14,14,14,14,14,14
1,1,510524,17,17,17,17,17,17,17,17,17,17
1,1,510525,0,0,0,0,0,0,0,0,0,0
2,1,510525,0,0,0,0,0,0,0,0,0,0
1,1,510526,0,0,0,0,0,0,0,0,0,0
1,1,510527,0,0,0,0,0,0,0,0,0,0
1,1,510528,0,0,0,0,0,0,0,0,0,0
1,1,510529,0,0,0,0,0,0,0,0,0,0
2,1,510529,0,0,16,0,0,0,12,0,0,0
1,1,510530,0,0,0,0,0,0,0,0,0,0
2,1,510530,0,0,0,0,0,0,0,0,0,0
3,1,510530,0,0,0,0,0,0,0,0,0,0
1,1,510531,0,0,0,0,0,0,0,0,0,0
2,1,510531,0,0,0,0,0,0,0,0,0,0
1,1,510532,0,0,0,0,0,0,0,0,0,0
1,1,510533,0,0,0,0,0,0,0,0,0,0
1,1,510534,0,0,0,0,0,0,0,0,0,0
1,1,510535,1,1,1,1,1,1,1,1,1,1
0,1,510536,0,0,0,0,0,0,0,0,0,0
1,1,510536,0,0,0,0,0,0,0,0,0,0
1,1,510537,0,0,0,0,0,0,0,0,0,0
2,1,510537,0,7,0,0,0,0,0,0,0,0
1,1,510538,0,0,0,0,0,0,0,0,0,0
1,1,510539,0,0,0,0,0,0,0,0,0,0
1,1,510540,19,19,19,19,19,19,19,19,19,19
1,1,510541,26,0,21,0,29,0,20,14,7,12
1,1,510542,0,0,0,0,7,0,0,0,0,0
1,1,510543,18,18,18,18,18,18,18,18,18,18
1,1,510544,17,17,17,17,17,17,17,17,17,17
1,1,510545,0,0,0,0,0,0,0,0,0,0
2,1,510545,0,0,0,0,0,0,0,0,0,0
1,1,510546,0,0,0,0,0,0,0,0,0,0
2,1,510546,0,0,0,0,0,0,0,0,0,0
1,1,510547,22,0,0,10,12,19,30,9,7,0
1,1,510548,0,0,0,0,0,0,0,0,0,0
1,1,510549,0,0,0,0,0,0,0,0,0,0
2,1,510549,0,0,3,0,0,0,0,0,0,0
1,1,510550,0,0,0,0,0,0,0,0,2,0
1,1,510551,0,0,13,0,13,0,0,0,0,0
1,1,510552,0,0,0,0,0,0,0,0,0,0
1,1,510553,19,19,19,19,19,19,19,19,19,19
1,1,510554,0,0,0,0,0,0,0,0,0,0
1,1,510555,0,0,0,0,0,0,0,0,0,0
1,1,510556,17,17,17,17,17,17,17,17,17,17
1,1,510557,8,8,8,8,8,8,8,8,8,8
1,1,510558,8,8,8,8,8,8,8,8,8,8
2,1,510558,0,0,12,0,7,13,9,0,0,0
1,1,510559,0,0,0,0,0,0,0,0,0,0
2,1,510559,0,0,0,0,0,0,0,0,0,0
3,1,510559,0,0,0,0,0,0,0,0,0,0
1,1,510560,0,0,0,0,0,0,0,0,0,0
2,1,510560,0,0,0,0,0,0,0,0,0,0
0,1,510561,0,0,0,0,0,0,0,0,0,0
1,1,510561,0,0,0,0,0,0,0,0,12,0
1,1,510562,15,0,0,9,5,20,0,0,7,11
1,1,510563,7,17,12,22,13,18,25,11,14,4
1,2,510564,24,0,9,16,0,37,27,0,15,0
1,1,510565,5,5,5,5,5,5,5,5,5,5
1,1,510566,0,0,0,0,0,0,0,0,0,0
1,1,510567,0,0,0,7,0,0,0,0,0,0
2,1,510567,0,0,0,0,0,0,0,0,0,0
1,1,510568,0,0,0,0,0,0,0,0,0,0
1,1,510569,0,0,0,0,0,0,0,0,0,0
1,1,510570,0,0,0,0,0,0,0,0,0,0
2,1,510570,0,0,0,0,0,0,0,0,0,0
3,1,510570,0,0,0,0,0,0,0,0,0,0
0,1,510571,0,0,0,0,0,0,0,0,0,0
1,1,510571,7,0,0,0,0,0,8,0,0,0
0,1,510572,21,21,21,21,21,21,21,21,21,21
1,1,510572,0,0,0,0,0,0,0,0,0,0
1,1,510573,0,0,0,0,0,0,0,0,0,0
2,1,510573,0,0,24,0,0,0,0,0,0,18
1,1,510574,0,0,0,0,0,0,0,0,0,0
2,1,510574,0,0,0,0,0,0,0,0,0,0
1,1,510575,0,0,0,0,0,0,0,0,0,0
2,1,510575,0,0,0,0,0,0,0,0,0,0
1,1,510576,0,0,0,0,0,0,0,0,0,0
1,1,510577,0,0,0,0,0,0,0,10,0,0
1,1,510578,19,19,19,19,19,19,19,19,19,19
1,1,510579,0,0,0,0,0,0,0,0,0,0
1,1,510580,0,0,0,0,0,0,0,0,0,0
2,1,510580,0,0,0,0,16,0,0,0,0,0
1,1,510581,0,0,0,0,0,0,0,0,0,0
2,1,510581,0,15,0,0,0,0,0,0,10,0
1,1,510582,0,0,0,0,0,0,0,0,0,0
2,1,510582,0,0,0,0,0,0,0,0,0,0
3,1,510582,0,0,0,0,0,0,0,0,0,0
4,1,510582,0,0,0,0,0,0,0,0,0,0
1,1,510583,21,21,21,21,21,21,21,21,21,21
0,1,510584,0,0,0,0,0,0,0,0,0,0
1,1,510584,0,0,0,0,0,0,0,0,0,0
1,1,510585,0,0,0,0,0,0,0,0,0,0
1,1,510586,0,0,0,0,0,0,0,0,0,0
2,1,510586,0,0,0,0,0,0,0,0,0,0
0,1,510588,12,12,12,12,12,12,12,12,12,12
1,1,510588,13,0,0,0,0,0,11,0,0,0
1,1,510589,0,0,0,0,0,0,0,0,0,0
1,1,510590,0,0,0,0,21,0,12,0,12,0
2,1,510590,0,0,0,0,0,0,0,0,0,0
1,1,510591,0,0,0,0,0,0,0,0,0,0
1,1,510592,2,2,2,2,2,2,2,2,2,2
0,1,510593,0,0,0,0,0,0,0,0,0,0
1,1,510593,0,0,0,0,0,0,0,0,0,0
2,1,510593,0,0,0,0,0,0,0,0,0,0
3,1,510593,0,0,0,0,0,0,0,0,0,0
4,1,510593,0,0,0,0,0,0,16,0,0,0
1,1,510594,0,0,0,0,0,0,0,0,0,0
1,1,510595,0,0,0,0,0,0,0,0,0,0
2,1,510595,0,0,0,0,0,0,0,0,0,0
1,1,510596,0,0,0,0,0,0,0,0,0,0
1,1,510597,0,0,0,0,0,0,0,0,0,10
1,1,510598,0,0,0,0,0,0,0,0,0,0
1,1,510599,0,0,0,0,0,0,0,0,0,0
2,1,510599,0,0,0,0,0,0,0,0,12,0
1,1,510600,0,0,0,0,0,0,0,0,0,0
2,1,510600,0,0,0,0,0,0,0,0,0,0
1,1,510601,0,0,0,0,0,0,0,0,0,0
1,1,510602,0,0,0,0,0,0,0,0,0,0
0,1,510603,0,0,24,0,0,0,0,0,0,0
1,1,510603,0,0,0,8,0,0,0,0,7,0
1,1,510604,0,0,0,0,0,0,0,0,0,0
1,1,510605,0,0,9,8,0,24,6,9,36,10
0,1,510606,3,3,3,3,3,3,3,3,3,3
1,1,510606,11,17,17,23,11,16,19,19,12,8
0,1,510607,0,0,0,15,0,0,0,0,0,0
1,1,510607,0,0,0,0,0,0,0,0,0,0
1,1,510608,0,0,0,0,0,0,0,0,0,0
2,1,510608,7,0,0,7,0,0,0,0,0,0
1,1,510609,0,17,14,14,22,16,12,12,18,22
2,1,510609,0,8,0,27,19,0,12,0,10,0
0,1,510610,0,0,21,0,0,0,0,0,8,0
1,1,510610,0,0,0,0,0,0,0,0,0,0
1,1,510611,9,23,0,3,14,13,24,12,24,14
1,1,510612,32,32,32,32,32,32,32,32,32,32
0,1,510613,13,13,13,13,13,13,13,13,13,13
1,1,510613,0,0,0,0,0,0,0,0,0,0
1,1,510614,0,0,0,0,0,0,0,0,0,0
2,1,510614,0,0,0,0,0,0,0,0,0,0
1,1,510615,0,0,0,0,0,0,0,0,0,0
2,1,510615,0,0,0,0,0,0,0,0,0,0
0,1,510616,0,0,0,0,0,0,0,0,0,0
1,1,510616,0,0,0,0,0,0,0,0,0,0
1,1,510617,0,0,0,0,0,0,0,0,0,0
1,1,510618,10,33,19,18,16,20,0,9,19,10
1,1,510619,0,0,0,0,0,0,0,0,0,0
2,1,510619,0,0,0,0,0,0,0,0,0,0
1,1,510620,0,0,0,0,0,0,0,0,0,0
1,1,510621,0,0,0,0,0,0,0,0,0,0
0,1,510622,0,0,0,0,0,0,0,0,0,11
1,1,510622,0,0,0,0,0,0,0,0,0,4
1,1,510623,0,0,0,0,0,0,0,0,0,0
2,1,510623,0,0,0,6,0,0,0,6,0,0
0,1,510624,0,0,0,0,0,0,0,0,0,0
1,1,510624,0,0,0,0,0,0,0,0,0,0
2,1,510624,0,0,0,0,0,0,0,0,0,0
1,1,510625,0,0,0,0,0,0,0,0,0,0
1,1,510626,30,28,20,14,23,22,10,10,9,23
1,1,510627,21,0,16,14,0,11,10,16,14,0
1,1,510628,0,0,0,0,0,0,0,0,0,0
2,1,510628,0,0,0,0,0,0,0,0,0,0
1,1,510629,0,0,0,0,0,0,0,0,0,0
1,1,510630,0,0,0,0,0,0,0,0,0,0
1,1,510631,12,1,11,0,4,11,17,4,25,13
0,1,510632,18,18,18,18,18,18,18,18,18,18
1,1,510632,0,0,0,0,0,0,0,0,0,0
2,1,510632,27,4,4,20,4,10,6,0,5,0
1,1,510633,0,0,0,0,0,0,0,0,0,0
2,1,510633,0,6,0,0,9,0,0,0,0,0
1,1,510634,0,0,0,0,0,0,0,0,0,0
2,1,510634,0,0,0,0,0,0,0,0,0,0
1,1,510635,0,0,0,0,0,0,0,0,0,0
1,1,510636,0,0,0,0,0,0,0,0,0,0
2,1,510636,0,0,0,0,0,0,0,0,0,0
1,1,510637,0,0,0,0,0,0,0,0,0,6
1,1,510638,8,8,8,8,8,8,8,8,8,8
1,1,510639,0,0,0,0,0,0,0,0,0,0
2,1,510639,0,0,0,0,0,0,0,0,0,0
0,1,510640,0,0,0,0,0,0,0,0,0,0
1,1,510640,0,0,0,0,0,0,0,0,0,0
0,1,510641,0,0,0,0,0,0,0,0,0,0
1,1,510641,0,0,0,18,0,0,0,0,0,0
1,1,510642,0,0,0,0,0,0,0,0,0,0
2,1,510642,0,0,0,0,0,0,0,0,0,0
1,1,510643,0,0,0,0,0,0,0,0,0,0
1,1,510644,0,18,13,18,6,12,19,13,17,5
1,1,510645,21,21,22,25,8,13,9,18,16,18
1,1,510646,0,0,0,0,0,0,0,0,0,0
1,1,510647,0,0,0,0,0,0,0,0,0,0
2,1,510647,0,0,0,0,0,0,0,0,0,0
1,1,510648,0,0,0,0,0,0,0,0,0,0
2,1,510648,0,0,0,0,0,0,0,0,0,0
1,1,510649,16,0,13,0,24,0,22,13,20,25
2,1,510649,0,8,0,0,0,0,0,0,0,0
1,1,510650,20,20,20,20,20,20,20,20,20,20
1,1,510651,0,0,0,0,0,0,0,0,0,0
1,1,510652,17,17,17,17,17,17,17,17,17,17
1,1,510653,18,16,7,9,20,12,0,0,0,24
2,1,510653,0,0,0,0,0,0,0,0,0,0
3,1,510653,0,0,0,0,0,8,0,0,0,0
1,1,510654,0,0,0,0,0,0,0,0,0,0
2,1,510654,0,0,0,0,0,0,0,0,0,0
1,1,510655,22,22,22,13,20,15,8,3,10,9
1,1,510656,0,0,0,0,0,0,0,0,0,0
1,1,510657,0,0,0,0,0,0,0,0,0,0
2,1,510657,0,0,0,0,0,0,0,0,0,0
1,1,510658,0,0,0,0,0,0,0,0,0,0
2,1,510658,0,0,0,0,0,0,0,0,0,0
1,1,510659,11,11,11,11,11,11,11,11,11,11
1,1,510660,0,0,0,0,0,0,0,0,0,0
1,1,510661,18,18,18,18,18,18,18,18,18,18
2,1,510661,0,0,0,0,0,0,0,0,0,7
1,1,510662,5,5,5,5,5,5,5,5,5,5
1,1,510663,0,0,0,0,0,0,0,0,0,0
2,1,510663,0,0,0,0,0,0,0,0,0,0
1,1,510664,0,0,0,0,0,0,0,0,0,0
1,1,510665,0,0,0,0,0,0,0,0,0,0
2,1,510665,0,0,0,0,0,0,0,0,0,16
1,1,510666,0,0,0,0,0,0,0,0,0,0
2,1,510666,0,0,0,0,0,0,0,0,0,0
1,1,510667,0,0,10,0,0,0,0,0,0,0
1,1,510668,0,0,0,0,0,0,0,0,0,13
2,1,510668,21,0,0,0,0,0,0,0,0,0
0,1,510669,0,0,0,0,0,0,0,0,0,0
1,1,510669,0,0,0,0,0,0,0,0,0,0
0,1,510670,23,23,23,23,23,23,23,23,23,23
1,1,510670,14,0,22,0,0,0,0,18,0,0
1,1,510671,0,0,0,0,0,0,0,0,0,0
1,1,510672,0,0,0,0,0,0,0,0,0,0
2,1,510672,0,0,0,0,0,0,0,0,0,0
0,1,510673,0,0,0,0,0,0,0,0,0,0
1,1,510673,0,0,0,0,0,0,0,0,0,0
1,1,510674,0,0,0,0,0,0,0,0,0,0
0,1,510675,0,24,13,13,16,0,15,35,0,0
1,1,510675,0,0,0,0,0,0,0,0,0,0
1,1,510676,0,0,0,0,0,0,0,0,0,0
2,1,510676,0,0,0,0,0,28,0,15,0,0
0,1,510677,25,25,25,25,25,25,25,25,25,25
1,1,510677,0,0,0,0,0,0,0,0,0,6
1,1,510678,0,0,0,0,0,0,0,0,0,0
2,1,510678,0,0,0,0,0,0,0,0,0,0
1,1,510679,29,29,29,29,29,29,29,29,29,29
1,1,510680,0,0,0,0,0,0,0,0,0,0
2,1,510680,0,0,0,0,0,0,0,0,0,0
1,1,510681,0,0,0,0,0,0,0,0,0,0
1,1,510682,0,0,0,0,0,0,0,0,0,0
2,1,510682,0,0,0,0,15,0,0,0,0,0
1,1,510683,17,17,17,17,17,17,17,17,17,17
1,1,510684,15,10,10,18,20,27,17,4,9,5
1,1,510685,0,0,0,0,0,0,0,0,0,0
1,1,510686,0,0,0,0,0,0,0,0,0,14
1,1,510687,4,0,5,0,0,0,0,3,0,0
1,1,510688,0,0,0,0,0,0,0,0,0,0
1,1,510689,24,13,8,33,9,13,0,0,8,0
2,1,510689,0,0,0,5,0,0,0,0,0,0
3,1,510689,14,0,0,0,0,0,0,0,0,0
1,1,510690,0,0,0,0,0,0,19,0,0,0
1,1,510691,0,0,0,0,0,0,0,0,0,0
2,1,510691,0,0,0,0,0,0,0,0,0,0
1,1,510692,0,0,0,0,0,0,0,0,0,0
2,1,510692,0,0,0,0,0,0,0,0,0,0
0,1,510693,0,20,11,22,20,17,24,25,25,13
1,1,510693,0,0,0,0,0,0,0,0,0,0
1,1,510694,0,0,0,0,0,0,0,0,0,0
2,1,510694,0,0,0,0,0,0,0,0,0,0
1,1,510695,0,0,0,0,0,0,0,0,7,0
1,1,510696,0,0,0,0,0,0,0,0,0,0
0,1,510697,0,0,0,0,0,0,0,0,0,0
1,1,510697,0,0,0,0,0,0,0,0,0,0
1,1,510698,15,12,16,0,2,11,10,0,0,0
2,1,510698,0,0,0,0,0,0,0,0,0,0
1,1,510699,0,0,0,0,0,0,0,0,0,0
2,1,510699,0,0,0,0,0,0,0,0,0,0
3,1,510699,0,0,0,0,0,0,0,0,0,0
1,1,510700,0,0,0,9,0,0,0,0,0,5
2,1,510700,0,0,0,0,0,0,0,0,0,0
1,1,510701,5,18,9,10,4,9,10,9,12,0
2,1,510701,0,0,0,0,6,0,0,0,0,0
1,1,510702,0,0,0,0,0,0,0,0,0,0
2,1,510702,0,0,0,0,0,0,0,0,0,0
0,1,510703,0,0,9,0,0,0,0,0,0,0
1,1,510703,6,0,14,0,0,0,0,12,0,21
0,1,530001,22,22,22,22,22,22,22,22,22,22
1,1,530001,12,0,0,0,24,0,0,0,0,4
1,1,530002,0,0,0,0,0,0,0,0,0,0
0,1,530003,4,4,4,4,4,4,4,4,4,4
1,1,530003,0,0,0,0,0,0,0,0,6,0
2,1,530003,12,0,21,9,0,0,0,0,0,0
1,1,530004,0,0,0,0,0,0,0,0,0,0
1,1,530005,15,15,15,15,15,15,15,15,15,15
1,1,530006,0,0,0,0,0,0,0,0,0,0
2,1,530006,0,0,0,0,0,0,0,0,0,0
1,1,530007,0,0,0,0,0,0,0,0,0,0
1,1,530008,16,16,16,16,16,16,16,16,16,16
1,1,530009,4,4,4,4,4,4,4,4,4,4
1,1,530010,0,0,0,0,0,0,0,0,0,0
1,1,530011,20,20,20,20,20,20,20,20,20,20
1,1,530012,28,28,28,28,28,28,28,28,28,28
1,1,530013,20,20,20,20,20,20,20,20,20,20
1,1,530014,0,0,0,0,0,0,0,0,0,0
2,1,530014,0,0,0,0,0,0,0,0,0,0
1,1,530015,0,10,0,0,0,0,0,0,0,0
1,1,530016,23,23,23,23,23,23,23,23,23,23
2,1,530016,0,0,0,0,0,0,0,13,0,0
1,1,530017,0,0,0,0,0,0,0,0,0,0
2,1,530017,0,0,0,0,0,0,0,0,0,0
1,1,530018,0,0,0,0,0,0,0,0,0,0
2,1,530018,0,0,0,0,0,0,0,0,0,0
1,1,530019,16,16,16,16,16,16,16,16,16,16
2,1,530019,0,0,0,0,0,0,0,0,0,0
1,1,530020,14,14,14,14,14,14,14,14,14,14
1,1,530021,12,12,12,12,12,12,12,12,12,12
1,1,530022,0,0,0,0,0,0,0,0,0,0
1,1,530023,0,0,0,0,0,0,0,0,0,0
1,1,530024,16,16,16,16,16,16,16,16,16,16
2,1,530024,0,0,0,0,0,0,0,0,0,0
0,1,530025,37,37,37,37,37,37,37,37,37,37
1,1,530025,0,0,0,0,0,0,0,0,0,0
1,1,530026,0,0,0,0,0,0,0,0,0,0
1,1,530027,0,0,0,0,0,0,0,0,0,0
2,1,530027,0,0,0,0,0,0,0,0,0,0
1,1,530028,0,0,0,0,0,0,0,0,0,0
1,1,530029,9,9,9,9,9,9,9,9,9,9
2,1,530029,0,0,0,0,0,0,0,0,0,0
1,1,530030,30,30,30,30,30,30,30,30,30,30
0,1,530031,3,3,3,3,3,3,3,3,3,3
1,1,530031,0,0,0,0,0,0,0,0,0,0
1,1,530032,0,0,0,0,0,0,0,0,0,0
1,1,530033,14,14,14,14,14,14,14,14,14,14
1,1,530034,0,0,0,0,0,0,0,0,0,0
2,1,530034,0,0,0,0,0,0,0,0,0,0
1,1,530035,0,0,0,0,0,0,0,0,0,0
1,1,530036,23,23,23,23,23,23,23,23,23,23
2,1,530036,0,0,0,0,0,0,0,0,0,0
0,1,530037,24,24,24,24,24,24,24,24,24,24
1,1,530037,0,0,0,0,0,0,0,0,0,0
1,1,530038,16,16,16,16,16,16,16,16,16,16
1,1,530039,8,8,8,8,8,8,8,8,8,8
1,1,530040,30,30,30,30,30,30,30,30,30,30
0,1,530041,0,0,0,0,0,0,0,0,0,0
1,1,530041,0,0,0,0,0,0,0,0,0,0
0,1,530042,23,23,23,23,23,23,23,23,23,23
1,1,530042,0,0,0,0,0,0,0,0,0,0
2,1,530042,0,0,0,0,0,0,0,0,0,0
1,1,530043,0,0,0,0,0,0,0,0,0,0
2,1,530043,0,0,0,0,0,0,0,0,0,0
3,1,530043,0,0,0,0,0,0,0,0,0,0
1,1,530044,22,22,22,22,22,22,22,22,22,22
1,1,530045,32,13,5,19,10,21,11,19,23,15
1,1,530046,21,21,21,21,21,21,21,21,21,21
1,1,530047,13,13,13,13,13,13,13,13,13,13
0,1,530048,32,32,32,32,32,32,32,32,32,32
1,1,530048,0,0,0,0,0,0,0,0,0,0
0,1,530049,0,0,0,0,0,0,0,0,0,0
1,1,530049,0,0,0,0,0,0,0,0,0,0
0,1,530050,0,0,0,0,0,0,0,0,0,0
1,1,530050,0,0,0,0,0,0,0,0,0,0
1,1,530051,8,8,8,8,8,8,8,8,8,8
1,1,530052,27,27,27,27,27,27,27,27,27,27
1,1,530053,31,31,31,31,31,31,31,31,31,31
2,1,530053,0,0,0,0,0,0,0,0,0,0
1,1,530054,0,0,0,0,0,0,0,0,0,0
2,1,530054,0,0,0,0,0,0,0,0,0,0
1,1,530055,10,10,10,10,10,10,10,10,10,10
1,1,530056,29,29,29,29,29,29,29,29,29,29
1,1,530057,22,22,22,22,22,22,22,22,22,22
1,1,530058,0,0,0,0,0,0,0,0,0,0
2,1,530058,0,0,0,0,0,0,0,0,0,0
1,1,530059,0,0,0,0,0,0,0,0,0,0
2,1,530059,0,0,0,0,0,0,0,0,0,0
1,1,530060,7,7,7,7,7,7,7,7,7,7
2,1,530060,13,13,0,7,6,13,11,21,6,3
1,1,530061,28,28,28,28,28,28,28,28,28,28
2,1,530061,0,0,0,0,0,0,0,0,0,0