VEH_NO,PER_NO,ST_CASE,P1,P2,P3,P4,P5,P6,P7,P8,P9,P10
2,1,550278,15,15,15,15,15,15,15,15,15,15
3,1,550278,0,0,0,0,0,0,0,0,0,0
4,1,550278,0,0,0,0,0,0,0,0,0,0
0,1,550279,22,22,22,22,22,22,22,22,22,22
1,1,550279,10,10,10,10,10,10,10,10,10,10
1,1,550280,0,10,0,0,0,0,7,0,0,0
2,1,550280,0,0,0,0,0,0,0,0,0,0
1,1,550281,0,0,0,0,0,0,0,0,0,0
2,1,550281,0,0,0,0,0,0,0,0,0,0
1,1,550282,0,0,0,0,0,0,0,0,0,0
0,1,550283,0,0,0,0,0,0,0,0,0,0
1,1,550283,0,0,0,0,0,0,0,0,0,0
1,1,550284,0,0,0,0,0,0,0,0,0,0
2,1,550284,0,0,0,0,0,0,0,0,0,0
1,1,550285,0,0,0,0,0,0,0,0,0,0
2,1,550285,0,0,0,0,0,0,0,0,0,0
1,1,550286,30,30,30,30,30,30,30,30,30,30
1,1,550287,15,15,15,15,15,15,15,15,15,15
1,1,550288,0,0,0,0,0,0,0,0,0,0
1,1,550289,11,9,0,0,0,0,15,0,0,0
1,1,550290,4,4,4,4,4,4,4,4,4,4
1,1,550291,0,0,0,0,0,0,0,0,0,0
1,1,550292,0,0,0,0,0,0,0,0,0,0
1,1,550293,24,24,24,24,24,24,24,24,24,24
1,1,550294,0,0,0,0,0,0,20,0,0,0
1,1,550295,0,0,0,0,0,0,0,0,0,0
1,1,550296,15,15,15,15,15,15,15,15,15,15
1,1,550297,0,0,0,0,0,0,0,0,0,0
2,1,550297,0,0,0,0,0,0,0,0,0,0
3,1,550297,0,0,0,0,0,0,0,0,0,0
1,1,550298,0,4,0,0,0,0,0,0,0,0
2,1,550298,0,0,0,0,0,0,0,0,0,0
1,1,550299,0,0,0,0,0,0,0,0,0,0
2,1,550299,0,0,0,0,0,0,0,0,0,0
1,1,550300,20,20,20,20,20,20,20,20,20,20
0,1,550301,13,13,13,13,13,13,13,13,13,13
1,1,550301,4,4,4,4,4,4,4,4,4,4
1,1,550302,0,0,0,0,0,0,0,0,0,0
2,1,550302,0,0,0,0,0,0,0,0,0,0
1,1,550303,24,24,24,24,24,24,24,24,24,24
2,1,550303,0,0,0,0,0,0,0,0,0,0
0,1,550304,22,22,22,22,22,22,22,22,22,22
1,1,550304,23,23,23,23,23,23,23,23,23,23
2,1,550304,0,0,0,0,0,0,0,0,0,0
1,1,550305,0,0,0,0,0,0,0,13,0,0
2,1,550305,0,0,0,0,0,0,0,0,0,0
1,1,550306,0,0,0,0,0,0,0,0,0,0
2,1,550306,0,0,0,0,0,0,0,0,0,0
1,1,550307,30,30,30,30,30,30,30,30,30,30
1,1,550308,0,0,0,0,0,0,0,0,0,0
2,1,550308,0,0,0,0,0,0,0,0,0,0
1,1,550309,0,0,0,0,0,0,0,0,0,0
2,1,550309,0,0,0,0,0,0,0,0,0,0
1,1,550310,0,14,0,0,0,5,0,0,0,0
1,1,550311,0,0,0,0,0,0,0,0,0,0
2,1,550311,0,0,0,0,0,0,0,0,0,0
1,1,550312,0,0,0,0,0,0,0,0,0,0
0,1,550313,0,0,14,0,25,5,0,0,0,0
1,1,550313,2,2,2,2,2,2,2,2,2,2
1,1,550314,20,20,20,20,20,20,20,20,20,20
2,1,550314,0,0,0,0,0,0,0,0,0,0
1,1,550315,22,22,22,22,22,22,22,22,22,22
2,1,550315,4,16,6,2,17,0,3,0,7,0
1,1,550316,0,0,0,0,0,0,0,0,0,0
2,1,550316,0,0,0,0,0,0,0,0,0,0
0,1,550317,12,12,12,12,12,12,12,12,12,12
1,1,550317,18,18,18,18,18,18,18,18,18,18
1,1,550318,0,0,0,0,0,0,0,0,0,0
2,1,550318,0,0,0,19,0,0,0,0,0,0
1,1,550319,0,0,12,0,0,0,0,0,0,0
2,1,550319,0,0,0,0,0,0,0,0,0,0
1,1,550320,0,0,0,0,0,0,0,0,0,0
2,1,550320,0,0,0,0,0,0,0,0,0,0
1,1,550321,0,0,0,0,0,0,0,0,0,0
2,1,550321,0,0,0,0,0,0,0,0,0,0
1,1,550322,0,0,0,0,0,0,0,0,0,0
2,1,550322,0,0,3,0,0,0,0,0,0,0
0,1,550323,0,0,0,0,0,0,0,0,0,0
1,1,550323,0,0,0,0,0,0,0,0,0,0
2,1,550323,0,0,0,0,0,0,0,0,0,0
1,1,550324,0,0,0,0,0,0,0,0,0,0
2,1,550324,0,0,0,0,0,0,0,0,0,0
1,1,550325,0,0,0,0,0,0,0,0,0,0
1,1,550327,19,19,19,19,19,19,19,19,19,19
1,1,550328,0,0,0,0,0,0,0,0,0,0
2,1,550328,17,17,17,17,17,17,17,17,17,17
1,1,550329,31,31,31,31,31,31,31,31,31,31
1,1,550330,0,0,0,0,0,0,0,0,0,0
2,1,550330,0,0,0,0,0,0,0,0,5,0
1,1,550331,0,0,0,0,0,0,0,0,0,0
0,1,550332,21,21,21,21,21,21,21,21,21,21
0,2,550332,19,19,19,19,19,19,19,19,19,19
1,1,550332,0,0,0,0,6,0,0,0,0,0
1,1,550333,18,18,18,18,18,18,18,18,18,18
1,1,550334,24,24,24,24,24,24,24,24,24,24
2,1,550334,0,0,0,0,0,4,20,6,0,0
1,1,550335,0,0,0,0,0,0,0,0,0,0
2,1,550335,0,0,0,0,0,0,0,0,0,0
1,1,550336,0,0,0,0,0,0,0,0,0,0
2,1,550336,0,0,0,0,0,0,0,0,0,0
1,1,550337,9,9,9,9,9,9,9,9,9,9
1,1,550338,0,0,0,0,0,0,0,0,0,0
1,1,550339,0,0,0,0,0,0,0,0,0,0
2,1,550339,3,3,3,3,3,3,3,3,3,3
1,1,550340,0,0,0,0,0,0,0,0,0,0
2,1,550340,0,0,0,0,0,0,0,0,13,0
1,1,550341,24,24,24,24,24,24,24,24,24,24
1,1,550342,26,26,26,26,26,26,26,26,26,26
1,1,550343,23,23,23,23,23,23,23,23,23,23
1,1,550344,0,0,0,0,0,0,0,0,0,0
1,1,550345,20,20,20,20,20,20,20,20,20,20
1,1,550346,18,18,18,18,18,18,18,18,18,18
1,1,550347,5,5,5,5,5,5,5,5,5,5
2,1,550347,0,0,0,0,0,0,0,0,0,0
1,1,550348,0,0,0,0,0,0,0,0,0,0
2,1,550348,0,0,0,0,0,0,0,0,0,0
1,1,550349,17,17,17,17,17,17,17,17,17,17
2,1,550349,0,0,0,0,0,0,0,0,0,0
1,1,550350,0,0,0,0,0,0,0,0,0,0
1,1,550351,22,22,22,22,22,22,22,22,22,22
1,1,550352,7,7,7,7,7,7,7,7,7,7
1,1,550353,0,0,0,0,0,0,0,0,0,0
1,1,550354,28,28,28,28,28,28,28,28,28,28
1,1,550355,0,0,0,0,0,0,0,0,0,0
2,1,550355,0,0,0,0,0,0,0,0,0,0
1,1,550356,13,13,13,13,13,13,13,13,13,13
2,1,550356,0,0,0,0,0,0,0,0,0,0
1,1,550357,0,0,13,12,0,14,9,0,10,17
1,1,550358,0,0,0,0,0,0,0,0,0,0
2,1,550358,0,0,0,0,0,0,0,0,0,0
1,1,550359,0,0,0,0,0,0,0,0,0,0
2,1,550359,0,0,0,0,0,0,0,0,0,0
0,1,550360,0,0,0,0,0,0,0,0,0,0
1,1,550360,0,0,0,0,0,0,0,0,0,0
1,1,550361,0,0,0,0,0,0,0,0,12,21
1,1,550362,0,0,0,0,0,0,0,0,0,0
2,1,550362,0,0,0,0,0,0,0,0,0,0
1,1,550363,18,18,18,18,18,18,18,18,18,18
2,1,550363,3,3,3,3,3,3,3,3,3,3
0,1,550364,13,13,13,13,13,13,13,13,13,13
1,1,550364,0,30,0,0,12,0,0,17,0,0
0,1,550365,0,0,0,0,0,0,0,0,0,0
1,1,550365,0,0,0,0,0,0,0,0,8,0
1,1,550366,0,0,0,0,0,0,0,0,0,0
1,1,550367,0,0,0,0,0,0,0,0,0,0
2,1,550367,0,0,0,0,0,0,0,0,0,0
1,1,550368,13,13,13,13,13,13,13,13,13,13
1,1,550369,11,11,11,11,11,11,11,11,11,11
2,1,550369,18,18,18,18,18,18,18,18,18,18
1,1,550370,23,23,23,23,23,23,23,23,23,23
2,1,550370,0,0,0,0,0,0,0,0,0,0
1,1,550371,0,0,0,0,0,0,0,0,0,0
1,1,550372,4,4,4,4,4,4,4,4,4,4
0,1,550373,0,0,0,0,0,0,0,0,0,0
1,1,550373,0,0,0,0,0,0,0,0,0,0
0,1,550374,0,0,0,0,0,0,0,0,0,0
1,1,550374,26,9,21,6,15,17,12,23,0,24
1,1,550375,0,10,0,0,0,0,0,0,0,0
1,1,550376,5,0,0,0,0,0,0,0,0,0
2,1,550376,0,0,0,0,0,0,0,0,0,0
1,1,550377,19,0,0,22,17,21,0,0,11,0
1,1,550378,0,0,0,0,0,0,0,0,0,0
2,1,550378,0,0,0,0,0,0,0,0,0,0
1,1,550379,22,22,22,22,22,22,22,22,22,22
1,1,550380,10,10,10,10,10,10,10,10,10,10
1,1,550381,12,12,12,12,12,12,12,12,12,12
1,1,550382,0,0,0,0,0,0,0,0,0,0
2,1,550382,0,0,0,0,0,0,0,0,0,0
1,1,550383,0,0,0,0,0,0,0,0,0,0
2,1,550383,0,0,0,0,0,0,0,0,0,0
1,1,550384,20,20,20,20,20,20,20,20,20,20
1,1,550385,0,0,0,0,0,0,0,0,0,0
1,1,550386,0,0,0,0,0,0,0,0,0,0
2,1,550386,0,0,0,0,0,0,0,0,0,0
1,1,550387,0,0,0,0,0,0,0,0,0,0
2,1,550387,0,0,0,0,0,0,0,0,0,0
1,1,550388,0,0,0,0,0,0,0,0,0,0
2,1,550388,0,0,0,0,0,0,0,0,0,0
1,1,550389,0,0,0,0,0,0,0,0,0,0
1,1,550390,24,24,24,24,24,24,24,24,24,24
1,1,550391,0,0,0,0,0,0,0,0,0,0
1,1,550392,0,0,0,0,0,0,0,0,0,0
1,1,550393,10,10,10,10,10,10,10,10,10,10
0,1,550394,20,20,20,20,20,20,20,20,20,20
1,1,550394,0,0,0,0,6,0,0,0,0,0
1,1,550395,0,0,0,0,0,0,0,0,0,0
1,1,550396,0,0,0,0,0,0,0,0,0,0
2,1,550396,0,0,0,0,0,0,0,0,0,0
3,1,550396,0,0,0,0,0,0,0,0,0,0
1,1,550397,0,0,0,0,0,0,0,0,0,0
2,1,550397,0,0,0,0,0,0,0,0,0,0
1,1,550398,7,7,7,7,7,7,7,7,7,7
1,1,550399,19,19,19,19,19,19,19,19,19,19
0,1,550400,0,0,0,0,0,0,0,0,0,0
1,1,550400,0,0,0,0,0,0,0,0,0,0
1,1,550401,0,0,0,0,0,0,0,0,0,0
1,1,550402,21,21,21,21,21,21,21,21,21,21
1,1,550403,0,0,0,0,0,0,0,0,0,0
2,1,550403,0,0,0,0,0,0,0,0,0,0
1,1,550404,0,0,0,0,0,0,0,0,0,0
2,1,550404,0,0,0,0,0,0,0,0,0,0
1,1,550405,2,2,2,2,2,2,2,2,2,2
1,1,550406,24,24,24,24,24,24,24,24,24,24
1,1,550407,0,0,0,0,0,0,0,0,0,0
1,1,550408,18,18,18,18,18,18,18,18,18,18
1,1,550409,0,0,0,0,0,0,0,0,0,0
2,1,550409,7,0,0,0,0,0,0,0,0,0
1,1,550410,0,0,0,0,0,0,0,0,0,0
1,1,550411,0,0,0,0,0,0,0,0,0,0
2,1,550411,0,0,0,0,0,0,0,0,0,0
1,1,550412,0,0,0,0,0,0,0,0,0,0
2,1,550412,0,0,0,0,0,0,0,0,0,0
0,1,550413,13,13,13,13,13,13,13,13,13,13
1,1,550413,0,0,0,0,7,0,0,0,0,0
1,1,550414,0,0,0,0,0,0,0,0,0,0
2,1,550414,0,0,0,0,0,22,0,0,0,0
3,1,550414,0,17,0,0,0,0,21,0,0,0
4,1,550414,0,0,0,0,0,0,0,0,0,0
1,1,550415,0,0,0,0,0,0,0,0,0,0
2,1,550415,0,0,0,0,0,0,0,0,0,0
0,1,550416,0,0,0,0,0,0,0,0,0,0
1,1,550416,0,0,0,0,0,0,0,0,0,0
1,1,550417,14,14,14,14,14,14,14,14,14,14
1,1,550418,13,13,13,13,13,13,13,13,13,13
1,1,550419,0,0,0,0,0,2,0,0,0,0
2,1,550419,0,0,0,0,0,0,0,0,0,0
1,1,550420,0,0,0,0,0,0,0,0,0,0
2,1,550420,7,7,7,7,7,7,7,7,7,7
1,1,550421,0,0,0,0,0,0,0,0,0,0
1,1,550422,0,0,0,0,0,0,0,0,0,0
1,1,550423,0,0,0,0,0,0,0,0,0,0
2,1,550423,0,0,0,0,7,0,0,0,17,0
0,1,550424,0,0,0,0,0,0,0,0,0,0
1,1,550424,3,3,3,3,3,3,3,3,3,3
1,1,550425,19,19,19,19,19,19,19,19,19,19
1,1,550426,3,3,3,3,3,3,3,3,3,3
1,1,550427,0,17,26,0,14,9,0,15,24,14
1,1,550428,12,12,12,12,12,12,12,12,12,12
1,1,550429,24,24,24,24,24,24,24,24,24,24
0,1,550430,0,0,0,0,0,0,0,0,0,0
1,1,550430,0,0,0,0,0,0,0,0,0,0
1,1,550431,0,0,0,0,0,0,0,0,0,0
2,1,550431,0,0,0,0,0,0,0,0,0,9
1,1,550432,0,0,0,0,0,0,0,0,0,0
1,1,550433,0,0,0,0,0,0,0,0,0,0
2,1,550433,0,0,0,0,0,0,0,12,8,0
1,1,550434,0,0,0,0,0,0,0,0,0,0
1,1,550435,14,14,14,14,14,14,14,14,14,14
1,1,550436,8,0,0,0,0,0,0,0,0,0
1,1,550437,13,27,20,24,29,12,11,27,22,16
1,1,550438,24,24,24,24,24,24,24,24,24,24
1,1,550439,22,22,22,22,22,22,22,22,22,22
1,1,550440,33,33,33,33,33,33,33,33,33,33
1,1,550441,18,18,18,18,18,18,18,18,18,18
1,1,550442,0,0,0,0,0,0,0,0,0,0
1,1,550443,0,0,0,0,0,0,0,0,0,0
2,1,550443,0,0,6,0,0,0,0,0,0,0
1,1,550444,23,23,23,23,23,23,23,23,23,23
1,1,550445,0,0,0,0,0,0,0,0,0,0
2,1,550445,3,3,3,3,3,3,3,3,3,3
3,1,550445,0,0,0,0,0,0,0,0,0,0
1,1,550446,0,0,0,0,0,0,0,0,0,0
2,1,550446,0,0,0,0,0,0,0,0,0,0
1,1,550447,22,22,22,22,22,22,22,22,22,22
2,1,550447,0,0,0,0,0,0,0,0,0,0
1,1,550448,0,0,0,0,0,0,0,0,0,0
2,1,550448,0,0,0,0,0,0,0,0,0,0
1,1,550449,0,0,0,0,0,0,0,0,0,0
2,1,550449,0,13,0,0,0,0,0,18,0,0
1,1,550450,0,0,0,0,0,0,0,0,0,0
2,1,550450,0,0,0,0,4,0,0,0,0,0
1,1,550451,0,0,0,0,0,0,0,0,0,0
2,1,550451,0,0,0,0,0,0,0,0,0,0
1,1,550452,0,0,0,0,0,0,0,0,0,0
1,1,550453,34,34,34,34,34,34,34,34,34,34
1,1,550454,19,19,19,19,19,19,19,19,19,19
2,1,550454,0,0,0,0,0,0,0,0,0,0
3,1,550454,0,0,0,0,0,0,0,0,0,0
1,1,550455,0,0,0,0,0,0,0,0,0,0
2,1,550455,0,0,0,0,0,0,0,0,0,0
1,1,550456,0,0,0,0,0,0,0,0,0,0
1,1,550457,15,15,15,15,15,15,15,15,15,15
2,1,550457,0,0,0,0,0,0,0,0,0,0
1,1,550458,0,0,0,0,0,0,0,0,0,0
1,1,550459,0,0,0,0,0,0,0,0,0,0
2,1,550459,0,0,0,0,0,0,0,0,0,0
1,1,550460,5,5,5,5,5,5,5,5,5,5
1,1,550461,0,0,0,0,0,0,0,0,0,0
2,1,550461,18,18,18,18,18,18,18,18,18,18
1,1,550462,21,11,20,0,0,18,11,0,0,0
1,1,550463,24,24,24,24,24,24,24,24,24,24
1,1,550464,0,0,0,0,0,0,0,0,0,0
2,1,550464,0,0,0,0,0,0,0,0,0,0
0,1,550465,0,0,0,0,0,0,0,0,0,0
1,1,550465,0,0,0,0,0,0,0,0,0,0
1,1,550466,0,0,0,0,0,0,0,0,0,0
2,1,550466,0,0,0,0,0,0,0,0,0,0
1,1,550467,29,29,29,29,29,29,29,29,29,29
2,1,550467,0,0,0,0,0,0,0,0,0,0
1,1,550468,0,0,17,0,0,0,0,0,0,0
2,1,550468,0,0,0,0,0,0,0,0,0,0
1,1,550469,0,0,0,0,0,0,0,0,0,0
1,1,550470,19,19,19,19,19,19,19,19,19,19
1,1,550471,0,0,0,0,0,0,0,0,0,0
2,1,550471,0,0,0,0,0,0,0,0,0,0
1,1,550472,0,0,0,0,0,0,0,0,0,0
0,1,550473,0,0,0,0,0,0,0,0,0,0
1,1,550473,0,0,0,0,0,0,0,0,0,0
1,1,550474,24,24,24,24,24,24,24,24,24,24
2,1,550474,0,0,0,0,0,0,0,0,0,0
1,1,550475,20,20,20,20,20,20,20,20,20,20
1,1,550476,0,0,0,0,0,0,0,0,0,0
1,1,550477,0,0,0,0,0,0,0,0,0,0
1,1,550478,0,0,0,0,0,0,0,0,0,0
1,1,550479,0,0,0,0,0,0,0,0,0,0
0,1,550480,31,31,31,31,31,31,31,31,31,31
1,1,550480,0,0,0,0,0,0,0,0,0,0
1,1,550481,0,0,0,0,0,0,0,0,0,0
1,1,550482,0,0,0,0,0,0,0,0,0,0
1,1,550483,0,0,0,0,0,0,0,0,0,0
2,1,550483,0,0,0,0,0,0,0,0,0,0
1,1,550484,11,11,11,11,11,11,11,11,11,11
1,1,550485,0,0,0,0,0,0,0,0,0,0
1,1,550486,30,30,30,30,30,30,30,30,30,30
1,1,550487,0,0,0,0,0,0,0,0,0,0
1,1,550488,0,0,0,0,0,0,0,0,0,0
2,1,550488,0,0,0,0,0,0,0,0,0,0
1,1,550489,0,0,0,0,0,0,0,0,0,0
2,1,550489,0,0,0,0,0,0,0,0,0,0
1,1,550490,26,26,26,26,26,26,26,26,26,26
2,1,550490,0,0,0,0,0,0,0,0,0,0
0,1,550491,0,0,0,0,0,0,0,0,0,0
1,1,550491,0,0,0,0,0,0,0,0,0,0
1,1,550492,0,0,0,0,0,0,0,0,0,0
2,1,550492,0,0,0,0,0,0,0,0,0,0
1,1,550493,0,0,0,0,0,0,0,0,0,0
2,1,550493,0,0,0,0,0,0,0,0,0,0
1,1,550494,0,0,0,0,0,0,0,0,0,0
1,1,550495,0,0,0,0,0,0,0,0,0,0
1,1,550496,5,11,0,0,9,24,0,0,0,0
2,1,550496,0,0,0,0,0,0,0,0,0,0
1,1,550497,0,0,0,0,0,0,0,0,0,0
2,1,550497,15,0,5,0,0,0,0,0,0,0
1,1,550498,0,0,0,0,0,0,0,0,0,0
2,1,550498,0,0,0,0,0,0,0,0,0,0
1,1,550499,0,0,0,0,0,0,0,0,0,0
2,1,550499,0,0,0,0,0,0,0,0,0,0
1,1,550500,0,0,0,0,0,0,0,0,0,0
2,1,550500,0,0,0,0,0,0,0,0,0,0
1,1,550501,26,26,26,26,26,26,26,26,26,26
1,1,550502,0,0,0,0,0,0,0,0,0,0
1,1,550503,0,0,0,0,0,0,11,8,0,0
1,1,550504,6,6,6,6,6,6,6,6,6,6
1,1,550505,21,21,21,21,21,21,21,21,21,21
1,1,550506,11,11,11,11,11,11,11,11,11,11
1,1,560001,19,19,19,19,19,19,19,19,19,19
1,1,560002,0,0,0,0,0,0,0,0,0,0
1,1,560003,13,13,13,13,13,13,13,13,13,13
1,1,560004,39,39,39,39,39,39,39,39,39,39
2,1,560004,0,0,0,0,0,0,0,0,0,0
1,1,560005,0,0,0,0,0,0,0,0,0,0
1,1,560006,28,28,28,28,28,28,28,28,28,28
0,1,560007,0,0,0,0,0,0,0,0,0,0
1,1,560007,0,0,0,0,0,0,0,0,0,0
1,1,560008,0,0,0,0,0,0,0,0,0,0
2,1,560008,0,0,0,0,0,0,0,0,0,0
0,1,560009,0,0,0,0,0,0,0,0,0,0
1,1,560009,0,0,0,0,0,0,0,0,0,0
1,1,560010,0,0,0,0,0,0,0,0,0,0
2,1,560010,0,0,0,0,0,0,0,0,0,0
1,1,560011,0,0,0,0,7,0,0,0,0,18
1,1,560012,0,0,0,0,0,0,0,0,0,0
2,1,560012,0,0,0,0,0,0,0,0,0,0
1,1,560013,0,16,10,0,7,0,0,0,0,5
1,1,560014,0,0,0,0,21,0,0,0,0,0
1,1,560015,0,0,0,0,0,0,0,0,0,0
2,1,560015,21,21,21,21,21,21,21,21,21,21
1,1,560016,20,20,20,20,20,20,20,20,20,20
1,1,560017,0,0,0,0,0,0,0,0,0,0
2,1,560017,0,0,0,0,0,0,0,0,0,0
1,1,560018,0,0,0,0,0,0,0,0,0,0
1,1,560019,0,0,0,0,0,0,0,0,0,0
1,1,560020,0,0,0,0,0,0,0,0,0,0
2,1,560020,0,0,0,0,0,0,0,0,0,0
1,1,560021,16,16,16,16,16,16,16,16,16,16
1,1,560022,0,0,0,0,0,0,0,0,0,0
1,1,560023,9,9,9,9,9,9,9,9,9,9
1,1,560024,0,0,0,0,0,0,0,0,0,0
1,1,560025,0,0,0,0,0,0,0,0,0,0
1,1,560026,24,24,24,24,24,24,24,24,24,24
1,1,560027,0,0,0,0,0,0,0,0,0,0
1,1,560028,0,0,0,0,0,0,0,0,0,0
0,1,560029,16,16,16,16,16,16,16,16,16,16
1,1,560029,0,0,0,0,0,0,0,0,0,0
1,1,560030,28,28,28,28,28,28,28,28,28,28
1,1,560031,0,0,0,0,0,0,0,0,0,11
1,1,560032,9,9,9,9,9,9,9,9,9,9
1,1,560033,0,0,0,0,0,0,0,0,0,0
2,1,560033,0,0,0,0,0,0,0,0,0,0
1,1,560034,39,39,39,39,39,39,39,39,39,39
1,1,560035,0,0,0,0,0,0,0,0,0,0
2,1,560035,1,1,1,1,1,1,1,1,1,1
1,1,560036,15,15,15,15,15,15,15,15,15,15
1,1,560037,0,0,0,0,0,0,0,0,0,9
1,1,560038,9,9,9,9,9,9,9,9,9,9
1,1,560039,29,29,29,29,29,29,29,29,29,29
1,1,560040,0,0,0,0,0,8,0,16,0,0
2,1,560040,0,0,0,0,0,0,0,0,0,0
1,1,560041,37,37,37,37,37,37,37,37,37,37
1,1,560042,7,7,7,7,7,7,7,7,7,7
0,1,560043,0,0,0,0,0,0,0,0,0,0
1,1,560043,0,0,0,0,0,0,0,0,0,0
1,1,560044,15,15,15,15,15,15,15,15,15,15
1,1,560045,19,19,19,19,19,19,19,19,19,19
1,1,560046,0,0,0,0,0,0,0,0,0,0
1,1,560047,18,18,18,18,18,18,18,18,18,18
1,1,560048,0,0,0,0,0,0,0,0,0,0
2,1,560048,0,0,0,0,0,0,0,0,0,0
1,1,560049,22,22,22,22,22,22,22,22,22,22
1,1,560050,0,0,0,0,0,0,0,0,6,0
1,1,560051,17,17,17,17,17,17,17,17,17,17
1,1,560052,0,0,0,0,0,0,0,0,0,0
2,1,560052,11,11,11,11,11,11,11,11,11,11
1,1,560053,17,17,17,17,17,17,17,17,17,17
1,1,560054,0,0,0,0,0,0,0,0,0,0
2,1,560054,0,0,0,0,0,0,0,0,0,0
1,1,560055,39,16,0,0,0,0,0,0,0,0
2,1,560055,0,0,0,0,0,0,0,0,0,0
1,1,560056,0,0,0,0,0,0,0,0,5,0
1,1,560057,2,0,0,0,0,3,0,0,0,0
2,1,560057,0,0,0,0,0,0,0,0,0,0
3,1,560057,3,3,3,3,3,3,3,3,3,3
1,1,560058,22,0,0,0,0,0,0,0,0,0
1,1,560059,0,0,0,0,0,0,0,0,0,0
1,1,560060,0,0,0,0,0,0,0,0,0,0
2,1,560060,0,0,0,0,0,0,0,0,0,0
1,1,560061,15,15,15,15,15,15,15,15,15,15
1,1,560062,0,0,0,0,0,0,0,0,0,0
2,1,560062,0,0,0,0,0,0,0,0,0,0
1,1,560063,21,21,21,21,21,21,21,21,21,21
1,1,560064,31,31,31,31,31,31,31,31,31,31
1,1,560065,0,0,0,0,0,0,0,0,0,0
2,1,560065,0,0,0,0,0,0,0,0,0,0
1,1,560066,12,12,12,12,12,12,12,12,12,12
1,1,560067,0,0,0,0,0,0,0,0,0,0
1,1,560068,0,0,0,0,0,0,0,0,0,0
1,1,560069,0,0,0,5,0,13,0,0,13,0
1,1,560070,0,0,0,0,11,0,0,0,0,0
2,1,560070,0,0,0,0,0,0,0,0,0,0
3,1,560070,0,16,0,0,0,0,0,0,0,0
1,1,560071,0,0,0,0,0,0,0,0,0,0
1,1,560072,0,0,0,0,0,0,0,0,0,0
2,1,560072,0,0,0,0,0,0,8,0,0,0
1,1,560073,0,0,0,0,0,0,0,0,6,0
1,1,560074,0,0,0,0,0,0,0,0,0,0
1,1,560075,20,20,20,20,20,20,20,20,20,20
1,1,560076,0,0,0,0,0,0,0,0,0,0
2,1,560076,0,0,0,4,0,0,0,0,0,0
1,1,560077,0,0,0,0,14,0,0,0,12,0
1,1,560078,29,29,29,29,29,29,29,29,29,29
1,1,560079,0,0,0,0,0,0,0,0,0,0
1,1,560080,0,0,0,0,0,0,0,0,0,0
1,1,560081,18,18,18,18,18,18,18,18,18,18
1,1,560082,18,18,18,18,18,18,18,18,18,18
1,1,560083,24,24,24,24,24,24,24,24,24,24
1,1,560084,7,10,24,3,2,14,17,15,10,18
1,1,560085,17,17,17,17,17,17,17,17,17,17
1,1,560086,5,5,5,5,5,5,5,5,5,5
1,1,560087,0,0,0,0,0,0,0,0,0,0
2,1,560087,0,0,0,0,0,0,0,0,0,0
1,1,560088,0,0,0,0,0,0,0,0,0,0
1,1,560089,0,0,0,0,0,0,0,0,0,0
1,1,560090,0,0,0,0,0,0,0,0,0,0
1,1,560091,0,0,0,0,0,0,0,0,0,0
1,1,560092,0,0,0,0,0,0,0,0,0,0
1,1,560093,0,0,0,0,0,0,0,0,0,0
2,1,560093,0,0,0,0,0,0,0,0,0,0
1,1,560094,0,0,0,0,0,0,0,0,0,0
1,1,560095,22,22,22,22,22,22,22,22,22,22
1,1,560096,0,0,0,0,0,0,0,0,0,0
1,1,560097,5,5,5,5,5,5,5,5,5,5
2,1,560097,0,0,0,0,0,0,0,0,0,0
3,1,560097,0,0,0,0,0,0,0,0,0,0
1,1,560098,21,21,21,21,21,21,21,21,21,21
1,1,560099,13,13,13,13,13,13,13,13,13,13
1,1,560100,0,0,0,0,13,0,0,23,13,0
2,1,560100,0,0,0,0,0,0,0,0,0,0
2,1,560101,0,0,0,0,0,0,0,0,0,0
1,1,560102,30,30,30,30,30,30,30,30,30,30
2,1,560102,0,0,0,0,0,0,0,0,0,0
1,1,560103,0,0,0,0,0,0,0,0,0,0
1,1,560104,0,0,0,0,0,0,0,0,0,0
1,1,560105,0,0,0,0,0,0,0,0,0,0
1,1,560106,13,0,0,0,0,0,8,0,0,0
1,1,560107,0,0,0,0,0,0,0,0,0,0
2,1,560107,0,0,0,0,0,0,0,0,0,0
1,1,560108,0,0,0,0,0,0,0,0,0,0
2,1,560108,0,0,0,0,0,0,0,0,0,0
1,1,560109,0,0,0,0,0,0,0,0,0,0
1,1,560110,0,0,0,0,0,0,0,0,0,0
1,1,560111,0,0,0,0,0,0,0,0,0,0
1,1,560112,0,0,0,0,0,0,0,0,0,0
1,1,560113,0,0,12,0,0,0,0,0,0,6
1,1,560114,21,21,21,21,21,21,21,21,21,21
2,1,560114,0,0,0,0,0,0,0,0,0,15
1,1,560115,19,19,19,19,19,19,19,19,19,19
1,1,560116,0,0,0,0,18,0,0,0,0,0