VEH_NO,PER_NO,ST_CASE,P1,P2,P3,P4,P5,P6,P7,P8,P9,P10
1,1,61129,0,0,0,0,0,0,0,0,0,0
1,1,61130,18,18,18,18,18,18,18,18,18,18
1,1,61131,30,30,30,30,30,30,30,30,30,30
0,1,61132,20,20,20,20,20,20,20,20,20,20
1,1,61132,0,0,15,0,0,9,0,9,9,5
1,1,61133,0,0,0,0,0,0,0,0,0,0
1,1,61134,20,16,0,0,0,0,0,0,0,0
2,1,61134,0,0,0,0,0,0,0,0,0,0
1,1,61135,0,0,0,0,0,0,0,0,0,0
2,1,61135,0,0,0,0,0,0,0,0,0,0
3,1,61135,0,0,0,0,0,0,0,0,0,0
1,1,61136,0,0,0,0,0,0,0,0,0,0
2,1,61136,0,0,0,0,0,0,0,0,0,0
0,1,61137,14,14,14,14,14,14,14,14,14,14
1,1,61137,0,0,0,0,0,0,0,0,0,0
1,1,61138,21,21,21,21,21,21,21,21,21,21
1,1,61139,22,22,22,22,22,22,22,22,22,22
0,1,61140,0,0,0,0,0,0,0,0,0,0
1,1,61140,10,10,10,10,10,10,10,10,10,10
0,1,61141,0,0,0,0,0,0,0,0,0,0
1,1,61141,0,0,0,0,0,0,0,0,0,0
0,1,61142,0,0,0,0,0,0,0,0,0,0
1,1,61142,0,0,0,0,0,0,0,0,0,0
1,1,61143,0,0,0,0,0,0,0,0,0,0
2,1,61143,0,0,0,0,0,0,0,0,0,0
1,1,61144,0,0,0,0,0,0,0,0,0,0
2,1,61144,0,0,0,0,0,0,0,0,0,0
1,1,61145,24,24,24,24,24,24,24,24,24,24
1,1,61146,18,18,18,18,18,18,18,18,18,18
1,1,61147,8,8,8,8,8,8,8,8,8,8
0,1,61148,0,0,0,0,0,0,0,0,0,0
0,2,61148,0,0,0,0,0,0,0,0,0,0
1,1,61148,10,13,21,25,4,13,28,17,7,23
1,1,61149,0,0,0,0,0,0,0,0,0,0
1,1,61150,18,0,11,17,21,14,12,13,8,10
1,1,61151,0,0,0,0,0,0,0,0,0,0
0,1,61152,0,0,0,0,0,0,0,0,0,0
1,1,61152,0,0,0,0,0,0,0,0,0,0
0,1,61153,0,0,0,0,0,0,0,0,0,0
1,1,61153,0,0,0,0,0,0,0,0,0,0
1,1,61154,0,0,0,0,0,0,0,0,0,0
0,1,61155,0,0,0,0,0,0,0,0,0,0
1,1,61155,18,18,7,9,19,10,18,29,9,19
1,1,61156,0,0,0,0,0,0,0,0,0,0
2,1,61156,0,0,0,0,0,0,0,0,0,0
1,1,61157,11,11,11,11,11,11,11,11,11,11
1,1,61158,0,0,0,0,0,0,0,0,0,0
1,1,61159,0,0,0,0,0,0,0,0,0,0
1,1,61160,0,0,0,0,0,0,0,0,0,0
2,1,61160,0,0,0,0,0,0,0,0,0,0
1,1,61161,18,18,18,18,18,18,18,18,18,18
2,1,61161,0,0,0,0,0,0,0,0,0,0
1,1,61162,0,0,0,0,0,0,0,0,0,0
2,1,61162,0,0,0,0,0,0,0,0,0,0
1,1,61163,16,16,16,16,16,16,16,16,16,16
2,1,61163,0,0,0,0,0,0,0,0,0,0
1,1,61164,0,0,0,0,0,0,0,0,0,0
1,1,61165,19,19,19,19,19,19,19,19,19,19
2,1,61165,0,0,0,0,0,0,0,0,0,0
1,1,61166,0,0,0,0,0,0,0,0,0,0
2,1,61166,0,0,0,0,0,0,0,0,0,0
1,1,61167,2,2,2,2,2,2,2,2,2,2
2,1,61167,0,0,0,0,0,0,0,0,0,0
1,1,61168,9,9,9,9,9,9,9,9,9,9
1,1,61169,0,0,0,0,0,0,0,0,0,0
2,1,61169,0,0,0,0,0,0,0,0,0,0
1,1,61170,22,22,22,22,22,22,22,22,22,22
1,1,61171,0,0,0,0,0,0,0,0,0,0
2,1,61171,0,0,0,0,0,0,0,0,0,0
0,1,61172,0,0,0,0,0,0,0,0,0,0
0,2,61172,0,0,0,11,0,0,0,0,0,0
1,1,61172,0,0,0,0,0,0,0,0,0,0
0,1,61173,0,0,0,0,0,0,0,0,0,0
1,1,61173,0,0,0,0,0,0,0,0,0,0
2,1,61173,0,0,0,0,0,0,0,0,0,0
1,1,61174,0,0,0,0,0,0,0,0,0,0
1,1,61175,16,16,16,16,16,16,16,16,16,16
1,1,61176,0,0,0,0,0,0,0,0,0,0
1,1,61177,23,23,23,23,23,23,23,23,23,23
1,1,61178,11,11,11,11,11,11,11,11,11,11
1,1,61179,0,0,0,0,0,0,0,0,0,0
2,1,61179,0,0,0,0,0,0,0,0,0,0
1,1,61180,36,36,36,36,36,36,36,36,36,36
2,1,61180,0,0,0,0,0,0,0,0,0,0
3,1,61180,0,0,0,0,0,7,0,0,0,0
1,1,61181,24,24,24,24,24,24,24,24,24,24
0,1,61182,0,0,0,0,0,0,0,0,0,0
1,1,61182,0,0,0,0,0,0,0,0,0,0
1,1,61183,0,0,0,0,0,0,0,0,0,0
1,1,61184,0,0,0,0,0,0,0,0,0,0
2,1,61184,24,0,0,0,0,0,0,0,0,0
1,1,61185,31,31,31,31,31,31,31,31,31,31
2,1,61185,15,15,15,15,15,15,15,15,15,15
0,1,61186,0,0,0,0,0,0,0,0,0,0
0,2,61186,0,0,0,0,0,0,0,0,0,0
0,3,61186,0,3,0,0,0,0,0,4,0,0
0,4,61186,0,0,0,0,0,0,0,0,0,0
1,1,61186,17,17,17,17,17,17,17,17,17,17
2,1,61186,0,0,0,0,0,0,0,0,0,0
1,1,61187,0,0,0,0,0,0,0,0,0,0
1,1,61188,0,0,0,0,0,0,0,0,0,0
1,1,61189,27,27,27,27,27,27,27,27,27,27
2,1,61189,27,27,27,27,27,27,27,27,27,27
1,1,61190,19,19,19,19,19,19,19,19,19,19
2,1,61190,0,0,0,0,0,0,0,0,0,0
1,1,61191,3,3,3,3,3,3,3,3,3,3
1,1,61192,0,0,0,0,0,0,0,0,0,0
2,1,61192,14,14,14,14,14,14,14,14,14,14
1,1,61193,18,18,18,18,18,18,18,18,18,18
1,1,61194,11,11,11,11,11,11,11,11,11,11
1,1,61195,0,0,0,0,0,0,0,0,0,0
2,1,61195,0,0,0,0,0,0,0,0,0,0
3,1,61195,0,0,0,0,0,0,0,0,0,0
4,1,61195,0,0,0,0,0,0,0,0,0,0
1,1,61196,0,0,0,0,0,0,0,0,0,0
2,1,61196,0,0,0,0,0,0,0,0,0,0
1,1,61197,0,0,0,0,0,0,0,0,0,0
1,1,61198,0,0,0,0,0,0,0,0,0,0
1,1,61199,0,0,0,0,0,0,0,0,0,0
2,1,61199,0,0,0,0,0,0,0,0,0,0
3,1,61199,0,0,0,0,0,0,0,0,0,0
1,1,61200,19,19,19,19,19,19,19,19,19,19
2,1,61200,0,0,0,0,0,0,0,0,0,0
1,1,61201,25,25,25,25,25,25,25,25,25,25
1,1,61202,0,0,0,0,0,0,0,0,0,0
1,1,61203,0,0,0,0,0,0,0,0,0,0
2,1,61203,0,0,0,0,0,0,0,0,0,0
1,1,61204,14,14,14,14,14,14,14,14,14,14
1,1,61205,0,0,0,0,0,0,0,0,0,0
2,1,61205,0,0,0,0,0,0,0,0,0,0
0,1,61206,0,0,0,0,0,0,0,0,0,0
1,1,61206,0,0,33,0,0,10,0,0,0,0
1,1,61207,0,0,0,0,0,0,0,0,0,0
1,1,61208,0,0,0,0,0,0,0,0,0,0
2,1,61208,0,0,0,0,0,0,0,3,0,0
1,1,61209,0,0,0,0,0,0,0,0,0,0
2,1,61209,0,0,0,0,0,0,0,0,0,0
3,1,61209,7,0,0,0,0,0,0,0,0,0
1,1,61210,0,0,0,0,0,0,0,0,0,0
2,1,61210,0,0,0,0,0,0,0,0,0,0
3,1,61210,0,0,0,0,0,0,0,0,0,0
0,1,61211,0,0,0,0,0,0,0,0,0,0
1,1,61211,0,0,0,0,0,0,0,0,0,0
1,1,61212,0,0,0,0,0,0,0,0,0,0
1,1,61213,26,26,26,26,26,26,26,26,26,26
2,1,61213,0,0,0,0,0,0,0,0,0,0
3,1,61213,6,0,0,0,0,0,0,6,0,0
1,1,61214,0,0,0,0,0,0,0,0,0,0
1,1,61215,0,0,0,0,0,0,0,0,0,0
2,1,61215,0,0,0,0,0,0,0,0,0,0
3,1,61215,0,0,0,0,0,0,0,0,0,0
1,1,61216,0,0,0,0,0,0,0,0,0,0
1,1,61217,0,0,0,0,8,0,0,0,0,0
2,1,61217,0,0,0,0,0,0,0,0,0,0
1,1,61218,0,0,0,0,0,0,0,0,0,0
1,1,61219,0,0,0,0,0,0,0,0,0,0
0,1,61220,0,0,0,0,0,0,0,0,0,0
1,1,61220,0,0,0,0,13,14,0,0,0,3
0,1,61221,0,0,0,0,0,0,0,0,0,0
1,1,61221,0,0,0,0,0,0,0,0,0,0
1,1,61222,0,0,0,0,0,0,0,11,0,0
1,1,61223,30,30,30,30,30,30,30,30,30,30
0,1,61224,25,25,25,25,25,25,25,25,25,25
1,1,61224,0,1,0,0,0,0,0,7,0,0
1,1,61225,10,10,15,16,16,4,10,9,15,15
1,1,61226,0,0,0,0,0,0,0,0,0,0
2,1,61226,0,0,0,0,0,0,0,0,0,0
1,1,61227,0,0,0,0,0,0,0,0,0,0
1,1,61228,19,19,19,19,19,19,19,19,19,19
1,1,61229,0,0,0,0,0,0,0,0,0,0
1,1,61230,9,9,9,9,9,9,9,9,9,9
1,1,61231,0,0,0,0,0,0,0,0,0,0
2,1,61231,0,0,0,0,0,0,0,0,0,0
1,1,61232,0,0,0,0,0,0,0,0,0,0
1,1,61233,30,30,30,30,30,30,30,30,30,30
1,1,61234,20,20,20,20,20,20,20,20,20,20
1,1,61235,0,0,0,0,0,0,0,0,0,0
2,1,61235,0,0,0,0,0,0,0,0,0,0
1,1,61236,0,0,0,0,0,0,0,0,0,0
2,1,61236,0,0,0,0,0,0,0,0,0,0
1,1,61237,22,22,22,22,22,22,22,22,22,22
0,1,61238,17,17,17,17,17,17,17,17,17,17
1,1,61238,0,0,0,8,0,5,7,15,0,0
1,1,61239,0,0,0,0,0,0,0,0,0,0
2,1,61239,0,0,0,0,0,0,0,0,0,0
1,1,61240,0,0,0,0,0,0,0,0,0,0
2,1,61240,0,0,0,0,0,0,0,0,0,0
1,1,61241,0,0,0,0,0,0,0,0,0,0
2,1,61241,0,0,0,0,0,0,0,0,0,0
0,1,61242,0,0,0,0,0,0,0,0,0,0
1,1,61242,0,0,0,0,0,0,0,0,0,0
1,1,61243,0,0,0,0,0,0,0,0,0,0
2,1,61243,0,0,0,0,0,0,0,0,0,0
1,1,61244,0,0,0,0,0,0,0,0,0,0
2,1,61244,0,0,0,0,0,0,0,0,0,0
1,1,61245,0,0,0,0,0,0,0,0,0,0
1,1,61246,0,0,0,0,0,0,0,0,0,0
0,1,61247,17,17,17,17,17,17,17,17,17,17
1,1,61247,0,0,0,0,0,0,0,0,0,0
1,1,61248,6,6,6,6,6,6,6,6,6,6
0,1,61249,23,0,15,24,16,25,0,12,20,26
1,1,61249,0,0,0,0,0,0,0,0,0,0
1,1,61250,0,0,0,0,0,0,0,0,0,0
2,1,61250,0,0,0,0,0,0,0,0,0,0
1,1,61251,0,0,0,0,0,0,0,0,0,0
2,1,61251,0,0,0,0,0,0,0,0,0,0
0,1,61252,0,0,0,0,0,0,0,0,0,0
1,1,61252,0,0,0,0,0,0,0,0,0,0
1,1,61253,0,0,0,0,0,0,0,0,0,0
0,1,61254,0,0,0,0,0,0,0,0,0,0
1,1,61254,0,0,0,0,0,0,0,0,0,0
0,1,61255,9,16,11,7,15,11,0,0,0,20
1,1,61255,24,24,24,24,24,24,24,24,24,24
1,1,61256,0,0,0,0,0,0,0,0,0,0
2,1,61256,0,0,0,11,0,0,0,0,0,0
0,1,61257,0,0,0,0,0,0,0,0,0,0
1,1,61257,0,0,0,0,0,0,0,0,0,0
1,1,61258,0,0,0,0,0,0,0,0,0,0
2,1,61258,0,0,0,0,0,0,0,0,0,0
1,1,61259,4,4,4,4,4,4,4,4,4,4
2,1,61259,0,0,0,0,0,0,0,0,0,0
3,1,61259,0,0,0,0,0,0,0,0,0,0
1,1,61260,0,0,0,0,0,0,0,0,0,0
1,1,61261,0,0,0,0,0,0,0,0,0,0
2,1,61261,0,0,0,0,0,0,0,0,0,0
1,1,61262,5,5,5,5,5,5,5,5,5,5
2,1,61262,0,0,0,0,0,0,0,0,0,0
3,1,61262,0,0,0,0,0,0,0,0,0,0
1,1,61263,0,0,0,0,0,0,0,0,0,0
2,1,61263,0,0,0,0,0,0,0,7,0,0
1,1,61264,0,0,0,0,0,0,0,0,0,0
0,1,61265,0,0,0,0,0,0,0,0,0,0
1,1,61265,0,0,0,0,0,0,0,0,0,0
1,1,61266,17,17,17,17,17,17,17,17,17,17
1,1,61267,13,13,13,13,13,13,13,13,13,13
0,1,61268,0,0,15,20,0,0,0,0,0,26
1,1,61268,0,0,0,0,0,0,0,0,0,0
1,1,61269,0,0,0,0,0,0,0,0,0,0
2,1,61269,0,0,0,0,0,0,0,0,0,0
1,1,61270,16,16,16,16,16,16,16,16,16,16
1,1,61271,0,0,0,0,0,0,0,0,0,16
2,1,61271,0,0,0,0,0,0,0,0,0,0
3,1,61271,0,0,0,11,0,0,0,0,30,15
4,1,61271,0,0,0,0,0,0,0,0,0,0
1,1,61272,0,0,0,0,0,0,0,0,0,0
2,1,61272,0,0,0,0,0,0,0,0,0,0
0,1,61273,0,0,0,0,0,0,0,0,0,0
1,1,61273,0,0,0,0,0,0,0,0,0,0
1,1,61274,0,0,0,0,0,0,0,8,9,0
1,1,61275,26,26,26,26,26,26,26,26,26,26
1,1,61276,0,0,0,0,0,0,0,0,0,0
1,1,61277,0,0,0,0,0,0,0,0,0,0
2,1,61277,0,0,0,0,0,0,0,0,0,0
3,1,61277,10,0,0,0,0,0,0,0,0,0
0,1,61278,0,0,0,0,0,0,0,0,0,0
0,2,61278,0,0,0,0,0,0,0,0,0,0
0,3,61278,0,0,0,0,0,19,25,0,0,0
0,4,61278,14,0,0,0,15,0,0,5,14,0
1,1,61278,4,4,4,4,4,4,4,4,4,4
0,1,61279,34,34,34,34,34,34,34,34,34,34
1,1,61279,0,0,0,0,0,0,0,0,0,0
1,1,61280,0,0,0,0,0,0,0,0,0,0
2,1,61280,6,6,6,6,6,6,6,6,6,6
1,1,61281,22,22,22,22,22,22,22,22,22,22
1,1,61282,16,16,16,16,16,16,16,16,16,16
2,1,61282,0,0,0,0,0,0,0,0,0,0
1,1,61283,18,18,18,18,18,18,18,18,18,18
2,1,61283,0,0,0,0,0,0,0,0,0,0
3,1,61283,12,19,0,0,0,0,0,0,0,0
1,1,61284,0,0,0,0,0,0,0,0,0,0
2,1,61284,0,0,0,0,0,0,0,0,0,0
3,1,61284,0,0,0,0,0,0,0,0,0,0
0,1,61285,0,0,0,0,24,0,0,0,0,0
1,1,61285,0,0,0,6,0,0,0,0,0,0
0,1,61286,0,14,0,0,9,0,13,0,32,13
1,1,61286,0,0,0,0,0,0,0,0,0,0
1,1,61287,22,22,22,22,22,22,22,22,22,22
1,1,61288,0,0,0,0,0,0,0,0,0,0
0,1,61289,2,2,2,2,2,2,2,2,2,2
1,1,61289,0,0,0,0,0,0,0,0,0,0
1,1,61290,0,0,0,0,0,0,0,0,0,0
1,1,61291,0,0,0,0,0,0,0,11,0,0
2,1,61291,0,0,0,0,6,0,0,0,0,8
1,1,61292,0,0,0,0,0,0,0,0,0,19
1,1,61293,0,0,0,0,0,0,0,0,0,0
1,1,61294,7,7,7,7,7,7,7,7,7,7
1,1,61295,0,0,0,0,0,0,0,0,0,0
1,1,61296,0,0,0,0,0,0,0,0,0,0
1,1,61297,0,0,0,0,0,0,0,0,0,0
1,1,61298,0,0,0,0,0,0,0,0,0,0
1,1,61299,0,0,0,0,0,0,0,0,0,0
1,1,61300,0,0,0,0,0,0,0,0,0,0
2,1,61300,0,0,0,0,0,7,0,0,0,0
0,1,61301,0,0,0,0,0,0,0,0,0,0
1,1,61301,0,0,0,0,0,0,0,0,0,0
1,1,61302,13,13,13,13,13,13,13,13,13,13
1,1,61303,0,0,0,0,0,0,0,0,0,0
1,1,61304,16,16,16,16,16,16,16,16,16,16
2,1,61304,0,0,0,0,0,0,0,0,0,0
3,1,61304,0,0,0,0,0,0,0,0,0,0
1,1,61305,0,0,0,0,0,0,0,0,0,0
0,1,61306,6,6,6,6,6,6,6,6,6,6
1,1,61306,0,0,0,0,0,0,0,0,0,0
1,1,61307,0,0,0,0,0,0,0,0,0,0
1,1,61308,12,12,12,12,12,12,12,12,12,12
2,1,61308,7,0,9,0,12,0,0,0,16,0
1,1,61309,23,23,23,23,23,23,23,23,23,23
1,1,61310,0,0,0,0,0,0,0,0,0,0
1,1,61311,0,0,15,0,8,11,6,18,0,7
2,1,61311,0,0,0,0,0,0,16,0,0,0
3,1,61311,0,0,0,0,0,0,0,0,0,0
4,1,61311,0,0,0,0,0,0,0,0,0,0
1,1,61312,0,0,0,0,13,0,0,0,8,0
2,1,61312,0,0,0,0,0,0,0,0,0,0
1,1,61313,0,0,0,0,0,0,0,0,0,0
2,1,61313,0,0,0,0,0,0,0,0,0,0
1,1,61314,0,0,0,0,0,0,0,0,0,0
2,1,61314,0,0,0,0,0,0,0,0,0,0
0,1,61315,0,0,0,0,0,0,0,0,0,0
1,1,61315,7,0,7,15,6,0,0,13,3,0
1,1,61316,25,25,25,25,25,25,25,25,25,25
2,1,61316,0,0,0,0,0,0,0,0,0,0
1,1,61317,0,0,0,0,0,0,0,0,0,0
2,1,61317,0,2,0,0,0,0,0,0,0,0
1,1,61318,0,0,0,0,0,0,0,0,0,0
2,1,61318,0,0,0,0,0,0,0,0,0,0
0,1,61319,5,5,5,5,5,5,5,5,5,5
1,1,61319,0,0,0,0,0,0,0,0,0,0
1,1,61320,0,0,0,0,0,0,0,0,0,0
1,1,61321,0,0,0,0,0,0,0,0,0,0
1,1,61322,0,0,0,0,0,0,0,0,0,0
2,1,61322,20,0,0,0,0,21,0,0,0,0
1,1,61323,16,16,16,16,16,16,16,16,16,16
1,1,61324,25,25,25,25,25,25,25,25,25,25
1,1,61325,24,24,24,24,24,24,24,24,24,24
2,1,61325,0,0,0,0,0,0,0,0,0,0
1,1,61327,0,0,0,0,0,0,0,0,0,0
2,1,61327,0,0,0,0,0,0,0,0,0,0
0,1,61328,18,0,19,27,0,19,0,0,0,30
1,1,61328,17,17,17,17,17,17,17,17,17,17
1,1,61329,19,19,19,19,19,19,19,19,19,19
1,1,61330,29,29,29,29,29,29,29,29,29,29
1,1,61331,17,17,17,17,17,17,17,17,17,17
1,1,61332,38,38,38,38,38,38,38,38,38,38
0,1,61333,21,21,21,21,21,21,21,21,21,21
1,1,61333,0,0,0,0,0,0,0,0,0,0
1,1,61334,0,0,0,0,0,0,0,0,0,0
2,1,61334,0,0,0,0,0,0,0,0,0,0
1,1,61335,23,23,23,23,23,23,23,23,23,23
2,1,61335,0,0,0,0,0,0,0,0,0,0
1,1,61336,0,0,0,0,0,0,0,0,0,0
2,1,61336,0,0,0,0,0,0,0,0,0,0
1,1,61337,0,0,0,0,0,0,0,0,0,0
2,1,61337,2,2,2,2,2,2,2,2,2,2
1,1,61338,0,0,0,0,0,0,0,0,0,0
0,1,61339,21,21,21,21,21,21,21,21,21,21
1,1,61339,0,0,0,0,0,0,0,0,0,0
1,1,61340,0,0,0,0,0,0,0,0,0,0
1,1,61341,0,0,0,0,0,0,0,0,0,0
0,1,61343,35,0,0,0,0,0,0,23,0,0
1,1,61343,0,0,0,0,0,0,0,0,0,0
1,1,61344,0,0,0,0,0,0,0,0,0,0
1,1,61345,0,0,0,0,0,0,0,0,0,0
2,1,61345,0,0,0,0,0,0,0,0,0,0
0,1,61346,0,0,0,0,0,0,0,0,0,0
0,2,61346,0,0,14,0,0,0,0,0,0,0
1,1,61346,24,24,24,24,24,24,24,24,24,24
1,1,61347,16,16,16,16,16,16,16,16,16,16
1,1,61348,0,0,0,0,0,0,0,0,0,0
2,1,61348,0,0,0,0,0,0,0,0,0,0
1,1,61349,0,0,0,0,0,0,0,0,0,0
2,1,61349,0,0,0,0,0,0,0,0,0,0
1,1,61350,14,14,14,14,14,14,14,14,14,14
1,1,61351,0,0,0,0,0,0,0,2,0,0
2,1,61351,0,0,0,0,0,0,0,0,0,4
3,1,61351,0,0,0,0,0,0,0,0,0,0
4,1,61351,0,0,0,0,0,0,0,0,0,0
0,1,61352,33,33,33,33,33,33,33,33,33,33
1,1,61352,0,0,0,0,0,0,0,0,0,0
1,1,61353,19,19,19,19,19,19,19,19,19,19
2,1,61353,0,0,0,0,0,0,0,0,0,0
1,1,61354,11,11,11,11,11,11,11,11,11,11
1,1,61355,19,19,19,19,19,19,19,19,19,19
1,1,61356,0,0,0,0,0,0,0,0,0,0
0,1,61357,22,22,22,22,22,22,22,22,22,22
1,1,61357,0,0,0,0,0,0,0,0,0,0
1,1,61358,51,51,51,51,51,51,51,51,51,51
1,1,61359,24,24,24,24,24,24,24,24,24,24
2,1,61359,0,0,0,0,0,0,0,0,0,0
0,1,61360,18,0,0,0,0,0,0,0,0,0
1,1,61360,0,0,0,0,0,0,0,0,0,0
1,1,61361,0,0,0,0,0,0,0,0,0,0
2,1,61361,0,0,0,0,0,0,0,0,0,0
1,1,61362,0,0,0,0,0,0,0,0,0,0
2,1,61362,0,0,0,0,0,0,0,0,0,0
1,1,61363,0,0,0,0,0,0,0,0,0,21
2,1,61363,0,0,0,0,0,0,0,0,0,0
1,1,61364,0,0,7,0,0,0,0,0,0,0
1,1,61365,0,0,0,0,0,0,0,0,0,0
1,1,61366,0,0,0,0,0,0,0,0,0,0
1,1,61367,0,0,0,0,0,0,0,0,0,0
1,1,61368,0,0,0,0,0,0,0,0,0,0
2,1,61368,0,13,0,0,14,0,0,0,0,0
1,1,61369,0,0,0,0,0,0,0,0,0,0
1,1,61370,0,0,0,0,0,0,0,0,0,0
2,1,61370,0,0,0,0,0,0,0,0,0,0
1,1,61371,0,0,0,0,0,0,0,0,0,0
2,1,61371,0,13,0,12,0,0,0,0,0,0
1,1,61372,0,0,0,0,0,0,0,0,0,0
2,1,61372,0,0,0,0,0,0,0,0,0,0
1,1,61373,0,0,0,0,0,0,0,0,0,0
1,1,61374,0,0,0,0,0,0,0,0,0,0
1,1,61375,0,0,0,0,0,0,0,0,0,0
2,1,61375,0,0,0,3,0,0,0,0,0,0
1,1,61376,36,36,36,36,36,36,36,36,36,36
2,1,61376,0,0,0,0,0,0,0,0,0,0
1,1,61377,0,0,0,0,0,0,0,0,0,0
2,1,61377,0,0,0,0,0,0,0,0,0,0
3,1,61377,0,0,0,0,0,0,0,0,0,0
4,1,61377,0,0,0,0,0,0,0,0,0,6
1,1,61378,0,0,0,0,0,0,0,0,0,0
1,1,61379,0,0,0,0,0,0,0,0,0,0
1,1,61380,19,19,19,19,19,19,19,19,19,19
1,1,61381,21,21,21,21,21,21,21,21,21,21
2,1,61381,0,0,0,0,0,0,0,0,0,0
3,1,61381,0,0,0,0,0,0,0,0,0,0
0,1,61382,0,0,0,0,0,0,0,0,0,0
1,1,61382,0,0,0,0,0,0,0,0,0,0
1,1,61383,22,22,22,22,22,22,22,22,22,22
1,1,61384,0,0,0,0,0,0,0,0,0,0
2,1,61384,2,2,2,2,2,2,2,2,2,2
0,1,61385,19,19,19,19,19,19,19,19,19,19
1,1,61385,0,4,0,0,0,0,0,0,6,0
0,1,61386,29,29,29,29,29,29,29,29,29,29
1,1,61386,0,9,0,0,0,0,0,0,8,6
0,1,61387,0,0,0,0,0,0,0,0,0,0
1,1,61387,0,0,0,18,0,0,0,9,25,0
1,1,61388,0,0,0,0,0,0,0,0,0,0
1,1,61389,0,0,0,0,0,0,0,0,0,0
0,1,61390,0,0,0,0,12,0,18,0,0,0
0,2,61390,0,11,27,0,0,9,26,14,12,24
3,1,61390,0,0,0,0,0,0,0,0,0,0
4,1,61390,0,0,0,0,0,0,0,0,0,0
5,1,61390,0,0,0,0,0,0,0,0,0,0
6,1,61390,0,0,0,0,0,0,0,0,0,0
7,1,61390,0,0,0,0,0,0,0,0,0,0
1,1,61391,0,0,0,0,0,0,0,0,0,0
1,1,61392,0,0,0,0,0,0,0,0,0,0
2,1,61392,0,0,0,0,0,0,0,0,0,0
1,1,61393,18,18,18,18,18,18,18,18,18,18
0,1,61394,23,23,23,23,23,23,23,23,23,23
1,1,61394,0,0,0,0,0,0,0,5,0,0
1,1,61395,42,42,42,42,42,42,42,42,42,42
1,1,61396,0,0,0,0,0,0,0,0,0,0
2,1,61396,0,0,0,0,0,0,0,0,0,0
1,1,61397,20,20,20,20,20,20,20,20,20,20
1,1,61398,0,0,0,0,0,0,0,0,13,0
2,1,61398,0,0,0,0,0,0,0,0,0,0
1,1,61399,0,0,0,0,0,0,0,0,0,0
2,1,61399,0,0,0,0,0,0,0,0,0,0
1,1,61400,0,0,0,0,0,0,0,0,0,0
0,1,61401,0,0,0,0,0,0,0,0,0,0
1,1,61401,0,0,0,0,0,0,0,0,0,0
1,1,61402,0,0,0,0,0,0,0,0,0,0
2,1,61402,0,0,0,0,0,0,0,0,0,0
1,1,61403,0,0,0,0,0,0,0,0,0,0
1,1,61404,0,0,0,0,0,0,0,0,0,0
2,1,61404,0,0,0,0,0,0,0,0,0,0
3,1,61404,0,0,6,0,0,0,0,0,0,0
0,1,61405,0,0,0,0,0,0,0,0,0,0
1,1,61405,0,0,0,0,0,0,0,0,0,0
1,1,61406,0,0,0,0,0,0,0,0,0,0
2,1,61406,0,0,0,4,0,0,0,0,0,0
3,1,61406,0,0,0,0,0,7,14,0,0,6
1,1,61407,17,17,17,17,17,17,17,17,17,17
1,1,61408,0,0,0,0,5,0,0,0,0,0
2,1,61408,0,0,0,0,0,0,0,0,0,2
3,1,61408,0,0,0,0,0,0,0,0,0,0
4,1,61408,0,0,0,11,0,0,0,0,0,12
5,1,61408,13,0,9,0,0,0,0,0,0,0
0,1,61409,0,0,10,0,0,0,12,0,0,0
1,1,61409,0,0,0,0,0,0,0,0,0,0
1,1,61410,15,15,15,15,15,15,15,15,15,15
1,1,61411,0,0,0,0,0,0,0,0,0,0
1,1,61412,0,0,0,0,0,0,0,0,0,0
1,1,61413,23,23,23,23,23,23,23,23,23,23
0,1,61414,0,0,0,0,0,0,0,0,0,0
1,1,61414,0,0,15,0,3,0,0,0,0,0
1,1,61415,0,0,0,0,0,0,0,0,0,0
2,1,61415,2,2,2,2,2,2,2,2,2,2
1,1,61416,0,0,0,0,0,0,0,0,0,0
1,1,61417,0,0,0,0,0,0,0,0,0,0
2,1,61417,0,0,0,0,0,0,0,0,0,0
0,1,61418,0,0,0,0,0,0,0,0,0,0
0,2,61418,0,0,0,0,0,0,0,0,0,0
0,3,61418,0,0,0,0,0,0,0,0,0,0
1,1,61418,18,0,0,4,15,7,4,8,0,2